jurisdiction,effect,std_err,tvalue,pvalue,n_obs,dataset,outcome,level,ci_lower,ci_upper,pvalue_fdr
DE,15671777.367858233,9756714.408446366,1.6062556216969117,0.10821775673839612,1683,full,fine_eur,Country,-3451382.8726966437,34794937.60841311,0.12415311871965444
ES,-4818763.657425409,3239410.7647266416,-1.4875432624649074,0.1368713858718998,1683,full,fine_eur,Country,-11168008.756289627,1530481.441438808,0.154312879967887
FI,-11300660.165439738,3421036.27372862,-3.303285689257846,0.0009555897994715391,1683,full,fine_eur,Country,-18005891.261947833,-4595429.068931643,0.0011792384759436014
FR,-4409234.062142083,2939677.382696755,-1.4999040670569126,0.1336392543339823,1683,full,fine_eur,Country,-10171001.732227724,1352533.6079435563,0.1513225396146177
GB,-14908755.837621668,833264.1736057509,-17.89199189148815,1.3615317147556353e-71,1683,full,fine_eur,Country,-16541953.61788894,-13275558.057354396,1.813060089547045e-71
GR,-12630726.175633932,13642448.076186357,-0.9258401501766796,0.35452905820819103,1683,full,fine_eur,Country,-39369924.404959194,14108472.05369133,0.3664636997716351
HU,9560213.644009847,2029442.9770786476,4.710757460045333,2.467978048906303e-06,1683,full,fine_eur,Country,5582505.408935698,13537921.879083997,3.188823122596758e-06
IE,144788674.2118551,121149106.74943684,1.1951278725588141,0.23203707355362713,1683,full,fine_eur,Country,-92663575.01704109,382240923.4407513,0.2574618986466898
IS,6526818.610119609,2856327.2334633246,2.285038819661352,0.02231055162554385,1683,full,fine_eur,Country,928417.2325314926,12125219.987707727,0.026348660517045
IT,-16507470.574014312,580051.8230983763,-28.458613380161136,3.812692477935462e-178,1683,full,fine_eur,Country,-17644372.14728713,-15370569.000741495,5.129447096603895e-178
LT,-4443596.184641859,5155261.743923439,-0.8619535545172992,0.3887130767396614,1683,full,fine_eur,Country,-14547909.202731797,5660716.83344808,0.3994256418466599
LU,-27721404.96776563,819487.0186541624,-33.82775362725366,7.709518191108574e-251,1683,full,fine_eur,Country,-29327599.52432779,-26115210.41120347,1.0425825118545792e-250
LV,-15242683.257225404,17406161.846975796,-0.8757061660824278,0.3811897923952604,1683,full,fine_eur,Country,-49358760.47729796,18873393.96284716,0.3924675969039959
MT,5294658.186541358,1148324.1315716216,4.610769765236034,4.011806620296591e-06,1683,full,fine_eur,Country,3043942.8886609795,7545373.484421737,5.145363773451648e-06
NL,-4236780.189381225,2079828.0999164556,-2.0370819057360614,0.04164183482294136,1683,full,fine_eur,Country,-8313243.265217477,-160317.11354497215,0.048628719860347634
NO,-21925217.980892643,8918533.89993122,-2.458388141694649,0.013956224576309805,1683,full,fine_eur,Country,-39405544.42475784,-4444891.537027452,0.01670905786429752
PL,-4600243.386587696,3387702.767268104,-1.357924145835676,0.1744877547465311,1683,full,fine_eur,Country,-11240140.81043318,2039654.0372577878,0.1946209572172847
PT,-6967545.363093236,743183.2478592511,-9.375272361377009,6.899739863672861e-21,1683,full,fine_eur,Country,-8424184.52889737,-5510906.197289105,9.118137237562618e-21
RO,610354.2838259898,2600795.655541552,0.23467983058395966,0.814457243455591,1683,full,fine_eur,Country,-4487205.201035452,5707913.768687432,0.8175897713150356
SE,-15416323.990675075,11040467.539948754,-1.3963470237915878,0.16261001973721068,1683,full,fine_eur,Country,-37055640.36897463,6222992.387624482,0.18176109272553312
SI,-8024735.874395,3209877.376682368,-2.500013219411242,0.012418867231584797,1683,full,fine_eur,Country,-14316095.53269244,-1733376.2160975588,0.014936978559648073
A.N.S.P.D.C.P,-9963898.269234043,3.77738388596793e-07,-26377775121685.46,0.0,1647,full,fine_eur,DPA,-9963898.269234782,-9963898.269233303,0.0
A.N.S.P.D.C.P.,4121396.077855671,7.075887021305328e-08,58245645605225.82,0.0,1647,full,fine_eur,DPA,4121396.077855532,4121396.0778558096,0.0
ANSPDCP,11305930.514991127,1.7791138958316333e-07,63548098530849.01,0.0,1647,full,fine_eur,DPA,11305930.514990779,11305930.514991475,0.0
Agencia Española de Protección de Datos,10548783.385647245,1.575163027874155e-08,669694704546482.1,0.0,1647,full,fine_eur,DPA,10548783.385647213,10548783.385647276,0.0
Autoritatea Națională de Supraveghere a Prelucrării Datelor cu Caracter Personal,-2098925.1570365084,1.3069707223740292e-07,-16059465763884.477,0.0,1647,full,fine_eur,DPA,-2098925.1570367645,-2098925.1570362523,0.0
Autoritatea Națională de Supraveghere a Prelucrării Datelor cu Caracter Personal (ANSPDCP),12413214.964196004,4.7296003015911e-08,262458012784294.6,0.0,1647,full,fine_eur,DPA,12413214.96419591,12413214.964196097,0.0
Autoriteit Persoonsgegevens,-6588399.582242653,4.288567483692724e-08,-153627046963701.5,0.0,1647,full,fine_eur,DPA,-6588399.582242737,-6588399.582242569,0.0
Berlin Commissioner for Data Protection and Freedom of Information,17778583.48531956,7.263751339340746e-08,244757600511874.53,0.0,1647,full,fine_eur,DPA,17778583.485319417,17778583.4853197,0.0
Catalan Data Protection Authority,1559503.9683760628,4.726901200372639e-09,329920999460094.8,0.0,1647,full,fine_eur,DPA,1559503.9683760535,1559503.9683760721,0.0
Comissão Nacional de Proteção de Dados,-7535557.144450974,7.313956908556075e-09,-1030298269276876.0,0.0,1647,full,fine_eur,DPA,-7535557.144450988,-7535557.14445096,0.0
Commission Nationale de l'Informatique et des Libertés,-10401670.786030956,5.4978701123052744e-08,-189194553046097.75,0.0,1647,full,fine_eur,DPA,-10401670.786031064,-10401670.786030848,0.0
Commission Nationale de l'Informatique et des Libertés (CNIL),7510862.988759384,1.8664827171645494e-09,4024073150899272.0,0.0,1647,full,fine_eur,DPA,7510862.98875938,7510862.988759387,0.0
Commission nationale de l'informatique et des libertés,-7319894.008801984,7.002436521706713e-08,-104533528952546.6,0.0,1647,full,fine_eur,DPA,-7319894.008802121,-7319894.008801847,0.0
Data Protection Authority,-8848542.232773488,2.6503153142629252e-08,-333867528333485.94,0.0,1647,full,fine_eur,DPA,-8848542.23277354,-8848542.232773436,0.0
Data Protection Commission,27939926.626528192,1.2197036010766366e-08,2290714449138751.5,0.0,1647,full,fine_eur,DPA,27939926.62652817,27939926.626528215,0.0
Data Protection Commission of Ireland,-21379655.258702684,1.4299357159101657e-08,-1495148000068965.2,0.0,1647,full,fine_eur,DPA,-21379655.258702714,-21379655.258702654,0.0
Data Protection Commissioner,-2909942.38550839,1.416915893065339e-07,-20537156790676.23,0.0,1647,full,fine_eur,DPA,-2909942.3855086677,-2909942.3855081126,0.0
Data State Inspections,-11357589.347253736,7.834341677436585e-08,-144971840837173.78,0.0,1647,full,fine_eur,DPA,-11357589.347253889,-11357589.347253583,0.0
Data State Inspectorate,8983138.521465886,1.4958719351933228e-08,600528582034325.5,0.0,1647,full,fine_eur,DPA,8983138.521465857,8983138.521465916,0.0
Datainspektionen,-19027960.061832685,8.420390319209896e-08,-225974798560384.56,0.0,1647,full,fine_eur,DPA,-19027960.06183285,-19027960.06183252,0.0
Datatilsynet,-32220294.260967385,2.2678080479127927e-08,-1420768141757930.5,0.0,1647,full,fine_eur,DPA,-32220294.26096743,-32220294.26096734,0.0
Deputy Data Protection Commissioner,-13119902.914779972,5.962180944204037e-08,-220052075533435.62,0.0,1647,full,fine_eur,DPA,-13119902.91478009,-13119902.914779855,0.0
Der Landesbeauftragte für den Datenschutz und die Informationsfreiheit Baden-Württemberg,-8252944.52209894,3.7928090825779295e-07,-21759451484147.75,0.0,1647,full,fine_eur,DPA,-8252944.522099683,-8252944.522098197,0.0
Dutch Data Protection Authority,286714.8347762078,2.8759570995150607e-08,9969371059970.025,0.0,1647,full,fine_eur,DPA,286714.83477615146,286714.83477626415,0.0
Finnish Data Protection Commissioner,-34046080.33391687,6.249514965611242e-08,-544779563234263.7,0.0,1647,full,fine_eur,DPA,-34046080.33391699,-34046080.33391675,0.0
Garante per la protezione dei dati personali,-16931502.923378106,2.1179623970872166e-08,-799424151564900.4,0.0,1647,full,fine_eur,DPA,-16931502.923378147,-16931502.923378065,0.0
Greek Data Protection Authority,-80962827.93729605,3.366419584143674e-08,-2405012979328030.0,0.0,1647,full,fine_eur,DPA,-80962827.9372961,-80962827.93729599,0.0
Guarantor for the Protection of Personal Data,10469016.498662777,3.230248825570858e-08,324093191081422.8,0.0,1647,full,fine_eur,DPA,10469016.498662714,10469016.49866284,0.0
Hamburg Commissioner for Data Protection and Freedom of Information,-3455293.7194952704,1.4815660478816478e-08,-233219013383552.53,0.0,1647,full,fine_eur,DPA,-3455293.7194952993,-3455293.7194952415,0.0
Hamburg Commissioner for Data Protection and Freedom of Information (HmbBfDI),12372269.603531994,3.972198701348496e-08,311471568613418.4,0.0,1647,full,fine_eur,DPA,12372269.603531916,12372269.603532072,0.0
Hellenic Data Protection Authority,-12732843.268123237,3.379595394649065e-08,-376756439196337.8,0.0,1647,full,fine_eur,DPA,-12732843.268123304,-12732843.26812317,0.0
Informacijski pooblaščenec (Information Commissioner),-7554393.784233455,1.198422314286775e-07,-63036157572961.664,0.0,1647,full,fine_eur,DPA,-7554393.784233689,-7554393.78423322,0.0
Information Commissioner,-11560592.18967325,1.0075321150788073e-08,-1147416744008105.5,0.0,1647,full,fine_eur,DPA,-11560592.189673271,-11560592.18967323,0.0
Information Commissioner (IP),2085225.5135214552,2.8557446332178607e-08,73018626710043.66,0.0,1647,full,fine_eur,DPA,2085225.5135213993,2085225.513521511,0.0
Information Commissioner (Slovenia),1190863.7603942938,6.177439650883298e-08,19277626778984.637,0.0,1647,full,fine_eur,DPA,1190863.7603941727,1190863.760394415,0.0
Information Commissioner of the Republic of Slovenia,4013937.4952866063,6.325982890663419e-08,63451602140922.9,0.0,1647,full,fine_eur,DPA,4013937.4952864824,4013937.49528673,0.0
Information Commissioner's Office,-15566466.060027335,5.9006093681763474e-09,-2638111606570955.5,0.0,1647,full,fine_eur,DPA,-15566466.060027346,-15566466.060027324,0.0
Information and Data Protection Commissioner,4303966.3183701895,1.9903867107906003e-08,216237693662083.06,0.0,1647,full,fine_eur,DPA,4303966.31837015,4303966.318370229,0.0
Integritetsskyddsmyndigheten,5169125.826320909,1.2640879920265966e-07,40892136140251.77,0.0,1647,full,fine_eur,DPA,5169125.826320661,5169125.826321157,0.0
Integritetsskyddsmyndigheten (IMY),-39392126.04701802,1.6087413656379366e-07,-244863014580328.84,0.0,1647,full,fine_eur,DPA,-39392126.047018334,-39392126.04701771,0.0
Integrity Protection Authority,6390083.212013861,2.3855405963359986e-08,267867301098481.53,0.0,1647,full,fine_eur,DPA,6390083.212013815,6390083.212013908,0.0
NOT_DISCUSSED,730141.4886767175,8.078877574282696e-08,9037660021002.918,0.0,1647,full,fine_eur,DPA,730141.4886765592,730141.4886768758,0.0
NOT_MENTIONED,-12559047.079049828,9.258540689794476e-08,-135648235503176.45,0.0,1647,full,fine_eur,DPA,-12559047.079050008,-12559047.079049647,0.0
National Authority for Data Protection and Freedom of Information,4759888.431477673,3.7654660063473254e-08,126409013478121.48,0.0,1647,full,fine_eur,DPA,4759888.4314776,4759888.431477747,0.0
National Commission for Computing and Liberties,5956391.234827701,7.598388566099863e-09,783901900121570.9,0.0,1647,full,fine_eur,DPA,5956391.234827686,5956391.234827716,0.0
National Commission for Data Protection,-28308022.41516279,2.548527842048304e-08,-1110759786418933.2,0.0,1647,full,fine_eur,DPA,-28308022.41516284,-28308022.415162742,0.0
National Commission for Informatics and Freedoms,8973020.672327075,5.057078776770605e-08,177434860487918.84,0.0,1647,full,fine_eur,DPA,8973020.672326976,8973020.672327174,0.0
National Commission for Information Technology and Civil Liberties,-10838451.317995476,1.0535580784941344e-08,-1028747397911563.6,0.0,1647,full,fine_eur,DPA,-10838451.317995496,-10838451.317995455,0.0
National Commission for Information Technology and Freedoms,-8485315.273904532,4.1897478763482876e-08,-202525677542682.78,0.0,1647,full,fine_eur,DPA,-8485315.273904614,-8485315.27390445,0.0
National Commission for Information Technology and Liberties,172247.86406365223,5.410645725146372e-08,3183499212730.1494,0.0,1647,full,fine_eur,DPA,172247.86406354618,172247.8640637583,0.0
National Data Protection and Freedom of Information Authority,11561755.76483193,1.94389683121804e-08,594772087651759.1,0.0,1647,full,fine_eur,DPA,11561755.764831893,11561755.764831968,0.0
National Supervisory Authority,4518637.779456815,2.217014130280885e-08,203816372558903.12,0.0,1647,full,fine_eur,DPA,4518637.779456771,4518637.7794568585,0.0
National Supervisory Authority for Personal Data Processing,3840974.952120887,5.799627200419353e-08,66227962925671.47,0.0,1647,full,fine_eur,DPA,3840974.9521207735,3840974.9521210007,0.0
National Supervisory Authority for the Processing of Personal Data,-14557123.491208076,1.8085207370850535e-07,-80491880423063.48,0.0,1647,full,fine_eur,DPA,-14557123.49120843,-14557123.491207723,0.0
Nemzeti Adatvédelmi és Információszabadság Hatóság,-11031552.596016955,8.007323096574307e-08,-137768296133029.44,0.0,1647,full,fine_eur,DPA,-11031552.596017111,-11031552.596016798,0.0
Norwegian Data Inspectorate,8103444.792040639,6.524876736126778e-08,124193070915404.17,0.0,1647,full,fine_eur,DPA,8103444.792040511,8103444.792040766,0.0
Norwegian Data Protection Authority,4151669.3535626736,4.135461616517866e-08,100391920867553.7,0.0,1647,full,fine_eur,DPA,4151669.3535625925,4151669.3535627546,0.0
Norwegian Privacy Board,-8902269.83361958,9.455634888152441e-09,-941477747282077.6,0.0,1647,full,fine_eur,DPA,-8902269.833619598,-8902269.833619561,0.0
Office of the Data Protection Commissioner,-15993130.924110398,2.5285393883852276e-08,-632504717845186.9,0.0,1647,full,fine_eur,DPA,-15993130.924110448,-15993130.924110347,0.0
Office of the Data Protection Officer,25881882.85547724,1.939504644499736e-08,1334458410753280.5,0.0,1647,full,fine_eur,DPA,25881882.855477203,25881882.855477277,0.0
Office of the Data Protection Ombudsman,-181063.4590698108,2.6668188861872536e-08,-6789492155152.573,0.0,1647,full,fine_eur,DPA,-181063.45906986308,-181063.45906975854,0.0
Personal Data Protection Authority,-286201.5241148174,7.4106932304381934e-09,-38620074426949.98,0.0,1647,full,fine_eur,DPA,-286201.52411483193,-286201.5241148028,0.0
Personal Protection Agency,-2698855.254873098,9.467928790837798e-08,-28505233979841.56,0.0,1647,full,fine_eur,DPA,-2698855.2548732837,-2698855.254872912,0.0
Persónuvernd,8904525.185623411,1.913839351179288e-09,4652702527062438.0,0.0,1647,full,fine_eur,DPA,8904525.185623407,8904525.185623415,0.0
Persónuvernd (Icelandic Data Protection Authority),-595611.2530228458,1.6046337445509183e-08,-37118205636983.97,0.0,1647,full,fine_eur,DPA,-595611.2530228773,-595611.2530228144,0.0
President of the Office for Personal Data Protection,-10412581.402897488,1.3503269581067962e-08,-771115568743164.1,0.0,1647,full,fine_eur,DPA,-10412581.402897514,-10412581.402897462,0.0
President of the Office for Personal Data Protection (UODO),-6535870.864127349,5.4047529426736384e-08,-120928207698873.39,0.0,1647,full,fine_eur,DPA,-6535870.864127455,-6535870.864127243,0.0
President of the Personal Data Protection Office,1475390.8468471784,1.9864925623048794e-08,74271148799838.34,0.0,1647,full,fine_eur,DPA,1475390.8468471395,1475390.8468472173,0.0
President of the Personal Data Protection Office (UODO),-103275.36832314543,1.3047635797271418e-08,-7915255294353.239,0.0,1647,full,fine_eur,DPA,-103275.368323171,-103275.36832311987,0.0
Privacy Board,-15721902.04596581,1.1295199462222635e-07,-139191008521350.2,0.0,1647,full,fine_eur,DPA,-15721902.045966031,-15721902.045965588,0.0
Privacy Policy Board,9909866.15708382,7.183350535187461e-09,1379560430545689.2,0.0,1647,full,fine_eur,DPA,9909866.157083806,9909866.157083835,0.0
STRING,5171776.248734117,2.9275928999468772e-08,176656264224030.66,0.0,1647,full,fine_eur,DPA,5171776.248734059,5171776.248734174,0.0
Spanish Agency for Data Protection,292438.98437675275,3.9965342967211395e-08,7317314519649.619,0.0,1647,full,fine_eur,DPA,292438.9843766744,292438.9843768311,0.0
Spanish Data Protection Agency,-9185406.692583833,2.59973587375542e-08,-353320765594358.44,0.0,1647,full,fine_eur,DPA,-9185406.692583883,-9185406.692583783,0.0
Spanish Data Protection Agency (AEPD),-4033276.414259039,1.1925160038467375e-06,-3382157053866.5884,0.0,1647,full,fine_eur,DPA,-4033276.414261376,-4033276.4142567017,0.0
State Data Inspectorate,1739764.1501036305,2.973108971507143e-08,58516662751910.52,0.0,1647,full,fine_eur,DPA,1739764.1501035723,1739764.1501036887,0.0
State Data Protection Inspectorate,-736278.4347487446,7.265445969873265e-08,-10133974401595.996,0.0,1647,full,fine_eur,DPA,-736278.434748887,-736278.4347486022,0.0
Swedish Authority for Privacy Protection,-1711435.6330517633,1.0661004365433617e-09,-1605323076877057.2,0.0,1647,full,fine_eur,DPA,-1711435.6330517654,-1711435.6330517612,0.0
Swedish Authority for Privacy Protection (IMY),31198481.02801704,1.290995441953042e-07,241662208975884.5,0.0,1647,full,fine_eur,DPA,31198481.028016787,31198481.028017294,0.0
Swedish Data Protection Authority,-37152259.75617207,1.816040807176559e-07,-204578331111036.8,0.0,1647,full,fine_eur,DPA,-37152259.756172426,-37152259.75617171,0.0
The Data Inspectorate,6563063.207261575,2.776906193190856e-07,23634443336093.27,0.0,1647,full,fine_eur,DPA,6563063.2072610315,6563063.207262119,0.0
The Data Protection Authority,14313554.380088348,3.19296061346444e-08,448284714810740.94,0.0,1647,full,fine_eur,DPA,14313554.380088285,14313554.380088411,0.0
The Information Commissioner,8218902.93339121,6.884044262886123e-08,119390617194338.75,0.0,1647,full,fine_eur,DPA,8218902.933391075,8218902.933391345,0.0
The National Supervisory Authority,9897037.720246445,7.543088169130075e-08,131206708689285.34,0.0,1647,full,fine_eur,DPA,9897037.720246298,9897037.720246593,0.0
The National Supervisory Authority for Personal Data Processing,-2979488.0581131848,2.367436840148282e-08,-125852905876321.81,0.0,1647,full,fine_eur,DPA,-2979488.0581132313,-2979488.058113138,0.0
The National Supervisory Authority for the Processing of Personal Data,-1545829.9916792084,8.348385134358958e-08,-18516515072084.14,0.0,1647,full,fine_eur,DPA,-1545829.991679372,-1545829.9916790447,0.0
The Norwegian Data Protection Authority,-10733663.387039844,1.2009664176008518e-08,-893752167398842.2,0.0,1647,full,fine_eur,DPA,-10733663.387039868,-10733663.38703982,0.0
The Personal Data Protection Authority,6625067.54017712,2.5075214368191987e-08,264207812659063.25,0.0,1647,full,fine_eur,DPA,6625067.540177071,6625067.540177169,0.0
The State Commissioner for Data Protection Lower Saxony,-44604889.999415144,2.568047816328807e-07,-173691820361743.75,0.0,1647,full,fine_eur,DPA,-44604889.99941565,-44604889.99941464,0.0
DE,-0.3128030225707195,0.3356330856425483,-0.9319791044195715,0.35134732432944527,1683,full,fine_log1p,Country,-0.9706438704301141,0.34503782528867516,0.36389544305549687
ES,-0.4995444323073591,0.35191889822617184,-1.4194873728728006,0.155756975621608,1683,full,fine_log1p,Country,-1.189305472830656,0.19021660821593767,0.17447455209115748
FI,-0.5207524375115238,0.2235983671520355,-2.3289635078481528,0.0198609990010447,1683,full,fine_log1p,Country,-0.9590052371295134,-0.0824996378935342,0.02356236699669394
FR,0.5295828912556668,0.29941205543019433,1.7687427130973858,0.0769368207585495,1683,full,fine_log1p,Country,-0.05726473738751403,1.1164305198988478,0.0888518151238116
GB,0.601580754856625,0.030382575864764057,19.800189343205208,2.965769649345804e-87,1683,full,fine_log1p,Country,0.5420309061616875,0.6611306035515625,3.9594162582059073e-87
GR,-1.0180702091064588,0.3787809097109012,-2.687754802330153,0.007193419691028291,1683,full,fine_log1p,Country,-1.7604807921398251,-0.27565962607309247,0.008752832351321137
HU,2.0684013467056253,0.15712664124714032,13.163912435780333,1.4156135507878966e-39,1683,full,fine_log1p,Country,1.7604331298612301,2.3763695635500204,1.875508308404269e-39
IE,2.163824067017162,0.8588300759482829,2.519501968568068,0.011752098322348858,1683,full,fine_log1p,Country,0.4805171181585277,3.8471310158757963,0.01420045213950487
IS,1.1725288077818898,0.40344577769160594,2.9062859809581925,0.0036574700467245,1683,full,fine_log1p,Country,0.38177508350634215,1.9632825320574376,0.00446074617848175
IT,-1.2006593105626073,0.04881202159946442,-24.59761491574406,1.3396397820619583e-133,1683,full,fine_log1p,Country,-1.2963308728975576,-1.104987748227657,1.793056323682929e-133
LT,-0.3811963552087685,0.2337000731664389,-1.631134941653545,0.10286184923423397,1683,full,fine_log1p,Country,-0.8392484986149887,0.07685578819745176,0.11826846982438355
LU,-3.76467432668144,0.047828298285151116,-78.71227833021668,0.0,1683,full,fine_log1p,Country,-3.858417791320336,-3.670930862042544,0.0
LV,-1.3357676821611617,0.3797544578797115,-3.5174509592834604,0.00043571285384384626,1683,full,fine_log1p,Country,-2.0800864196053963,-0.5914489447169271,0.0005402425408705172
MT,1.0533212468309636,0.2993799832251838,3.5183422601727186,0.0004342518952164373,1683,full,fine_log1p,Country,0.46653647970960344,1.6401060139523238,0.0005397130697690006
NL,0.12716214271413373,0.08531408612814484,1.490517550913358,0.1360882051844644,1683,full,fine_log1p,Country,-0.040053466097030144,0.2943777515252976,0.15376199806556368
NO,0.6795887226127384,0.14759141748737958,4.604527378232203,4.134036314453638e-06,1683,full,fine_log1p,Country,0.3903095443374744,0.9688679008880023,5.289134696433331e-06
PL,-0.8477998891961511,0.2272279709706166,-3.731054260506433,0.0001906801453936185,1683,full,fine_log1p,Country,-1.2931667122985595,-0.40243306609374263,0.00023926691321026167
PT,0.04214970232130799,0.22076136310922734,0.19092880079950109,0.8485813754526237,1683,full,fine_log1p,Country,-0.3905425693727776,0.4748419740153936,0.8502101304918802
RO,-2.294733339228009,0.2791785087592429,-8.219591649180039,2.0419726318189045e-16,1683,full,fine_log1p,Country,-2.8419232163961254,-1.747543462059893,2.6781651100740404e-16
SE,1.2093701951488642,0.18761982055814472,6.445855195635217,1.1495037427220961e-10,1683,full,fine_log1p,Country,0.8416353468549006,1.577105043442828,1.496361480550958e-10
SI,-0.5633067727951131,0.12066686158701778,-4.668280631371934,3.0373084611592284e-06,1683,full,fine_log1p,Country,-0.7998138215056679,-0.32679972408455826,3.914753127716339e-06
A.N.S.P.D.C.P,-3.168916669068503,1.5749470849522034e-14,-201207818303601.84,0.0,1647,full,fine_log1p,DPA,-3.168916669068534,-3.168916669068472,0.0
A.N.S.P.D.C.P.,-2.1231255304753844,1.9377862346617544e-14,-109564486138791.33,0.0,1647,full,fine_log1p,DPA,-2.1231255304754226,-2.1231255304753462,0.0
ANSPDCP,-4.7338362139952705,4.265108528732133e-15,-1109898184795422.8,0.0,1647,full,fine_log1p,DPA,-4.7338362139952785,-4.7338362139952626,0.0
Agencia Española de Protección de Datos,1.5065545458751277,2.9385684938650094e-14,51268314794105.836,0.0,1647,full,fine_log1p,DPA,1.5065545458750702,1.5065545458751852,0.0
Autoritatea Națională de Supraveghere a Prelucrării Datelor cu Caracter Personal,-0.9118891647340188,1.402227461500914e-13,-6503147240875.973,0.0,1647,full,fine_log1p,DPA,-0.9118891647342937,-0.9118891647337439,0.0
Autoritatea Națională de Supraveghere a Prelucrării Datelor cu Caracter Personal (ANSPDCP),-1.359037313182434,2.0567828585687177e-14,-66075877067945.15,0.0,1647,full,fine_log1p,DPA,-1.3590373131824744,-1.3590373131823936,0.0
Autoriteit Persoonsgegevens,0.07167874681209474,7.986659317642074e-15,8974809612043.984,0.0,1647,full,fine_log1p,DPA,0.07167874681207909,0.0716787468121104,0.0
Berlin Commissioner for Data Protection and Freedom of Information,-0.011235845917234588,6.472695317770811e-15,-1735883641299.557,0.0,1647,full,fine_log1p,DPA,-0.011235845917247274,-0.011235845917221902,0.0
Catalan Data Protection Authority,-0.5887545169394985,1.0859999380130264e-14,-54213126201157.9,0.0,1647,full,fine_log1p,DPA,-0.5887545169395199,-0.5887545169394772,0.0
Comissão Nacional de Proteção de Dados,0.21087666902234625,1.9928951014256328e-15,105814234212073.69,0.0,1647,full,fine_log1p,DPA,0.21087666902234234,0.21087666902235017,0.0
Commission Nationale de l'Informatique et des Libertés,0.692279197464083,3.3438632149510998e-15,207029759581301.16,0.0,1647,full,fine_log1p,DPA,0.6922791974640764,0.6922791974640895,0.0
Commission Nationale de l'Informatique et des Libertés (CNIL),-0.6941235211063064,4.432726236626068e-15,-156590658672084.5,0.0,1647,full,fine_log1p,DPA,-0.694123521106315,-0.6941235211062977,0.0
Commission nationale de l'informatique et des libertés,1.4561722248359121,2.4509841837668478e-15,594117348647253.4,0.0,1647,full,fine_log1p,DPA,1.4561722248359072,1.456172224835917,0.0
Data Protection Authority,3.075490307662447,1.711353614202005e-15,1797109774473192.0,0.0,1647,full,fine_log1p,DPA,3.0754903076624434,3.0754903076624505,0.0
Data Protection Commission,1.956591109950379,1.272249997784864e-15,1537898300929088.5,0.0,1647,full,fine_log1p,DPA,1.9565911099503766,1.9565911099503814,0.0
Data Protection Commission of Ireland,-2.8493016892809298,4.396344352697245e-15,-648107031819021.8,0.0,1647,full,fine_log1p,DPA,-2.849301689280938,-2.8493016892809213,0.0
Data Protection Commissioner,0.2225392887636497,1.1175003586312671e-14,19914023923555.56,0.0,1647,full,fine_log1p,DPA,0.2225392887636278,0.2225392887636716,0.0
Data State Inspections,-3.0227099226911998,5.6374539164669265e-15,-536183526726827.0,0.0,1647,full,fine_log1p,DPA,-3.022709922691211,-3.0227099226911887,0.0
Data State Inspectorate,-1.1481821314494018,5.673876429879095e-15,-202362907553464.03,0.0,1647,full,fine_log1p,DPA,-1.148182131449413,-1.1481821314493907,0.0
Datainspektionen,2.524642192919613,7.433199558698412e-15,339644075607421.1,0.0,1647,full,fine_log1p,DPA,2.524642192919598,2.5246421929196274,0.0
Datatilsynet,0.8077006536451412,1.816766273261142e-15,444581488291995.8,0.0,1647,full,fine_log1p,DPA,0.8077006536451377,0.8077006536451448,0.0
Deputy Data Protection Commissioner,-0.9996255602400885,7.490142489963824e-15,-133458817583177.45,0.0,1647,full,fine_log1p,DPA,-0.9996255602401032,-0.9996255602400739,0.0
Der Landesbeauftragte für den Datenschutz und die Informationsfreiheit Baden-Württemberg,0.7178859560466675,3.123167309766627e-14,22985830883978.812,0.0,1647,full,fine_log1p,DPA,0.7178859560466063,0.7178859560467287,0.0
Dutch Data Protection Authority,0.30162334625917797,8.185753103304364e-15,36847354477063.44,0.0,1647,full,fine_log1p,DPA,0.30162334625916193,0.301623346259194,0.0
Finnish Data Protection Commissioner,-2.278926793020413,6.52517450786989e-14,-34925147063451.594,0.0,1647,full,fine_log1p,DPA,-2.278926793020541,-2.2789267930202852,0.0
Garante per la protezione dei dati personali,-1.1640921767768955,3.4413921366716417e-15,-338261997048308.6,0.0,1647,full,fine_log1p,DPA,-1.1640921767769021,-1.1640921767768888,0.0
Greek Data Protection Authority,-3.0122820167666413,3.683242277537814e-15,-817834339906714.2,0.0,1647,full,fine_log1p,DPA,-3.0122820167666484,-3.012282016766634,0.0
Guarantor for the Protection of Personal Data,-3.4006722493834975,1.1902338815758545e-15,-2857146231529765.5,0.0,1647,full,fine_log1p,DPA,-3.4006722493834998,-3.4006722493834953,0.0
Hamburg Commissioner for Data Protection and Freedom of Information,1.299359502835573,6.3974397925474505e-15,203106171370183.4,0.0,1647,full,fine_log1p,DPA,1.2993595028355607,1.2993595028355855,0.0
Hamburg Commissioner for Data Protection and Freedom of Information (HmbBfDI),-0.4063705135857325,2.44398960073464e-15,-166273421729610.22,0.0,1647,full,fine_log1p,DPA,-0.4063705135857373,-0.40637051358572773,0.0
Hellenic Data Protection Authority,-0.36556216812401443,7.624664917280447e-15,-47944686368512.91,0.0,1647,full,fine_log1p,DPA,-0.36556216812402936,-0.3655621681239995,0.0
Informacijski pooblaščenec (Information Commissioner),-0.17188100654580607,4.406490877744733e-15,-39006323016326.26,0.0,1647,full,fine_log1p,DPA,-0.1718810065458147,-0.17188100654579744,0.0
Information Commissioner,-0.653526043479264,5.736850524932043e-15,-113917216535287.98,0.0,1647,full,fine_log1p,DPA,-0.6535260434792752,-0.6535260434792528,0.0
Information Commissioner (IP),-0.9503323784087598,2.8730039407049206e-15,-330780046955169.2,0.0,1647,full,fine_log1p,DPA,-0.9503323784087655,-0.9503323784087542,0.0
Information Commissioner (Slovenia),0.1948758291306829,1.5438165564458384e-14,12622991269074.379,0.0,1647,full,fine_log1p,DPA,0.19487582913065266,0.19487582913071316,0.0
Information Commissioner of the Republic of Slovenia,-0.5444440286402781,9.95137290724696e-15,-54710443846777.53,0.0,1647,full,fine_log1p,DPA,-0.5444440286402976,-0.5444440286402585,0.0
Information Commissioner's Office,0.6239454474949491,2.7935765202078914e-15,223350047146199.72,0.0,1647,full,fine_log1p,DPA,0.6239454474949436,0.6239454474949545,0.0
Information and Data Protection Commissioner,0.7852061359285432,6.779216734995686e-16,1158254952781123.8,0.0,1647,full,fine_log1p,DPA,0.7852061359285418,0.7852061359285445,0.0
Integritetsskyddsmyndigheten,0.9055914455812308,9.913883648629348e-16,913457810962340.8,0.0,1647,full,fine_log1p,DPA,0.9055914455812288,0.9055914455812328,0.0
Integritetsskyddsmyndigheten (IMY),1.137002642768592,8.129673582044327e-16,1398583388735118.0,0.0,1647,full,fine_log1p,DPA,1.1370026427685904,1.1370026427685935,0.0
Integrity Protection Authority,0.484011033026432,2.6542002637151554e-15,182356636627316.4,0.0,1647,full,fine_log1p,DPA,0.4840110330264268,0.4840110330264372,0.0
NOT_DISCUSSED,-0.010209489935755212,4.914932132883491e-16,-20772392496426.01,0.0,1647,full,fine_log1p,DPA,-0.010209489935756174,-0.010209489935754249,0.0
NOT_MENTIONED,-0.501278512587167,1.0752491876644947e-14,-46619752736198.19,0.0,1647,full,fine_log1p,DPA,-0.5012785125871881,-0.501278512587146,0.0
National Authority for Data Protection and Freedom of Information,2.3453907109485295,6.9058234991427536e-15,339625058653710.44,0.0,1647,full,fine_log1p,DPA,2.345390710948516,2.345390710948543,0.0
National Commission for Computing and Liberties,3.270306918815482,3.623194010785889e-15,902603313286592.8,0.0,1647,full,fine_log1p,DPA,3.270306918815475,3.270306918815489,0.0
National Commission for Data Protection,-3.798911494097995,3.0380819345099792e-15,-1250430888958474.5,0.0,1647,full,fine_log1p,DPA,-3.7989114940980007,-3.798911494097989,0.0
National Commission for Informatics and Freedoms,-0.07635191007037534,1.0164543491918089e-14,-7511592638772.55,0.0,1647,full,fine_log1p,DPA,-0.07635191007039527,-0.07635191007035541,0.0
National Commission for Information Technology and Civil Liberties,-0.2940310145231644,5.708814092636704e-16,-515047450752353.4,0.0,1647,full,fine_log1p,DPA,-0.2940310145231655,-0.29403101452316327,0.0
National Commission for Information Technology and Freedoms,1.3407807667407416,3.2103606686823367e-15,417641787049133.3,0.0,1647,full,fine_log1p,DPA,1.3407807667407354,1.3407807667407479,0.0
National Commission for Information Technology and Liberties,0.15719404752156185,1.227733688377406e-14,12803594868306.678,0.0,1647,full,fine_log1p,DPA,0.1571940475215378,0.15719404752158592,0.0
National Data Protection and Freedom of Information Authority,1.9769089961111304,6.701945064951072e-15,294975410414761.9,0.0,1647,full,fine_log1p,DPA,1.9769089961111173,1.9769089961111435,0.0
National Supervisory Authority,-2.046279243281177,6.959251607524023e-15,-294037255538919.44,0.0,1647,full,fine_log1p,DPA,-2.046279243281191,-2.0462792432811634,0.0
National Supervisory Authority for Personal Data Processing,-3.5183489362687337,6.245853845465083e-15,-563309520734830.5,0.0,1647,full,fine_log1p,DPA,-3.518348936268746,-3.5183489362687212,0.0
National Supervisory Authority for the Processing of Personal Data,-2.121990145492852,8.387803330905182e-14,-25298520503864.2,0.0,1647,full,fine_log1p,DPA,-2.121990145493016,-2.1219901454926875,0.0
Nemzeti Adatvédelmi és Információszabadság Hatóság,0.3503862252288261,6.649089354939246e-15,52696874192034.02,0.0,1647,full,fine_log1p,DPA,0.3503862252288131,0.35038622522883917,0.0
Norwegian Data Inspectorate,0.7624059377686785,2.854407046332098e-16,2670978334181059.5,0.0,1647,full,fine_log1p,DPA,0.7624059377686779,0.762405937768679,0.0
Norwegian Data Protection Authority,0.24779528865064693,6.810561859098534e-15,36383971510310.29,0.0,1647,full,fine_log1p,DPA,0.24779528865063358,0.24779528865066028,0.0
Norwegian Privacy Board,4.454822304030725,2.180999996202704e-14,204255951938877.97,0.0,1647,full,fine_log1p,DPA,4.4548223040306825,4.454822304030768,0.0
Office of the Data Protection Commissioner,-0.8119957593299385,4.087510890319308e-15,-198652867507469.1,0.0,1647,full,fine_log1p,DPA,-0.8119957593299465,-0.8119957593299305,0.0
Office of the Data Protection Officer,0.822719716731962,1.5413798050090295e-15,533755349627889.0,0.0,1647,full,fine_log1p,DPA,0.822719716731959,0.822719716731965,0.0
Office of the Data Protection Ombudsman,1.547203595992567,1.7982764391769857e-15,860381397590168.8,0.0,1647,full,fine_log1p,DPA,1.5472035959925634,1.5472035959925705,0.0
Personal Data Protection Authority,-0.7058528286361372,3.765066715220885e-15,-187474188912141.75,0.0,1647,full,fine_log1p,DPA,-0.7058528286361445,-0.7058528286361299,0.0
Personal Protection Agency,0.4220193154707954,2.815023455420128e-14,14991680252547.352,0.0,1647,full,fine_log1p,DPA,0.42201931547074023,0.4220193154708506,0.0
Persónuvernd,0.8470666748632185,3.858113232968765e-15,219554643348664.06,0.0,1647,full,fine_log1p,DPA,0.847066674863211,0.8470666748632261,0.0
Persónuvernd (Icelandic Data Protection Authority),0.08423618766801644,1.8183858417597218e-15,46324704984778.06,0.0,1647,full,fine_log1p,DPA,0.08423618766801287,0.08423618766802,0.0
President of the Office for Personal Data Protection,-0.5821936743928089,5.4166837969942905e-15,-107481569205842.75,0.0,1647,full,fine_log1p,DPA,-0.5821936743928195,-0.5821936743927982,0.0
President of the Office for Personal Data Protection (UODO),-4.188981608729908,1.3016096131604874e-16,-3.218308751238003e+16,0.0,1647,full,fine_log1p,DPA,-4.188981608729908,-4.188981608729908,0.0
President of the Personal Data Protection Office,-0.520247646925811,7.80740019547743e-15,-66635196595554.734,0.0,1647,full,fine_log1p,DPA,-0.5202476469258264,-0.5202476469257957,0.0
President of the Personal Data Protection Office (UODO),-1.141378825080921,1.0025767176324322e-15,-1138445372815227.0,0.0,1647,full,fine_log1p,DPA,-1.141378825080923,-1.141378825080919,0.0
Privacy Board,0.18978770641825848,3.838685338144119e-15,49440808427922.555,0.0,1647,full,fine_log1p,DPA,0.18978770641825096,0.189787706418266,0.0
Privacy Policy Board,0.43407486905154835,1.1988509594511669e-14,36207575731537.766,0.0,1647,full,fine_log1p,DPA,0.43407486905152487,0.43407486905157183,0.0
STRING,-0.4159611601101254,6.12711496046275e-15,-67888584234872.914,0.0,1647,full,fine_log1p,DPA,-0.4159611601101374,-0.4159611601101134,0.0
Spanish Agency for Data Protection,0.13515227799019858,3.4195495715946277e-15,39523415338931.16,0.0,1647,full,fine_log1p,DPA,0.1351522779901919,0.13515227799020527,0.0
Spanish Data Protection Agency,-0.9527888728340734,1.7341442835415765e-15,-549428834657419.2,0.0,1647,full,fine_log1p,DPA,-0.9527888728340769,-0.95278887283407,0.0
Spanish Data Protection Agency (AEPD),-1.8503393296965194,6.19330880530183e-14,-29876426121567.23,0.0,1647,full,fine_log1p,DPA,-1.8503393296966408,-1.850339329696398,0.0
State Data Inspectorate,-0.4108717836949034,1.0537519345969453e-14,-38991319513169.836,0.0,1647,full,fine_log1p,DPA,-0.41087178369492405,-0.41087178369488275,0.0
State Data Protection Inspectorate,-0.15221586019990996,3.743350955021001e-15,-40662994741580.67,0.0,1647,full,fine_log1p,DPA,-0.15221586019991729,-0.15221586019990263,0.0
Swedish Authority for Privacy Protection,1.0147241829794433,3.0229869672259955e-14,33566938725858.676,0.0,1647,full,fine_log1p,DPA,1.014724182979384,1.0147241829795026,0.0
Swedish Authority for Privacy Protection (IMY),1.0570617744010393,3.637129372365688e-14,29063078768449.125,0.0,1647,full,fine_log1p,DPA,1.057061774400968,1.0570617744011106,0.0
Swedish Data Protection Authority,0.5764948143401161,1.3487073293825445e-14,42744248643183.6,0.0,1647,full,fine_log1p,DPA,0.5764948143400896,0.5764948143401425,0.0
The Data Inspectorate,2.525448535550426,8.882980362728153e-15,284301938361463.06,0.0,1647,full,fine_log1p,DPA,2.525448535550409,2.5254485355504435,0.0
The Data Protection Authority,0.5663388648817635,1.4542039584079742e-14,38944940398991.695,0.0,1647,full,fine_log1p,DPA,0.566338864881735,0.5663388648817921,0.0
The Information Commissioner,-0.34981290964982525,1.857386451760796e-14,-18833609414896.066,0.0,1647,full,fine_log1p,DPA,-0.34981290964986167,-0.34981290964978884,0.0
The National Supervisory Authority,-1.4521851826188554,8.33705307042038e-15,-174184471461644.62,0.0,1647,full,fine_log1p,DPA,-1.4521851826188719,-1.452185182618839,0.0
The National Supervisory Authority for Personal Data Processing,0.16998313810710242,6.52967629619822e-15,26032398911730.414,0.0,1647,full,fine_log1p,DPA,0.16998313810708962,0.1699831381071152,0.0
The National Supervisory Authority for the Processing of Personal Data,-1.8431560816693675,4.865446963731396e-15,-378825644469839.06,0.0,1647,full,fine_log1p,DPA,-1.843156081669377,-1.843156081669358,0.0
The Norwegian Data Protection Authority,0.20069948902905344,1.1132187480617977e-14,18028755748004.35,0.0,1647,full,fine_log1p,DPA,0.20069948902903162,0.20069948902907525,0.0
The Personal Data Protection Authority,-2.6331737294930866,3.742940350832855e-15,-703504059023321.0,0.0,1647,full,fine_log1p,DPA,-2.633173729493094,-2.633173729493079,0.0
The State Commissioner for Data Protection Lower Saxony,0.5240556350220604,1.7543899308396943e-14,29871103670278.96,0.0,1647,full,fine_log1p,DPA,0.524055635022026,0.5240556350220948,0.0
DE,-0.36363636363635976,0.18540106797344147,-1.9613498865521655,0.049838221592416805,1761,full,fine_positive,Country,-0.7270224568643051,-0.0002502704084144658,0.058070427837592795
ES,-0.2782045968502229,0.049117212358470004,-5.664095812682008,1.4780180846040857e-08,1761,full,fine_positive,Country,-0.37447433307282413,-0.1819348606276217,1.9192175128441115e-08
FI,-0.1527777777777734,0.0626898934239279,-2.4370399985312488,0.014808041294036966,1761,full,fine_positive,Country,-0.2756499688886721,-0.02990558666687472,0.01764793962440022
FR,-0.17417475454774126,0.10879878651554559,-1.600888761041967,0.10940155931091998,1761,full,fine_positive,Country,-0.38742037611821056,0.03907086702272808,0.12523599552697418
GB,0.28864734299517725,0.03808345512697878,7.579337064684974,3.47325086190873e-14,1761,full,fine_positive,Country,0.21400377094629885,0.36329091504405564,4.5325923747908923e-14
GR,-0.18157051282051043,0.06160489364005066,-2.947339116944235,0.0032052148897646474,1761,full,fine_positive,Country,-0.3023161043550097,-0.060824921286011135,0.003918318905051864
HU,-0.33611111111110814,0.07821897782063122,-4.297053227694503,1.7308364470061215e-05,1761,full,fine_positive,Country,-0.48942030763954536,-0.18280191458267095,2.2036503057004768e-05
IE,-0.09615384615384331,0.02994301085388585,-3.211228377234648,0.0013216885179519583,1761,full,fine_positive,Country,-0.15484214742745958,-0.03746554488022705,0.0016271731282333072
IS,-0.32211850097114425,0.20464469742715205,-1.5740378569340145,0.11547869767689911,1761,full,fine_positive,Country,-0.7232221079283623,0.07898510598607378,0.13161545892432608
IT,-0.041067412120040836,0.016587681382426698,-2.4757777276544766,0.013294631664761365,1761,full,fine_positive,Country,-0.07357926762959716,-0.008555556610484509,0.015953557997713638
LT,-0.11111111111110822,0.030510008930388126,-3.641792153015104,0.0002707466336101618,1761,full,fine_positive,Country,-0.17091072861466894,-0.05131149360754749,0.0003381094324031207
LU,0.041666666666669405,0.0012385520063942167,33.64143487843771,4.160358442656498e-248,1761,full,fine_positive,Country,0.03923910473413674,0.04409422859920207,5.61164627149016e-248
LV,-0.32499999999999735,0.21382104714172995,-1.5199626245613376,0.12852036944654996,1761,full,fine_positive,Country,-0.744089252397788,0.09408925239779337,0.14616042015489997
MT,-0.5999999999999968,0.14827864340168675,-4.046435725572408,5.200339493032202e-05,1761,full,fine_positive,Country,-0.8906261410673029,-0.3093738589326907,6.572826187319151e-05
NL,0.09062500000000273,0.03746270104050177,2.419072770594571,0.015560127007042951,1761,full,fine_positive,Country,0.01719810596061927,0.1640518940393862,0.01850201890131303
NO,-0.2815972222222198,0.1773199348513154,-1.5880742481568244,0.11226955068158155,1761,full,fine_positive,Country,-0.6291442945307979,0.0659498500863584,0.12823786751813035
PL,0.059335839599000184,0.16375336913325975,0.3623488170842682,0.7170913823565068,1761,full,fine_positive,Country,-0.2616207639021889,0.3802924431001893,0.722628767548449
PT,-0.1666666666666634,0.019816832102555727,-8.410358719503348,4.08758653037928e-17,1761,full,fine_positive,Country,-0.20550765758767264,-0.12782567574565418,5.3746099971233864e-17
RO,0.13104343953316971,0.08673061305688688,1.5109248616427733,0.13080759576731285,1761,full,fine_positive,Country,-0.038948562058328584,0.301035441124668,0.14843818476203763
SE,-0.2850740296118418,0.07932298539999674,-3.593838887610167,0.0003258413651428482,1761,full,fine_positive,Country,-0.4405470809958354,-0.1296009782278482,0.0004059407938056486
SI,-0.42628205128204844,0.08196952770985043,-5.200494173773571,1.9875934995135022e-07,1761,full,fine_positive,Country,-0.5869423255933552,-0.26562177697074163,2.574500761156447e-07
A.N.S.P.D.C.P,0.00547445255474228,2.3158415858100295e-15,2363914953546.98,0.0,1804,full,fine_positive,DPA,0.005474452554737741,0.005474452554746819,0.0
A.N.S.P.D.C.P.,0.24456521739130505,8.37501255310294e-16,292017732320524.94,0.0,1804,full,fine_positive,DPA,0.2445652173913034,0.24456521739130668,0.0
ANSPDCP,3.662868619525028e-15,3.7769422307602605e-15,0.9697973640406276,0.33214750702255513,1804,full,fine_positive,DPA,-3.739938152765082e-15,1.1065675391815139e-14,0.35176848884600925
Agencia Española de Protección de Datos,-0.4110166113893805,3.855144191799534e-16,-1066151072283298.9,0.0,1804,full,fine_positive,DPA,-0.4110166113893813,-0.4110166113893797,0.0
Autoritatea Națională de Supraveghere a Prelucrării Datelor cu Caracter Personal,-1.7827753162613647e-14,1.838267695443616e-14,-0.969812677816296,0.3321398723461717,1804,full,fine_positive,DPA,-5.3857799993308524e-14,1.820229366808123e-14,0.35176848884600925
Autoritatea Națională de Supraveghere a Prelucrării Datelor cu Caracter Personal (ANSPDCP),0.2500000000000097,1.0010103884387498e-14,24974765785390.93,0.0,1804,full,fine_positive,DPA,0.2499999999999901,0.2500000000000293,0.0
Autoriteit Persoonsgegevens,0.13764510779436395,2.5272564278484566e-15,54464242835677.0,0.0,1804,full,fine_positive,DPA,0.137645107794359,0.1376451077943689,0.0
Berlin Commissioner for Data Protection and Freedom of Information,-0.8918918918918912,6.605566092862829e-16,-1350212653016311.8,0.0,1804,full,fine_positive,DPA,-0.8918918918918926,-0.8918918918918899,0.0
Catalan Data Protection Authority,-0.7142857142857042,1.039051640146533e-14,-68744005272439.734,0.0,1804,full,fine_positive,DPA,-0.7142857142857245,-0.7142857142856839,0.0
Comissão Nacional de Proteção de Dados,-0.1818181818181816,2.485015289018446e-16,-731658201950128.9,0.0,1804,full,fine_positive,DPA,-0.1818181818181821,-0.1818181818181811,0.0
Commission Nationale de l'Informatique et des Libertés,-0.03835168660344188,1.6584535697969694e-15,-23124968526032.934,0.0,1804,full,fine_positive,DPA,-0.03835168660344513,-0.038351686603438635,0.0
Commission Nationale de l'Informatique et des Libertés (CNIL),-0.4430379746835449,5.411887529156416e-16,-818638547635530.6,0.0,1804,full,fine_positive,DPA,-0.44303797468354594,-0.44303797468354383,0.0
Commission nationale de l'informatique et des libertés,0.17777777777777537,2.471554789539604e-15,71929531374415.31,0.0,1804,full,fine_positive,DPA,0.1777777777777705,0.17777777777778023,0.0
Data Protection Authority,0.6593820648078417,4.4977114748575546e-15,146603904784427.0,0.0,1804,full,fine_positive,DPA,0.6593820648078329,0.6593820648078504,0.0
Data Protection Commission,-0.1188118811881175,1.35238038114494e-15,-87853892916969.17,0.0,1804,full,fine_positive,DPA,-0.11881188118812015,-0.11881188118811485,0.0
Data Protection Commission of Ireland,-0.18750000000000155,1.561628260239769e-15,-120066986986527.27,0.0,1804,full,fine_positive,DPA,-0.1875000000000046,-0.1874999999999985,0.0
Data Protection Commissioner,-0.3333333333333336,2.562672016801588e-16,-1300725692355119.5,0.0,1804,full,fine_positive,DPA,-0.3333333333333341,-0.3333333333333331,0.0
Data State Inspections,0.4999999999999982,1.850818678802673e-15,270150720719685.5,0.0,1804,full,fine_positive,DPA,0.4999999999999946,0.5000000000000019,0.0
Data State Inspectorate,-0.35495716034271635,1.0107097577492888e-15,-351195936935601.56,0.0,1804,full,fine_positive,DPA,-0.35495716034271835,-0.35495716034271435,0.0
Datainspektionen,2.452031633293217e-15,2.5244305932971485e-15,0.9713206771474863,0.33138861526684604,1804,full,fine_positive,DPA,-2.4958523295691937e-15,7.399915596155627e-15,0.35176848884600925
Datatilsynet,-0.05834242093784058,2.2619003965094293e-16,-257935411426050.25,0.0,1804,full,fine_positive,DPA,-0.058342420937841026,-0.05834242093784014,0.0
Deputy Data Protection Commissioner,-0.6666666666666663,4.484676029405284e-16,-1486543648405018.5,0.0,1804,full,fine_positive,DPA,-0.6666666666666672,-0.6666666666666654,0.0
Der Landesbeauftragte für den Datenschutz und die Informationsfreiheit Baden-Württemberg,1.9402882078800587e-15,2.000548575105834e-15,0.9698780784552621,0.33210726816140734,1804,full,fine_positive,DPA,-1.9807869993273755e-15,5.861363415087493e-15,0.35176848884600925
Dutch Data Protection Authority,0.014571948998181799,3.385776750798407e-15,4303871776172.353,0.0,1804,full,fine_positive,DPA,0.014571948998175164,0.014571948998188434,0.0
Finnish Data Protection Commissioner,-1.0755285551056204e-15,1.1093176509308778e-15,-0.9695406488872655,0.3322755091358225,1804,full,fine_positive,DPA,-3.249791150930141e-15,1.0987340407189e-15,0.35176848884600925
Garante per la protezione dei dati personali,-0.05292654281966693,2.8922613000619283e-16,-182993641751987.22,0.0,1804,full,fine_positive,DPA,-0.0529265428196675,-0.05292654281966636,0.0
Greek Data Protection Authority,9.992007221626409e-16,1.030356774267951e-15,0.9697618796873094,0.33216519816765544,1804,full,fine_positive,DPA,-1.020298555402543e-15,3.0186999997278248e-15,0.35176848884600925
Guarantor for the Protection of Personal Data,0.7547169811320749,6.984221429443988e-16,1080602882878754.4,0.0,1804,full,fine_positive,DPA,0.7547169811320735,0.7547169811320762,0.0
Hamburg Commissioner for Data Protection and Freedom of Information,2.9342847596147692e-15,3.0254854051312422e-15,0.96985586333955,0.3321183428325505,1804,full,fine_positive,DPA,-2.9956666344424653e-15,8.864236153672004e-15,0.35176848884600925
Hamburg Commissioner for Data Protection and Freedom of Information (HmbBfDI),-0.07499999999999991,7.047348046087432e-17,-1064230111944572.4,0.0,1804,full,fine_positive,DPA,-0.07500000000000005,-0.07499999999999978,0.0
Hellenic Data Protection Authority,0.1428571428571426,2.533858905499208e-16,563792808459465.5,0.0,1804,full,fine_positive,DPA,0.1428571428571421,0.1428571428571431,0.0
Informacijski pooblaščenec (Information Commissioner),1.6479873021779667e-16,1.69669692928032e-16,0.9712914980502652,0.3314031413154588,1804,full,fine_positive,DPA,-1.6775386792114602e-16,4.973513283567394e-16,0.35176848884600925
Information Commissioner,-0.31478142751296506,1.2095481748760384e-15,-260247118760049.16,0.0,1804,full,fine_positive,DPA,-0.31478142751296745,-0.3147814275129627,0.0
Information Commissioner (IP),-0.7878787878787871,8.440854883629774e-16,-933411128068084.9,0.0,1804,full,fine_positive,DPA,-0.7878787878787887,-0.7878787878787854,0.0
Information Commissioner (Slovenia),-0.5397923875432554,2.931850488428634e-15,-184113204160204.2,0.0,1804,full,fine_positive,DPA,-0.5397923875432612,-0.5397923875432497,0.0
Information Commissioner of the Republic of Slovenia,-0.630931458699471,1.7964976384933328e-15,-351200828312033.7,0.0,1804,full,fine_positive,DPA,-0.6309314586994745,-0.6309314586994674,0.0
Information Commissioner's Office,0.3196517412935301,2.294611424001223e-15,139305390860531.03,0.0,1804,full,fine_positive,DPA,0.3196517412935256,0.3196517412935346,0.0
Information and Data Protection Commissioner,-0.7500000000000006,6.406680042007759e-16,-1170653123118915.2,0.0,1804,full,fine_positive,DPA,-0.7500000000000018,-0.7499999999999993,0.0
Integritetsskyddsmyndigheten,-0.42794600510762354,1.4587150050653296e-15,-293371908578165.1,0.0,1804,full,fine_positive,DPA,-0.4279460051076264,-0.42794600510762065,0.0
Integritetsskyddsmyndigheten (IMY),-0.3142068119054894,3.1763206107835067e-15,-98921629900573.42,0.0,1804,full,fine_positive,DPA,-0.3142068119054956,-0.31420681190548316,0.0
Integrity Protection Authority,-0.23720930232558118,1.6942109444393878e-16,-1400116692104556.2,0.0,1804,full,fine_positive,DPA,-0.23720930232558152,-0.23720930232558085,0.0
NOT_DISCUSSED,-2.914335439641036e-16,3.002542407381543e-16,-0.9706225738815025,0.3317362605764623,1804,full,fine_positive,DPA,-8.799318558108859e-16,2.9706476788267876e-16,0.35176848884600925
NOT_MENTIONED,-1.0685896612017132e-15,1.1025335719903986e-15,-0.96921280979462,0.3324390210638877,1804,full,fine_positive,DPA,-3.2295554623028944e-15,1.092376139899468e-15,0.35176848884600925
National Authority for Data Protection and Freedom of Information,-0.25373134328358155,6.024191681290173e-16,-421187367048123.4,0.0,1804,full,fine_positive,DPA,-0.2537313432835827,-0.2537313432835804,0.0
National Commission for Computing and Liberties,-2.0304938286308527e-15,2.0934764088940045e-15,-0.9699148363957797,0.33208894413074974,1804,full,fine_positive,DPA,-6.1337075900631014e-15,2.072719932801396e-15,0.35176848884600925
National Commission for Data Protection,0.04255319148936299,1.328590953392528e-15,32028813218021.953,0.0,1804,full,fine_positive,DPA,0.04255319148936039,0.042553191489365594,0.0
National Commission for Informatics and Freedoms,2.246466901389965e-16,2.316283023629483e-16,0.9698585528938859,0.33211700202423733,1804,full,fine_positive,DPA,-2.293447824923822e-16,6.786381627703752e-16,0.35176848884600925
National Commission for Information Technology and Civil Liberties,-0.4999999999999993,6.833792044808869e-16,-731658201949256.9,0.0,1804,full,fine_positive,DPA,-0.5000000000000007,-0.49999999999999795,0.0
National Commission for Information Technology and Freedoms,0.12149102623101715,1.0291571314606438e-16,1180490544321347.0,0.0,1804,full,fine_positive,DPA,0.12149102623101694,0.12149102623101736,0.0
National Commission for Information Technology and Liberties,-0.4067796610169475,1.6881782890356501e-15,-240957761190801.2,0.0,1804,full,fine_positive,DPA,-0.40677966101695084,-0.4067796610169442,0.0
National Data Protection and Freedom of Information Authority,-0.398437499999999,1.0577695694358222e-15,-376677030151767.2,0.0,1804,full,fine_positive,DPA,-0.39843750000000105,-0.39843749999999695,0.0
National Supervisory Authority,-0.17283372365339683,1.2495764299968585e-15,-138313847400139.7,0.0,1804,full,fine_positive,DPA,-0.17283372365339927,-0.1728337236533944,0.0
National Supervisory Authority for Personal Data Processing,0.43390000730759787,1.793535599387483e-15,241924390826577.78,0.0,1804,full,fine_positive,DPA,0.43390000730759437,0.43390000730760137,0.0
National Supervisory Authority for the Processing of Personal Data,0.12500000000000103,1.0600219178881167e-15,117922089997005.66,0.0,1804,full,fine_positive,DPA,0.12499999999999895,0.1250000000000031,0.0
Nemzeti Adatvédelmi és Információszabadság Hatóság,-0.7727272727272706,2.096731650112142e-15,-368538946166974.7,0.0,1804,full,fine_positive,DPA,-0.7727272727272747,-0.7727272727272665,0.0
Norwegian Data Inspectorate,3.062654296837053e-15,3.06096935340449e-15,1.0005504607325417,0.3170441904171931,1804,full,fine_positive,DPA,-2.9368456358357472e-15,9.062154229509852e-15,0.3491499312189342
Norwegian Data Protection Authority,-0.6912442396313347,1.64546375272494e-15,-420090833655018.2,0.0,1804,full,fine_positive,DPA,-0.691244239631338,-0.6912442396313315,0.0
Norwegian Privacy Board,-0.8163265306122447,1.8304800119966767e-16,-4459630945228408.0,0.0,1804,full,fine_positive,DPA,-0.816326530612245,-0.8163265306122444,0.0
Office of the Data Protection Commissioner,-0.08888888888888732,1.594551477122323e-15,-55745386815171.71,0.0,1804,full,fine_positive,DPA,-0.08888888888889045,-0.0888888888888842,0.0
Office of the Data Protection Officer,-1.8165156878691135e-14,1.8731276812703046e-14,-0.9697767568290923,0.3321577809181008,1804,full,fine_positive,DPA,-5.4878459431589104e-14,1.8548145674206833e-14,0.35176848884600925
Office of the Data Protection Ombudsman,2.36876490644633e-15,2.4421045994558173e-15,0.9699686520283244,0.33206211792740803,1804,full,fine_positive,DPA,-2.4177601084870713e-15,7.15528992137973e-15,0.35176848884600925
Personal Data Protection Authority,-0.25454147515867515,3.03811339265056e-15,-83782743519195.62,0.0,1804,full,fine_positive,DPA,-0.2545414751586811,-0.2545414751586692,0.0
Personal Protection Agency,-0.6202531645569623,4.19452821315703e-16,-1478719734465979.5,0.0,1804,full,fine_positive,DPA,-0.6202531645569631,-0.6202531645569616,0.0
Persónuvernd,-0.4969576595188297,1.3325231066952499e-15,-372944872041520.75,0.0,1804,full,fine_positive,DPA,-0.4969576595188323,-0.4969576595188271,0.0
Persónuvernd (Icelandic Data Protection Authority),-0.5764705882352938,1.9697400599677507e-16,-2926632807806792.5,0.0,1804,full,fine_positive,DPA,-0.5764705882352942,-0.5764705882352935,0.0
President of the Office for Personal Data Protection,-0.20607877879242187,1.323948245831911e-16,-1556547088915330.0,0.0,1804,full,fine_positive,DPA,-0.20607877879242212,-0.20607877879242162,0.0
President of the Office for Personal Data Protection (UODO),0.760000000000002,2.012551757196511e-15,377630039715690.94,0.0,1804,full,fine_positive,DPA,0.759999999999998,0.760000000000006,0.0
President of the Personal Data Protection Office,0.38470752645238776,2.1229913757094987e-15,181210122120170.84,0.0,1804,full,fine_positive,DPA,0.3847075264523836,0.3847075264523919,0.0
President of the Personal Data Protection Office (UODO),2.0643209364124004e-16,2.1319247988619835e-16,0.9682897527691081,0.33289968101518885,1804,full,fine_positive,DPA,-2.1142516693570871e-16,6.242893542181888e-16,0.35176848884600925
Privacy Board,-0.9999999999999989,1.0157360455402505e-15,-984507741347426.6,0.0,1804,full,fine_positive,DPA,-1.0000000000000009,-0.9999999999999969,0.0
Privacy Policy Board,0.5000000000000011,1.1959136078416847e-15,418090401113816.25,0.0,1804,full,fine_positive,DPA,0.4999999999999988,0.5000000000000034,0.0
STRING,-0.030710822580774583,1.715858138742549e-16,-178982293974959.56,0.0,1804,full,fine_positive,DPA,-0.03071082258077492,-0.030710822580774247,0.0
Spanish Agency for Data Protection,-0.19285919716929428,6.100040231252858e-16,-316160533140752.5,0.0,1804,full,fine_positive,DPA,-0.19285919716929548,-0.1928591971692931,0.0
Spanish Data Protection Agency,-0.22760014138197873,1.5427723485572e-15,-147526718115495.3,0.0,1804,full,fine_positive,DPA,-0.22760014138198176,-0.2276001413819757,0.0
Spanish Data Protection Agency (AEPD),-0.6666666666666448,2.257524219247295e-14,-29530875504357.83,0.0,1804,full,fine_positive,DPA,-0.6666666666666891,-0.6666666666666005,0.0
State Data Inspectorate,4.0852737859253807e-16,4.2120593120189136e-16,0.9698993967792058,0.3320966407829178,1804,full,fine_positive,DPA,-4.1703624656316896e-16,1.2340910037482451e-15,0.35176848884600925
State Data Protection Inspectorate,-0.14285714285714357,7.138872046809881e-16,-200111644977558.56,0.0,1804,full,fine_positive,DPA,-0.14285714285714496,-0.14285714285714218,0.0
Swedish Authority for Privacy Protection,-0.9047619047618979,7.07650013529031e-15,-127854431917534.39,0.0,1804,full,fine_positive,DPA,-0.9047619047619118,-0.904761904761884,0.0
Swedish Authority for Privacy Protection (IMY),-0.2361111111111118,7.1768658063178e-16,-328989168089590.06,0.0,1804,full,fine_positive,DPA,-0.23611111111111321,-0.23611111111111038,0.0
Swedish Data Protection Authority,0.6250000000000051,5.178733033957674e-15,120685888981299.67,0.0,1804,full,fine_positive,DPA,0.624999999999995,0.6250000000000152,0.0
The Data Inspectorate,-1.249000902703301e-16,1.2889468135984297e-16,-0.9690088757164392,0.3325407607577048,1804,full,fine_positive,DPA,-3.7753366573562233e-16,1.277334851949621e-16,0.35176848884600925
The Data Protection Authority,-0.7949099322426032,1.2906073952086592e-15,-615919244840593.9,0.0,1804,full,fine_positive,DPA,-0.7949099322426058,-0.7949099322426006,0.0
The Information Commissioner,-0.6666666666666637,2.8924973967442015e-15,-230481336791198.0,0.0,1804,full,fine_positive,DPA,-0.6666666666666694,-0.6666666666666581,0.0
The National Supervisory Authority,0.9183673469387763,7.949482929109134e-16,1155254190905840.2,0.0,1804,full,fine_positive,DPA,0.9183673469387748,0.9183673469387779,0.0
The National Supervisory Authority for Personal Data Processing,0.01898734177215187,3.4859131319745784e-17,544687749043149.1,0.0,1804,full,fine_positive,DPA,0.018987341772151802,0.01898734177215194,0.0
The National Supervisory Authority for the Processing of Personal Data,0.04026845637584061,1.7320609986056249e-15,23248867336807.566,0.0,1804,full,fine_positive,DPA,0.04026845637583722,0.040268456375844,0.0
The Norwegian Data Protection Authority,1.7512033489985868e-15,1.8059765041542895e-15,0.9696711695696439,0.33221042553971336,1804,full,fine_positive,DPA,-1.7885105991438207e-15,5.290917297140994e-15,0.35176848884600925
The Personal Data Protection Authority,4.675079767757495e-16,4.816867255718352e-16,0.9705643771286134,0.3317652523570239,1804,full,fine_positive,DPA,-4.765980053450474e-16,1.4116139588965464e-15,0.35176848884600925
The State Commissioner for Data Protection Lower Saxony,1.861358289723114e-15,1.9191942142225957e-15,0.9698644753767616,0.3321140495346725,1804,full,fine_positive,DPA,-1.9002623701531733e-15,5.622978949599401e-15,0.35176848884600925
DE,2424819.884526237,5009465.423964761,0.48404763369084275,0.6283520640976131,486,time_observed,fine_eur,Country,-7393732.346444695,12243372.115497168,0.6368927717649593
ES,-1413847.1814514035,333702.4170663231,-4.236850286794304,2.2667716985257957e-05,486,time_observed,fine_eur,Country,-2067903.918901397,-759790.4440014103,2.878965514915974e-05
FR,-5038985.739940741,2411356.6219561384,-2.0896891376660083,0.03664573339809297,486,time_observed,fine_eur,Country,-9765244.718974773,-312726.7609067103,0.04289029783364244
GB,-6240014.166699835,0.8100925873009825,-7702840.717861568,0.0,486,time_observed,fine_eur,Country,-6240015.754481306,-6240012.578918364,0.0
GR,-2293533.8779207105,4535294.274588622,-0.5057078414451391,0.6130617626975214,486,time_observed,fine_eur,Country,-11182710.65611441,6595642.900272989,0.6226035800157708
HU,7871642.318326035,3634711.390744178,2.1656856548146397,0.03033521597108109,486,time_observed,fine_eur,Country,747607.9924674453,14995676.644184623,0.03566437553356831
IE,199810130.3196557,139671650.61693045,1.430570408791571,0.15255337331856925,486,time_observed,fine_eur,Country,-73946304.889528,473566565.52883935,0.17125346424149065
IS,2306596.161590214,2043310.4777095967,1.1288525100579632,0.2589600570932764,486,time_observed,fine_eur,Country,-1698292.3747205958,6311484.697901024,0.2863922665311235
IT,-5149049.486691382,296557.30894831114,-17.362746866538508,1.5798082985212798e-67,486,time_observed,fine_eur,Country,-5730301.812230072,-4567797.161152692,2.0983713278068905e-67
LU,-11922505.647846699,1.0307764064044151,-11566529.437198836,0.0,486,time_observed,fine_eur,Country,-11922507.668168455,-11922503.627524942,0.0
LV,-2081089.6878168397,1158291.0297007142,-1.7966898080481237,0.07238487787663996,486,time_observed,fine_eur,Country,-4351340.106030239,189160.73039655993,0.08378027993704226
NL,-1799676.3566313116,718398.9982399883,-2.5051209161487606,0.012240953772154102,486,time_observed,fine_eur,Country,-3207738.3931816886,-391614.32008093456,0.014756992769201942
NO,-8024875.51610821,3285338.6436187783,-2.442632674015262,0.014580569215419725,486,time_observed,fine_eur,Country,-14464139.257601015,-1585611.7746154051,0.017416606705833174
PL,-3253808.8933954546,1221513.7025156405,-2.663751447645993,0.007727463564983006,486,time_observed,fine_eur,Country,-5647975.75032611,-859642.0364647992,0.00938078135097937
PT,-487119.13535988703,0.5,-974238.2707197741,0.0,486,time_observed,fine_eur,Country,-487120.115359887,-487118.15535988705,0.0
RO,-3105186.567558732,2599710.0911181546,-1.1944357096460583,0.23230757521569134,486,time_observed,fine_eur,Country,-8200618.346150314,1990245.2110328507,0.2574618986466898
SE,-3333450.171844586,3515532.644984356,-0.9482062914706398,0.3430244448987595,486,time_observed,fine_eur,Country,-10223894.156013925,3556993.812324752,0.36129278070381404
SI,903908.5764131518,1476509.536834229,0.6121928466179868,0.5404101738427407,486,time_observed,fine_eur,Country,-1990050.1157819368,3797867.2686082404,0.5498910540855958
A.N.S.P.D.C.P,-11786142.677464068,1.4897037793387791e-08,-791173576984242.6,0.0,449,time_observed,fine_eur,DPA,-11786142.677464098,-11786142.677464038,0.0
A.N.S.P.D.C.P.,1042032.9740274958,6.42940872149481e-08,16207290890432.42,0.0,449,time_observed,fine_eur,DPA,1042032.9740273699,1042032.9740276218,0.0
Agencia Española de Protección de Datos,1595474.1913604923,3.3687705414066393e-09,473607261684940.3,0.0,449,time_observed,fine_eur,DPA,1595474.1913604857,1595474.1913604988,0.0
Autoriteit Persoonsgegevens,-1872529.1758526824,1.3139951284423519e-08,-142506553892055.38,0.0,449,time_observed,fine_eur,DPA,-1872529.1758527083,-1872529.1758526566,0.0
Berlin Commissioner for Data Protection and Freedom of Information,1073071.2041781824,8.148806998091725e-09,131684454476523.08,0.0,449,time_observed,fine_eur,DPA,1073071.2041781663,1073071.2041781985,0.0
Comissão Nacional de Proteção de Dados,-487119.13536018133,1.0858285324957505e-08,-44861515495503.68,0.0,449,time_observed,fine_eur,DPA,-487119.13536020264,-487119.13536016,0.0
Commission Nationale de l'Informatique et des Libertés,-14437706.468696624,1.359635693492871e-08,-1061880512389793.8,0.0,449,time_observed,fine_eur,DPA,-14437706.46869665,-14437706.468696598,0.0
Commission Nationale de l'Informatique et des Libertés (CNIL),-1333636.9047146328,4.393181285851925e-08,-30356974090952.273,0.0,449,time_observed,fine_eur,DPA,-1333636.904714719,-1333636.9047145466,0.0
Commission nationale de l'informatique et des libertés,-1744854.9186090901,3.732235093196222e-08,-46750938111854.75,0.0,449,time_observed,fine_eur,DPA,-1744854.9186091633,-1744854.918609017,0.0
Data Protection Authority,-6548303.156816447,5.590253542358776e-09,-1171378562206219.2,0.0,449,time_observed,fine_eur,DPA,-6548303.156816458,-6548303.156816436,0.0
Data Protection Commission,52526185.45499189,1.4081138492702801e-08,3730251320389489.5,0.0,449,time_observed,fine_eur,DPA,52526185.45499186,52526185.45499192,0.0
Data State Inspectorate,-294445.9160065744,9.778568397709649e-09,-30111352094805.613,0.0,449,time_observed,fine_eur,DPA,-294445.91600659356,-294445.91600655526,0.0
Datainspektionen,6648114.504609391,5.0604091458152697e-08,131375039310943.5,0.0,449,time_observed,fine_eur,DPA,6648114.504609292,6648114.50460949,0.0
Datatilsynet,-12103880.961332815,2.8618450787431884e-08,-422939768865768.6,0.0,449,time_observed,fine_eur,DPA,-12103880.96133287,-12103880.961332759,0.0
Dutch Data Protection Authority,-3371352.3108074013,4.656461141765229e-09,-724015987284572.9,0.0,449,time_observed,fine_eur,DPA,-3371352.3108074106,-3371352.310807392,0.0
Garante per la protezione dei dati personali,-5357332.757737272,1.7574003589233977e-08,-304844182518503.2,0.0,449,time_observed,fine_eur,DPA,-5357332.757737307,-5357332.757737238,0.0
Guarantor for the Protection of Personal Data,6903871.122687075,8.394808718789392e-08,82239766907788.17,0.0,449,time_observed,fine_eur,DPA,6903871.12268691,6903871.12268724,0.0
Information Commissioner,305925.490876833,4.601591561544632e-08,6648253909222.268,0.0,449,time_observed,fine_eur,DPA,305925.4908767428,305925.49087692314,0.0
Information Commissioner (Slovenia),2713523.1159325056,2.3912459693612037e-08,113477373331752.86,0.0,449,time_observed,fine_eur,DPA,2713523.1159324585,2713523.1159325526,0.0
Information Commissioner of the Republic of Slovenia,11002868.84448044,7.424190006569547e-08,148202953248020.03,0.0,449,time_observed,fine_eur,DPA,11002868.844480295,11002868.844480585,0.0
Information Commissioner's Office,-6240014.166699868,2.334633204951772e-09,-2672802799799453.5,0.0,449,time_observed,fine_eur,DPA,-6240014.166699872,-6240014.166699863,0.0
Integritetsskyddsmyndigheten,-103381.75566928089,2.281665959465801e-08,-4530976817197.436,0.0,449,time_observed,fine_eur,DPA,-103381.7556693256,-103381.75566923617,0.0
Integritetsskyddsmyndigheten (IMY),-10641166.81152277,1.9981655483327444e-09,-5325468062644603.0,0.0,449,time_observed,fine_eur,DPA,-10641166.811522774,-10641166.811522767,0.0
Integrity Protection Authority,1356199.6070063654,1.1862070186995248e-08,114330769050178.84,0.0,449,time_observed,fine_eur,DPA,1356199.6070063422,1356199.6070063887,0.0
National Authority for Data Protection and Freedom of Information,8103870.060199834,4.1484835626631885e-09,1953453578347414.0,0.0,449,time_observed,fine_eur,DPA,8103870.060199826,8103870.060199843,0.0
National Commission for Data Protection,-11922505.647846991,1.7764399255840665e-08,-671146008156006.4,0.0,449,time_observed,fine_eur,DPA,-11922505.647847027,-11922505.647846956,0.0
National Commission for Informatics and Freedoms,-5226351.286716391,9.900800502681752e-09,-527871588292357.8,0.0,449,time_observed,fine_eur,DPA,-5226351.286716411,-5226351.286716372,0.0
National Commission for Information Technology and Civil Liberties,-4543358.575774451,1.008414866013857e-08,-450544585259219.94,0.0,449,time_observed,fine_eur,DPA,-4543358.57577447,-4543358.575774431,0.0
National Commission for Information Technology and Freedoms,-4463833.083913727,1.2501265209210018e-08,-357070505201753.56,0.0,449,time_observed,fine_eur,DPA,-4463833.083913751,-4463833.0839137025,0.0
National Commission for Information Technology and Liberties,-5999454.401107104,1.4958153845872674e-08,-401082544204644.75,0.0,449,time_observed,fine_eur,DPA,-5999454.401107132,-5999454.401107075,0.0
National Data Protection and Freedom of Information Authority,5074244.930602923,1.0500476131769217e-08,483239509040050.3,0.0,449,time_observed,fine_eur,DPA,5074244.930602903,5074244.9306029435,0.0
National Supervisory Authority,-444055.2386599146,1.8052741657269563e-09,-245976620665316.12,0.0,449,time_observed,fine_eur,DPA,-444055.23865991813,-444055.23865991103,0.0
National Supervisory Authority for Personal Data Processing,-6594267.424854177,1.915988245426406e-08,-344170557444448.9,0.0,449,time_observed,fine_eur,DPA,-6594267.424854214,-6594267.42485414,0.0
Norwegian Data Protection Authority,-735863.5448680259,1.9145407599728124e-08,-38435512069143.7,0.0,449,time_observed,fine_eur,DPA,-735863.5448680634,-735863.5448679884,0.0
Personal Data Protection Authority,1631045.5982258804,1.7731858717828316e-08,91983904461519.44,0.0,449,time_observed,fine_eur,DPA,1631045.5982258457,1631045.598225915,0.0
Persónuvernd,4026835.450191619,2.35248549340085e-08,171173657031578.94,0.0,449,time_observed,fine_eur,DPA,4026835.450191573,4026835.450191665,0.0
President of the Office for Personal Data Protection,-5080875.107178862,2.4298641986336872e-08,-209101196274089.66,0.0,449,time_observed,fine_eur,DPA,-5080875.10717891,-5080875.107178815,0.0
President of the Personal Data Protection Office,-2225251.1754141655,3.438417538912091e-09,-647173052787018.8,0.0,449,time_observed,fine_eur,DPA,-2225251.175414172,-2225251.175414159,0.0
President of the Personal Data Protection Office (UODO),1877119.1069730055,1.4554441365148928e-08,128972253889993.11,0.0,449,time_observed,fine_eur,DPA,1877119.1069729768,1877119.106973034,0.0
Privacy Board,2568795.6266007684,2.4404271992562222e-08,105260080177096.44,0.0,449,time_observed,fine_eur,DPA,2568795.6266007205,2568795.6266008164,0.0
Privacy Policy Board,1813881.127210468,3.190257939753118e-08,56856879959707.5,0.0,449,time_observed,fine_eur,DPA,1813881.1272104054,1813881.1272105307,0.0
Spanish Agency for Data Protection,-2398778.7750045657,2.9624253113064376e-08,-80973476895749.92,0.0,449,time_observed,fine_eur,DPA,-2398778.775004624,-2398778.7750045075,0.0
Spanish Data Protection Agency,-1356514.2985677682,9.98602351343567e-09,-135841288250788.67,0.0,449,time_observed,fine_eur,DPA,-1356514.2985677877,-1356514.2985677486,0.0
Swedish Authority for Privacy Protection (IMY),13114724.268824048,6.84499787839675e-09,1915957389879543.2,0.0,449,time_observed,fine_eur,DPA,13114724.268824035,13114724.268824061,0.0
Swedish Data Protection Authority,-14929581.251556557,2.7502223618536404e-09,-5428499694655261.0,0.0,449,time_observed,fine_eur,DPA,-14929581.251556562,-14929581.251556551,0.0
The Data Protection Authority,6294326.0963293165,2.0723297148256427e-08,303731884521035.06,0.0,449,time_observed,fine_eur,DPA,6294326.0963292755,6294326.0963293575,0.0
DE,-0.222758926567216,0.4804213775018201,-0.4636740515702219,0.6428812907833292,486,time_observed,fine_log1p,Country,-1.1643848264707835,0.7188669733363514,0.650356654629647
ES,-0.636311464898135,0.2132739015134612,-2.983541166465569,0.0028493370298519334,486,time_observed,fine_log1p,Country,-1.054328311864519,-0.21829461793175098,0.003491441149255186
FR,0.34614998247128914,0.4682716522591735,0.7392076389875211,0.4597809229411508,486,time_observed,fine_log1p,Country,-0.5716624559566909,1.263962420899269,0.4696783596385141
GB,0.961295769320239,1.666000468656264e-08,57700810.25820992,0.0,486,time_observed,fine_log1p,Country,0.9612957366666298,0.9612958019738481,0.0
GR,-1.0493372689088176,0.26053496156042394,-4.027625554067732,5.6342981166885617e-05,486,time_observed,fine_log1p,Country,-1.5599857935672485,-0.5386887442503867,7.104115016694274e-05
HU,1.6849295839529927,0.18548400810621854,9.083961475471824,1.0469334661676423e-19,486,time_observed,fine_log1p,Country,1.3213809280648043,2.048478239841181,1.3800486599482559e-19
IE,3.2493791149200137,1.049654343635552,3.0956658585964205,0.001963715139300867,486,time_observed,fine_log1p,Country,1.1920566013943317,5.306701628445696,0.0024119042416824764
IS,1.1672139693835897,0.54191241688098,2.1538793595127097,0.031249634028535523,486,time_observed,fine_log1p,Country,0.10506563229686883,2.2293623064703105,0.03665687407392257
IT,-0.911588380280462,0.036597727720912604,-24.908332758581725,6.043831894545114e-137,486,time_observed,fine_log1p,Country,-0.9833199266134507,-0.8398568339474732,8.110232002448714e-137
LU,-4.309578475109057,2.5809568279517847e-08,-166976000.08013636,0.0,486,time_observed,fine_log1p,Country,-4.309578525695811,-4.309578424522304,0.0
LV,-1.1761076719307566,0.2539514932032755,-4.631229598596379,3.635005029847274e-06,486,time_observed,fine_log1p,Country,-1.6738525986091766,-0.6783627452523366,4.673577895517924e-06
NL,0.12856614183339962,0.2087984212645269,0.615742882799478,0.5380642299210614,486,time_observed,fine_log1p,Country,-0.28067876384507306,0.5378110475118724,0.5485732969117072
NO,0.9418238855605051,0.24240644665721217,3.8853087388898597,0.00010219992565861195,486,time_observed,fine_log1p,Country,0.46670725011236924,1.416940521008641,0.00012855026793685647
PL,-1.018622178837523,0.43983937015133684,-2.315895865545284,0.02056395512974152,486,time_observed,fine_log1p,Country,-1.880707344334143,-0.15653701334090275,0.02434100811275527
PT,1.0998176605900198,1.666000468656264e-08,66015447.25116993,0.0,486,time_observed,fine_log1p,Country,1.0998176279364107,1.099817693243629,0.0
RO,-2.3523910918842628,0.29045390849461517,-8.0990168253421,5.540512189769994e-16,486,time_observed,fine_log1p,Country,-2.9216807525337085,-1.783101431234817,7.248489631729165e-16
SE,1.1133013391428639,0.24808414211048763,4.487595739380391,7.203144521940704e-06,486,time_observed,fine_log1p,Country,0.6270564206063082,1.5995462576794197,9.193255355630924e-06
SI,-0.2620012570580761,0.14397620584105797,-1.8197538650748406,0.06879649632615549,486,time_observed,fine_log1p,Country,-0.5441946205065498,0.020192106390397535,0.07980393573834037
A.N.S.P.D.C.P,-2.6345178366296627,9.179857508179156e-15,-286988968432498.56,0.0,449,time_observed,fine_log1p,DPA,-2.634517836629681,-2.6345178366296444,0.0
A.N.S.P.D.C.P.,-2.4147779134113003,1.2298094820481378e-14,-196353821356922.97,0.0,449,time_observed,fine_log1p,DPA,-2.4147779134113243,-2.4147779134112763,0.0
Agencia Española de Protección de Datos,1.352818354407305,4.979700411972172e-15,271666614954358.6,0.0,449,time_observed,fine_log1p,DPA,1.3528183544072951,1.3528183544073147,0.0
Autoriteit Persoonsgegevens,0.359684540952375,4.338244349103429e-15,82910161809283.48,0.0,449,time_observed,fine_log1p,DPA,0.3596845409523665,0.3596845409523835,0.0
Berlin Commissioner for Data Protection and Freedom of Information,-0.08707610423930534,9.412996746482147e-15,-9250625128692.166,0.0,449,time_observed,fine_log1p,DPA,-0.08707610423932378,-0.0870761042392869,0.0
Comissão Nacional de Proteção de Dados,1.0998176605900194,7.538168705129212e-15,145899846980297.5,0.0,449,time_observed,fine_log1p,DPA,1.0998176605900045,1.0998176605900343,0.0
Commission Nationale de l'Informatique et des Libertés,0.7948798405760136,2.2838715259747334e-15,348040523092369.1,0.0,449,time_observed,fine_log1p,DPA,0.7948798405760091,0.794879840576018,0.0
Commission Nationale de l'Informatique et des Libertés (CNIL),0.1439533951421943,1.5387189727995587e-14,9355405222584.877,0.0,449,time_observed,fine_log1p,DPA,0.14395339514216413,0.14395339514222447,0.0
Commission nationale de l'informatique et des libertés,1.35021613737752,3.9167392034968345e-16,3447296506675904.0,0.0,449,time_observed,fine_log1p,DPA,1.3502161373775194,1.3502161373775208,0.0
Data Protection Authority,3.218403590437752,3.1808484623023378e-15,1011806638568450.1,0.0,449,time_observed,fine_log1p,DPA,3.2184035904377457,3.218403590437758,0.0
Data Protection Commission,2.894287679450549,1.0491265723632931e-15,2758759291484527.0,0.0,449,time_observed,fine_log1p,DPA,2.8942876794505468,2.894287679450551,0.0
Data State Inspectorate,-1.002736340550376,1.37552150598749e-14,-72898630532898.08,0.0,449,time_observed,fine_log1p,DPA,-1.0027363405504028,-1.002736340550349,0.0
Datainspektionen,3.0820527955071175,4.751122680572533e-15,648699897417869.9,0.0,449,time_observed,fine_log1p,DPA,3.082052795507108,3.082052795507127,0.0
Datatilsynet,1.2529754020655282,5.455650558912653e-15,229665626222815.56,0.0,449,time_observed,fine_log1p,DPA,1.2529754020655175,1.2529754020655388,0.0
Dutch Data Protection Authority,0.12101983779555203,8.770476107587631e-15,13798548255647.574,0.0,449,time_observed,fine_log1p,DPA,0.12101983779553484,0.12101983779556923,0.0
Garante per la protezione dei dati personali,-0.8858844296019932,6.759289556537269e-15,-131061766505506.06,0.0,449,time_observed,fine_log1p,DPA,-0.8858844296020064,-0.88588442960198,0.0
Guarantor for the Protection of Personal Data,-2.3990226582220933,9.507022241175123e-15,-252342173749407.38,0.0,449,time_observed,fine_log1p,DPA,-2.399022658222112,-2.3990226582220746,0.0
Information Commissioner,-0.1636917186361626,5.6833020264052495e-15,-28802220588600.215,0.0,449,time_observed,fine_log1p,DPA,-0.16369171863617374,-0.16369171863615148,0.0
Information Commissioner (Slovenia),0.29072223337937375,5.230103027686288e-15,55586330104855.414,0.0,449,time_observed,fine_log1p,DPA,0.2907222333793635,0.290722233379384,0.0
Information Commissioner of the Republic of Slovenia,-1.031645433770645,1.205150524150698e-14,-85603035728476.61,0.0,449,time_observed,fine_log1p,DPA,-1.0316454337706686,-1.0316454337706216,0.0
Information Commissioner's Office,0.9612957693202371,7.460455625687595e-16,1288521529449669.5,0.0,449,time_observed,fine_log1p,DPA,0.9612957693202356,0.9612957693202385,0.0
Integritetsskyddsmyndigheten,1.1973925289795417,3.2266165823956315e-15,371098486108481.6,0.0,449,time_observed,fine_log1p,DPA,1.1973925289795355,1.197392528979548,0.0
Integritetsskyddsmyndigheten (IMY),0.9643607724520291,4.76399790843635e-15,202426783341841.06,0.0,449,time_observed,fine_log1p,DPA,0.9643607724520198,0.9643607724520384,0.0
Integrity Protection Authority,0.6000733537054401,3.560672003172529e-15,168528118616592.56,0.0,449,time_observed,fine_log1p,DPA,0.6000733537054331,0.6000733537054471,0.0
National Authority for Data Protection and Freedom of Information,1.7265216689578664,6.005101592652117e-15,287509152396430.75,0.0,449,time_observed,fine_log1p,DPA,1.7265216689578546,1.7265216689578782,0.0
National Commission for Data Protection,-4.3095784751090775,1.3871784679026332e-14,-310672244042615.06,0.0,449,time_observed,fine_log1p,DPA,-4.309578475109105,-4.30957847510905,0.0
National Commission for Informatics and Freedoms,-1.4158165022875404,2.797670859635602e-15,-506069717747980.94,0.0,449,time_observed,fine_log1p,DPA,-1.415816502287546,-1.4158165022875349,0.0
National Commission for Information Technology and Civil Liberties,-0.9331076748765483,4.371360718180419e-15,-213459317369021.62,0.0,449,time_observed,fine_log1p,DPA,-0.9331076748765569,-0.9331076748765398,0.0
National Commission for Information Technology and Freedoms,1.6277516876797917,5.344405592548021e-15,304571136956642.94,0.0,449,time_observed,fine_log1p,DPA,1.6277516876797813,1.6277516876798022,0.0
National Commission for Information Technology and Liberties,-0.1272467979919507,7.893948896914437e-15,-16119536578414.96,0.0,449,time_observed,fine_log1p,DPA,-0.12724679799196617,-0.12724679799193525,0.0
National Data Protection and Freedom of Information Authority,1.6709609655701274,1.0952850121764947e-16,1.5255946598316714e+16,0.0,449,time_observed,fine_log1p,DPA,1.6709609655701272,1.6709609655701276,0.0
National Supervisory Authority,-1.7648342061034663,3.3356844864884336e-15,-529077079457642.5,0.0,449,time_observed,fine_log1p,DPA,-1.7648342061034727,-1.7648342061034599,0.0
National Supervisory Authority for Personal Data Processing,-4.027083127041422,4.283933503817e-15,-940043332477797.9,0.0,449,time_observed,fine_log1p,DPA,-4.02708312704143,-4.027083127041414,0.0
Norwegian Data Protection Authority,0.4586827597678469,1.3436182417991837e-15,341378782676873.9,0.0,449,time_observed,fine_log1p,DPA,0.4586827597678443,0.4586827597678495,0.0
Personal Data Protection Authority,-0.8581376191104864,5.867598278695006e-17,-1.4625023363074236e+16,0.0,449,time_observed,fine_log1p,DPA,-0.8581376191104865,-0.8581376191104862,0.0
Persónuvernd,0.6845865720046591,9.708387609803656e-15,70514960827620.3,0.0,449,time_observed,fine_log1p,DPA,0.6845865720046401,0.6845865720046781,0.0
President of the Office for Personal Data Protection,-0.2544974374085318,1.2782926982450546e-14,-19909167732705.258,0.0,449,time_observed,fine_log1p,DPA,-0.25449743740855685,-0.2544974374085068,0.0
President of the Personal Data Protection Office,-1.1011182080175843,6.1939131590072256e-15,-177774240572994.1,0.0,449,time_observed,fine_log1p,DPA,-1.1011182080175965,-1.101118208017572,0.0
President of the Personal Data Protection Office (UODO),-2.0776498859758927,5.413276798637568e-15,-383806327158220.1,0.0,449,time_observed,fine_log1p,DPA,-2.0776498859759034,-2.077649885975882,0.0
Privacy Board,0.7243593106569071,4.4618026640739526e-15,162346783395282.2,0.0,449,time_observed,fine_log1p,DPA,0.7243593106568983,0.7243593106569158,0.0
Privacy Policy Board,1.0196188129495152,3.024981616980951e-14,33706611875781.723,0.0,449,time_observed,fine_log1p,DPA,1.0196188129494559,1.0196188129495745,0.0
Spanish Agency for Data Protection,-0.5846530440895452,9.13614390099737e-15,-63993414554878.02,0.0,449,time_observed,fine_log1p,DPA,-0.5846530440895631,-0.5846530440895273,0.0
Spanish Data Protection Agency,-0.8896247922342435,1.5490809871809167e-15,-574291983179795.1,0.0,449,time_observed,fine_log1p,DPA,-0.8896247922342465,-0.8896247922342405,0.0
Swedish Authority for Privacy Protection (IMY),0.5286862305427174,9.383854341694258e-15,56339986885097.25,0.0,449,time_observed,fine_log1p,DPA,0.5286862305426989,0.5286862305427358,0.0
Swedish Data Protection Authority,0.49954000795675224,1.5081194477722997e-14,33123371540274.324,0.0,449,time_observed,fine_log1p,DPA,0.4995400079567227,0.4995400079567818,0.0
The Data Protection Authority,0.6974105570177276,1.2854163409138728e-15,542556162404081.7,0.0,449,time_observed,fine_log1p,DPA,0.697410557017725,0.6974105570177301,0.0
DE,-0.09999999999999573,0.3002745348500941,-0.3330285735016414,0.739112714541875,489,time_observed,fine_positive,Country,-0.6885380883061801,0.4885380883061886,0.7433850423715969
ES,0.13696172248804256,0.09405551893265747,1.4561795420649943,0.14534299338302395,489,time_observed,fine_positive,Country,-0.04738709461996607,0.32131053959605116,0.16351086755590194
FR,0.19449598021026956,0.10081161433280228,1.9293013160982988,0.05369346646512826,489,time_observed,fine_positive,Country,-0.003094783882022889,0.392086744302562,0.06242313918663018
GB,0.6333333333333376,7.450580596923828e-09,85004561.06666724,0.0,489,time_observed,fine_positive,Country,0.6333333187301997,0.6333333479364756,0.0
GR,0.44523809523809876,0.12205079347856809,3.647973786555364,0.000264316597730364,489,time_observed,fine_positive,Country,0.2060185400201053,0.6844576504560922,0.0003308711367272183
HU,0.10500000000000395,0.041620597203383444,2.522789365248902,0.011642811636985226,489,time_observed,fine_positive,Country,0.0234236294813724,0.18657637051863551,0.014101038687949624
IE,-0.11111111111110861,0.06445712525607757,-1.7237987370625423,0.08474418270030795,489,time_observed,fine_positive,Country,-0.23744707661302064,0.015224854390803427,0.0976522370188979
IS,-0.23739495798318913,0.05721774916977401,-4.148974075837922,3.339686250427772e-05,489,time_observed,fine_positive,Country,-0.3495417463559462,-0.12524816961043206,4.2313500551536336e-05
IT,0.37522554605888436,0.009334853986634318,40.19618802780781,0.0,489,time_observed,fine_positive,Country,0.3569292322450811,0.3935218598726876,0.0
LU,0.5000000000000048,1.1780402288468106e-08,42443372.285296,0.0,489,time_observed,fine_positive,Country,0.4999999769104163,0.5000000230895932,0.0
LV,-0.166666666666663,0.36865609403167815,-0.45209253112832454,0.6512023240556986,489,time_observed,fine_positive,Country,-0.8892326109687522,0.5558992776354262,0.6575002188724848
NL,0.3238095238095279,0.14331202838265863,2.2594720587229524,0.0238540364665702,489,time_observed,fine_positive,Country,0.04291794817951694,0.6047010994395388,0.02810791655880281
NO,0.1039682539682579,0.1261454632803703,0.824193365853979,0.4098296959662858,489,time_observed,fine_positive,Country,-0.14327685406126786,0.35121336199778364,0.4194727476360808
PL,0.4226190476190511,0.1250197475938885,3.380418339924008,0.0007237557807610359,489,time_observed,fine_positive,Country,0.17758034233502965,0.6676577529030726,0.0008952618899461155
PT,4.052314039881821e-15,1.1780402288468106e-08,3.4398774682326867e-07,0.9999997255374877,489,time_observed,fine_positive,Country,-2.3089584433083446e-08,2.3089592537711526e-08,0.9999997255374877
RO,0.11111111111111394,0.08411901804458453,1.3208797926317106,0.18654144856419508,489,time_observed,fine_positive,Country,-0.053762164256271755,0.27598438647849965,0.2076218254808312
SE,-0.18650793650793346,0.17582327441999734,-1.0607693271734502,0.2887947448937943,489,time_observed,fine_positive,Country,-0.5311215543711283,0.15810568135526132,0.3187121708975912
SI,-0.055555555555551805,0.06126328726277127,-0.9068327547828475,0.36449524578552617,489,time_observed,fine_positive,Country,-0.1756315985905835,0.06452048747947989,0.3760207871542385
A.N.S.P.D.C.P,-1.0513335468281242e-15,1.1205872308851874e-15,-0.9381987567336838,0.3481422771911977,450,time_observed,fine_positive,DPA,-3.2476845193630914e-15,1.145017425706843e-15,0.36129278070381404
A.N.S.P.D.C.P.,0.3333333333333377,4.7204826399202525e-15,70614248321643.86,0.0,450,time_observed,fine_positive,DPA,0.33333333333332843,0.33333333333334697,0.0
Agencia Española de Protección de Datos,0.250549450549449,1.6463091469872448e-15,152188579531344.97,0.0,450,time_observed,fine_positive,DPA,0.2505494505494458,0.2505494505494522,0.0
Autoriteit Persoonsgegevens,0.31060606060606094,4.105919243477207e-16,756483608632828.2,0.0,450,time_observed,fine_positive,DPA,0.31060606060606016,0.3106060606060617,0.0
Berlin Commissioner for Data Protection and Freedom of Information,-0.6666666666666667,1.1655512691156186e-16,-5719754114055499.0,0.0,450,time_observed,fine_positive,DPA,-0.666666666666667,-0.6666666666666665,0.0
Comissão Nacional de Proteção de Dados,-3.296885808217725e-16,3.8851708970538025e-16,-0.8485819274302231,0.39611396681242805,450,time_observed,fine_positive,DPA,-1.0911820766443178e-15,4.3180491500077283e-16,0.4062308264756138
Commission Nationale de l'Informatique et des Libertés,0.37346101231190304,1.5837784892107077e-15,235803816541302.53,0.0,450,time_observed,fine_positive,DPA,0.37346101231189993,0.37346101231190615,0.0
Commission Nationale de l'Informatique et des Libertés (CNIL),-0.04347826086956616,1.0033876142825673e-15,-43331470561009.05,0.0,450,time_observed,fine_positive,DPA,-0.043478260869568124,-0.043478260869564196,0.0
Commission nationale de l'informatique et des libertés,0.52,4.8953153303015225e-17,1.0622400497497086e+16,0.0,450,time_observed,fine_positive,DPA,0.5199999999999999,0.5200000000000001,0.0
Data Protection Authority,-0.04521477015825231,6.52328830581516e-16,-69312849652752.24,0.0,450,time_observed,fine_positive,DPA,-0.045214770158253585,-0.04521477015825103,0.0
Data Protection Commission,-0.1999999999999991,9.615797970207875e-16,-207991058692839.28,0.0,450,time_observed,fine_positive,DPA,-0.20000000000000098,-0.1999999999999972,0.0
Data State Inspectorate,0.5000000000000001,5.827756345575237e-17,8579631171087454.0,0.0,450,time_observed,fine_positive,DPA,0.5,0.5000000000000002,0.0
Datainspektionen,0.7499999999999983,1.8138891625619344e-15,413476201015887.56,0.0,450,time_observed,fine_positive,DPA,0.7499999999999948,0.7500000000000019,0.0
Datatilsynet,0.2530562347188267,3.7830545470703585e-16,668920396389199.4,0.0,450,time_observed,fine_positive,DPA,0.253056234718826,0.25305623471882743,0.0
Dutch Data Protection Authority,0.6666666666666675,8.602878414904797e-16,774934428355564.6,0.0,450,time_observed,fine_positive,DPA,0.6666666666666659,0.6666666666666692,0.0
Garante per la protezione dei dati personali,0.3686676568971981,1.0226600799450536e-15,360498726924987.8,0.0,450,time_observed,fine_positive,DPA,0.3686676568971961,0.3686676568972001,0.0
Guarantor for the Protection of Personal Data,0.7547169811320767,1.286504702703622e-15,586641447595193.4,0.0,450,time_observed,fine_positive,DPA,0.7547169811320742,0.7547169811320793,0.0
Information Commissioner,1.262802585686885e-16,1.3459862066787389e-16,0.9381987567338362,0.34814227719111945,450,time_observed,fine_positive,DPA,-1.375330379403443e-16,3.9009355507772133e-16,0.36129278070381404
Information Commissioner (Slovenia),-0.3684210526315782,8.373565696544714e-16,-439981085696388.9,0.0,450,time_observed,fine_positive,DPA,-0.36842105263157987,-0.36842105263157654,0.0
Information Commissioner of the Republic of Slovenia,-1.5254008073513283e-15,1.625882358512152e-15,-0.9381987567336824,0.3481422771911985,450,time_observed,fine_positive,DPA,-4.712130230035146e-15,1.6613286153324895e-15,0.36129278070381404
Information Commissioner's Office,0.633333333333334,6.075435990267668e-16,1042449191050453.2,0.0,450,time_observed,fine_positive,DPA,0.6333333333333327,0.6333333333333352,0.0
Integritetsskyddsmyndigheten,-0.03921568627450904,7.998881258640006e-16,-49026463834739.57,0.0,450,time_observed,fine_positive,DPA,-0.03921568627451061,-0.03921568627450747,0.0
Integritetsskyddsmyndigheten (IMY),-0.46107784431137727,3.053465151116176e-17,-1.5100150861156318e+16,0.0,450,time_observed,fine_positive,DPA,-0.4610778443113773,-0.4610778443113772,0.0
Integrity Protection Authority,1.2002125933726996e-16,1.2792732720646821e-16,0.938198756732889,0.3481422771916063,450,time_observed,fine_positive,DPA,-1.307163019874077e-16,3.7075882066194763e-16,0.36129278070381404
National Authority for Data Protection and Freedom of Information,0.30303030303030215,9.62462790406484e-16,314848850314848.1,0.0,450,time_observed,fine_positive,DPA,0.30303030303030026,0.30303030303030404,0.0
National Commission for Data Protection,0.5000000000000006,4.662205076464421e-16,1072453896384959.4,0.0,450,time_observed,fine_positive,DPA,0.49999999999999967,0.5000000000000014,0.0
National Commission for Informatics and Freedoms,0.49999999999999994,4.3708172591995124e-17,1.143950822806927e+16,0.0,450,time_observed,fine_positive,DPA,0.49999999999999983,0.5,0.0
National Commission for Information Technology and Civil Liberties,-1.513593307886478e-16,1.6132970727396744e-16,-0.9381987567336987,0.3481422771911903,450,time_observed,fine_positive,DPA,-4.67565557045624e-16,1.648468954683284e-16,0.36129278070381404
National Commission for Information Technology and Freedoms,0.5000000000000016,1.6442280498676061e-15,304094070187077.6,0.0,450,time_observed,fine_positive,DPA,0.49999999999999833,0.5000000000000048,0.0
National Commission for Information Technology and Liberties,-0.25000000000000083,8.714316910500922e-16,-286884218886675.94,0.0,450,time_observed,fine_positive,DPA,-0.25000000000000255,-0.2499999999999991,0.0
National Data Protection and Freedom of Information Authority,0.07382550335570458,4.302370456479334e-17,1715926234211746.8,0.0,450,time_observed,fine_positive,DPA,0.0738255033557045,0.07382550335570466,0.0
National Supervisory Authority,1.0580901999596732e-15,1.1209737740746333e-15,0.943902724961723,0.3452193594120997,450,time_observed,fine_positive,DPA,-1.139018397226608e-15,3.2551987971459544e-15,0.36129278070381404
National Supervisory Authority for Personal Data Processing,9.728760463905496e-16,1.0369615600191038e-15,0.9381987567336889,0.3481422771911953,450,time_observed,fine_positive,DPA,-1.0595686112468935e-15,3.0053207040279928e-15,0.36129278070381404
Norwegian Data Protection Authority,-0.17543859649122753,6.21116136831614e-16,-282456993286570.06,0.0,450,time_observed,fine_positive,DPA,-0.17543859649122875,-0.1754385964912263,0.0
Personal Data Protection Authority,0.33333333333333376,4.288349009011931e-16,777299918063656.8,0.0,450,time_observed,fine_positive,DPA,0.3333333333333329,0.3333333333333346,0.0
Persónuvernd,-0.2908255046971818,1.425779285826176e-16,-2039765253909277.8,0.0,450,time_observed,fine_positive,DPA,-0.2908255046971821,-0.29082550469718155,0.0
President of the Office for Personal Data Protection,0.21221864951768582,9.444338257789628e-16,224704625909231.16,0.0,450,time_observed,fine_positive,DPA,0.21221864951768396,0.21221864951768768,0.0
President of the Personal Data Protection Office,0.5953488372093027,3.4153362769449157e-16,1743163158568542.8,0.0,450,time_observed,fine_positive,DPA,0.595348837209302,0.5953488372093033,0.0
President of the Personal Data Protection Office (UODO),0.7113402061855673,2.5233584176740276e-16,2819021670497621.5,0.0,450,time_observed,fine_positive,DPA,0.7113402061855668,0.7113402061855677,0.0
Privacy Board,-0.4137931034482749,1.055024855665438e-15,-392211710677927.44,0.0,450,time_observed,fine_positive,DPA,-0.41379310344827697,-0.41379310344827286,0.0
Privacy Policy Board,0.5000000000000019,1.92315959404157e-15,259988823366051.97,0.0,450,time_observed,fine_positive,DPA,0.4999999999999981,0.5000000000000057,0.0
Spanish Agency for Data Protection,0.4480874316939885,6.200350603740454e-16,722680797153104.6,0.0,450,time_observed,fine_positive,DPA,0.4480874316939873,0.44808743169398974,0.0
Spanish Data Protection Agency,0.05251618291919047,7.935191810035812e-16,66181365462107.79,0.0,450,time_observed,fine_positive,DPA,0.052516182919188914,0.05251618291919202,0.0
Swedish Authority for Privacy Protection (IMY),-0.3333333333333323,1.1558383418734705e-15,-288390963733769.5,0.0,450,time_observed,fine_positive,DPA,-0.3333333333333346,-0.33333333333333004,0.0
Swedish Data Protection Authority,2.2727906153212465e-16,2.4225043989972923e-16,0.938198756733728,0.3481422771911752,450,time_observed,fine_positive,DPA,-2.4753180067134466e-16,7.02089923735594e-16,0.36129278070381404
The Data Protection Authority,-0.4774774774774775,5.355235560804931e-17,-8916087295433725.0,0.0,450,time_observed,fine_positive,DPA,-0.4774774774774776,-0.4774774774774774,0.0
