decision_id,fine_imposed,fine_amount_log,fine_category,severe_measures,remedy_only,article5_violation,rights_violation,enforcement_outcome
Spain_306,1,8.006700845440367,1,1,0,0,1,2
Spain_168,0,0.0,0,0,1,1,0,0
Spain_426,1,12.04355959836804,3,1,0,1,1,2
Finland_2,0,0.0,0,0,1,1,0,0
Hungary_10,0,0.0,0,0,1,1,1,0
Italy_281,0,0.0,0,1,1,1,1,1
Finland_30,1,10.12667110305036,2,1,0,1,0,2
Iceland_51,0,0.0,0,0,1,1,1,0
Romania_84,1,7.601402334583733,1,1,0,0,1,2
Romania_141,1,8.006700845440367,1,1,0,1,1,2
Iceland_100,0,0.0,0,0,0,0,0,0
Spain_422,1,9.61587214452889,2,1,0,1,1,2
United Kingdom_40,1,11.884495917930655,3,0,0,0,0,1
France_43,1,12.611541086966115,3,1,0,1,1,2
Spain_48,0,0.0,0,0,0,0,1,0
United Kingdom_18,1,14.652758515398315,4,1,0,1,1,2
Spain_591,0,0.0,0,0,1,0,0,0
France_58,0,0.0,0,0,0,0,0,0
Romania_147,0,8.006700845440367,-1,0,0,0,0,0
Romania_43,1,7.601402334583733,1,0,0,0,0,1
Spain_382,1,8.006700845440367,1,1,0,1,1,2
Spain_480,0,0.0,0,0,0,0,0,0
Spain_231,1,9.798182590890704,2,1,0,1,1,2
Spain_425,1,14.508658238524095,4,1,0,1,1,2
Italy_86,0,8.006700845440367,-1,1,1,0,0,1
Germany_34,0,0.0,0,0,0,0,0,0
Finland_43,0,0.0,0,1,1,1,1,1
Hungary_50,0,0.0,0,0,0,0,0,0
United Kingdom_30,0,0.0,0,1,1,0,0,1
Norway_16,1,8.160803920954665,1,1,0,1,1,2
Netherlands_19,0,0.0,0,0,0,0,1,0
Spain_577,1,11.289794413577894,2,0,0,0,0,1
Iceland_35,0,0.0,0,0,0,0,0,0
United Kingdom_52,1,11.225256725762893,2,0,0,0,0,1
Spain_5,0,0.0,0,0,0,0,0,0
Spain_140,1,12.429220196836383,3,1,0,1,1,2
United Kingdom_21,1,9.798182590890704,2,1,0,1,0,2
France_21,1,8.006700845440367,1,1,0,1,0,2
Spain_540,0,8.006700845440367,-1,0,0,0,1,0
Slovenia_25,0,0.0,0,0,0,0,1,0
Romania_118,0,8.006700845440367,-1,0,0,0,0,0
Poland_34,1,11.977772069593474,3,1,0,1,1,2
Italy_99,1,8.294299608857235,1,1,0,1,0,2
Greece_42,1,9.61587214452889,2,1,0,1,1,2
Italy_138,1,8.517393171418904,1,1,0,1,1,2
Spain_617,0,0.0,0,0,0,0,1,0
Spain_131,1,8.006700845440367,1,1,0,1,0,2
Iceland_65,0,8.006700845440367,-1,0,1,1,0,0
Poland_62,1,10.757924157061597,2,1,0,1,1,2
Spain_71,0,0.0,0,1,1,1,1,1
Spain_557,1,11.918397239722838,3,1,0,1,0,2
Italy_180,1,10.596659732783579,2,1,0,1,1,2
Spain_448,0,8.006700845440367,-1,0,0,0,0,0
Netherlands_4,1,13.07107218827772,3,1,0,1,0,2
Italy_222,0,8.006700845440367,-1,0,0,0,0,0
Spain_379,0,0.0,0,0,0,0,1,0
Italy_293,1,9.210440366976517,1,1,0,1,0,2
Slovenia_9,0,0.0,0,0,0,0,0,0
Spain_155,1,14.285514812209815,4,1,0,1,1,2
Luxembourg_9,0,8.006700845440367,-1,1,1,0,0,1
Netherlands_31,1,15.373655386537118,4,1,0,1,1,2
Sweden_37,1,17.370858648025116,4,1,0,1,0,2
Poland_25,1,15.407137390654214,4,0,0,1,0,1
Spain_371,1,10.933124826700707,2,1,0,1,1,2
Spain_217,1,11.918397239722838,3,1,0,1,1,2
Norway_7,0,0.0,0,1,1,0,1,1
Italy_149,0,0.0,0,1,1,0,0,1
Iceland_57,0,0.0,0,1,1,0,0,1
Greece_41,1,8.517393171418904,1,1,0,1,1,2
Slovenia_53,0,0.0,0,0,0,0,0,0
Iceland_19,0,8.006700845440367,-1,0,0,0,0,0
Italy_108,1,14.151983508870947,4,1,0,1,1,2
France_20,1,17.370858648025116,4,1,0,1,1,2
Italy_146,0,0.0,0,0,0,1,0,0
Romania_109,0,8.006700845440367,-1,1,1,0,0,1
France_63,1,13.592368256649284,3,1,0,1,1,2
Spain_3,0,0.0,0,1,1,1,1,1
Italy_249,0,8.006700845440367,-1,0,0,0,0,0
Romania_75,0,8.006700845440367,-1,0,1,0,0,0
Spain_571,0,0.0,0,1,1,1,0,1
Spain_583,1,11.156264806643742,2,1,0,1,1,2
Spain_295,0,0.0,0,0,0,0,0,0
France_45,1,15.894952224644102,4,1,0,1,1,2
Poland_22,1,14.180535543074416,4,1,0,1,1,2
Italy_208,0,8.006700845440367,-1,0,0,1,0,0
Spain_139,1,7.0909098220799835,1,1,0,1,1,2
Netherlands_25,0,8.006700845440367,-1,1,0,0,0,1
Romania_15,1,6.90875477931522,1,1,0,0,0,2
Italy_206,0,8.006700845440367,-1,1,1,1,0,1
France_37,1,14.220976332738882,4,1,0,1,0,2
Italy_201,0,0.0,0,1,1,1,1,1
Slovenia_14,0,0.0,0,0,0,0,1,0
Greece_120,0,8.006700845440367,-1,0,0,0,0,0
Lithuania_3,1,9.392745258631441,2,1,0,1,1,2
Iceland_98,1,15.424948670398354,4,1,0,1,1,2
Spain_14,0,0.0,0,0,0,0,1,0
Spain_141,0,0.0,0,0,0,0,1,0
France_8,0,0.0,0,0,1,1,1,0
Italy_247,1,8.412054873292933,1,1,0,1,1,2
Iceland_56,0,0.0,0,0,0,0,0,0
Norway_66,0,0.0,0,0,0,0,0,0
Spain_587,0,0.0,0,1,1,0,1,1
Iceland_18,0,8.006700845440367,-1,0,0,0,0,0
Italy_159,1,9.90353755128617,2,1,0,1,0,2
Spain_117,0,0.0,0,0,1,1,1,0
Italy_121,1,8.699681400989514,1,1,0,1,0,2
Spain_597,0,0.0,0,0,1,0,1,0
Italy_8,0,8.006700845440367,-1,0,0,0,0,0
Spain_389,1,10.778977123006351,2,1,0,1,0,2
Poland_2,0,8.006700845440367,-1,0,0,0,0,0
Poland_32,1,15.215010835851032,4,1,0,1,1,2
Slovenia_57,0,8.006700845440367,-1,0,0,0,0,0
Poland_8,1,8.517393171418904,1,1,0,0,1,2
Greece_91,1,8.517393171418904,1,1,0,1,1,2
France_33,1,12.100717685412471,3,1,0,1,0,2
United Kingdom_38,0,8.006700845440367,-1,0,0,0,0,0
Spain_210,1,12.206077645517674,3,1,0,1,1,2
Norway_2,0,8.006700845440367,-1,0,0,0,0,0
Greece_32,1,7.601402334583733,1,0,0,0,0,1
Italy_37,1,8.987321812850125,1,1,0,1,1,2
Italy_265,0,0.0,0,1,1,1,0,1
United Kingdom_28,1,11.002116507732017,2,1,0,1,1,2
Spain_452,1,7.601402334583733,1,1,0,1,1,2
United Kingdom_48,0,0.0,0,1,1,1,0,1
Spain_623,0,8.006700845440367,-1,0,0,0,0,0
Spain_327,0,0.0,0,0,1,0,0,0
Italy_64,1,8.517393171418904,1,1,0,0,1,2
Spain_259,1,8.294299608857235,1,1,0,1,1,2
Spain_129,1,8.294299608857235,1,1,0,1,1,2
Italy_294,1,9.90353755128617,2,1,0,1,1,2
Finland_7,0,0.0,0,0,1,1,1,0
Germany_8,1,17.622173069956816,4,1,0,1,0,2
Greece_108,1,9.61587214452889,2,1,0,1,1,2
Poland_51,1,11.350418300109132,2,1,0,1,1,2
Spain_390,1,10.596659732783579,2,1,0,1,1,2
Spain_629,0,0.0,0,1,1,1,1,1
Poland_1,1,13.038983942375959,3,1,0,1,1,2
Netherlands_9,1,11.918397239722838,3,0,0,1,0,1
Italy_160,1,9.61587214452889,2,1,0,0,0,2
Spain_405,1,9.61587214452889,2,1,0,1,1,2
Romania_151,1,7.601402334583733,1,1,0,0,1,2
Spain_192,1,12.206077645517674,3,1,0,1,1,2
Romania_97,0,8.006700845440367,-1,0,0,0,0,0
Poland_26,1,14.23937600342996,4,1,0,1,0,2
Italy_306,1,8.987321812850125,1,1,0,1,1,2
Spain_628,0,0.0,0,1,1,1,1,1
United Kingdom_33,0,8.006700845440367,-1,0,0,0,0,0
Slovenia_47,0,0.0,0,0,0,0,1,0
France_16,0,8.006700845440367,-1,0,0,0,0,0
Norway_4,1,14.285514812209815,4,1,0,1,0,2
Spain_575,1,10.915106645867503,2,1,0,1,1,2
Italy_40,0,8.006700845440367,-1,0,0,0,0,0
Spain_125,1,10.819798284210286,2,1,0,1,1,2
Italy_220,1,8.517393171418904,1,1,0,1,1,2
Spain_114,1,10.819798284210286,2,1,0,1,0,2
Greece_80,0,8.006700845440367,-1,0,1,1,0,0
Spain_199,1,6.398594934535208,1,1,0,1,1,2
Spain_102,0,0.0,0,0,1,0,1,0
Finland_19,0,0.0,0,1,1,1,1,1
Italy_288,1,10.12667110305036,2,1,0,1,0,2
Slovenia_3,0,0.0,0,0,1,1,1,0
Italy_77,1,8.517393171418904,1,1,0,1,1,2
Spain_12,0,0.0,0,0,0,0,1,0
France_19,0,8.006700845440367,-1,0,1,0,0,0
Spain_462,1,12.611541086966115,3,1,0,1,1,2
United Kingdom_25,0,0.0,0,1,1,1,0,1
Italy_182,1,8.517393171418904,1,1,0,1,1,2
Spain_498,0,0.0,0,1,1,1,0,1
Greece_52,0,8.006700845440367,-1,0,0,0,0,0
Finland_28,0,0.0,0,0,0,0,0,0
Greece_47,0,8.006700845440367,-1,1,0,1,1,1
Italy_66,0,8.006700845440367,-1,1,1,1,1,1
Spain_363,1,10.12667110305036,2,0,0,0,0,1
Poland_36,1,9.90353755128617,2,1,0,1,1,2
Romania_85,0,8.006700845440367,-1,1,1,0,1,1
Romania_4,1,8.006700845440367,1,0,0,0,0,1
Hungary_45,1,18.197537205138154,4,1,0,1,1,2
Spain_222,1,11.695255355062795,3,1,0,1,1,2
Poland_40,1,8.987321812850125,1,1,0,1,0,2
Norway_76,0,0.0,0,1,1,1,1,1
Spain_435,1,7.313886831633462,1,0,0,0,0,1
Spain_512,0,8.006700845440367,-1,0,0,0,0,0
Spain_500,1,8.987321812850125,1,1,0,1,1,2
France_15,0,8.006700845440367,-1,0,0,0,0,0
Spain_189,1,8.922791623969637,1,1,0,1,1,2
Spain_260,0,8.006700845440367,-1,0,0,0,0,0
Romania_10,1,9.741027444837728,2,1,0,1,1,2
Spain_564,1,8.987321812850125,1,1,0,1,1,2
Luxembourg_5,1,7.824445930877619,1,1,0,1,1,2
Spain_75,1,10.778977123006351,2,1,0,1,0,2
Spain_268,1,14.220976332738882,4,1,0,1,0,2
Spain_144,0,0.0,0,0,0,0,1,0
France_3,0,0.0,0,0,0,0,1,0
France_62,1,13.171155446333852,3,1,0,1,0,2
United Kingdom_60,1,11.49273296168228,2,1,0,1,0,2
Slovenia_20,0,0.0,0,0,0,0,1,0
Finland_17,0,0.0,0,1,1,1,1,1
Norway_27,1,12.429220196836383,3,1,0,1,1,2
Finland_11,1,11.711784520403112,3,1,0,1,1,2
Romania_91,0,8.006700845440367,-1,1,1,1,0,1
Spain_444,1,8.006700845440367,1,1,0,1,1,2
Italy_18,1,8.294299608857235,1,0,0,1,0,1
Sweden_5,0,8.006700845440367,-1,1,1,1,0,1
Slovenia_44,0,0.0,0,0,0,0,1,0
Iceland_86,0,0.0,0,0,0,0,0,0
France_18,1,13.592368256649284,3,1,0,1,1,2
Spain_624,0,0.0,0,1,1,1,1,1
Romania_7,0,8.006700845440367,-1,0,0,0,0,0
Romania_168,0,8.006700845440367,-1,0,0,0,0,0
Spain_78,1,13.304686600863562,3,1,0,1,1,2
Italy_310,0,0.0,0,0,0,1,0,0
Italy_43,1,11.225256725762893,2,1,0,1,1,2
Spain_162,0,0.0,0,0,0,0,1,0
Spain_460,1,8.699681400989514,1,0,0,0,0,1
Ireland_7,1,11.225256725762893,2,1,0,1,1,2
Italy_81,1,10.596659732783579,2,1,0,1,0,2
Poland_7,1,8.006700845440367,1,1,0,0,1,2
Spain_121,1,9.210440366976517,1,1,0,1,1,2
Spain_543,1,8.006700845440367,1,0,0,0,0,1
Spain_99,0,0.0,0,0,0,0,1,0
Malta_13,1,8.987321812850125,1,0,0,0,0,1
Italy_257,1,9.210440366976517,1,0,0,0,0,1
Spain_541,0,0.0,0,0,1,0,0,0
Poland_33,1,11.51293546492023,2,0,0,0,0,1
Germany_19,0,0.0,0,0,1,0,1,0
Finland_9,1,13.317931805683793,3,1,0,1,1,2
Finland_41,0,0.0,0,1,1,1,1,1
Spain_9,0,0.0,0,0,0,0,0,0
Germany_4,0,8.006700845440367,-1,0,0,0,0,0
Iceland_43,0,0.0,0,1,1,1,1,1
Spain_383,1,7.601402334583733,1,1,0,1,1,2
Spain_584,0,0.0,0,0,0,0,1,0
Norway_15,0,0.0,0,1,1,1,1,1
Germany_44,1,13.910821646859095,4,1,0,1,1,2
Spain_130,0,0.0,0,0,0,0,1,0
United Kingdom_31,0,0.0,0,0,1,1,0,0
Sweden_54,0,0.0,0,0,0,0,1,0
Romania_111,0,8.006700845440367,-1,0,0,0,0,0
Spain_616,1,6.398594934535208,1,1,0,1,1,2
Sweden_6,0,8.006700845440367,-1,0,1,1,0,0
Spain_464,1,9.210440366976517,1,1,0,1,0,2
Greece_37,0,0.0,0,0,1,0,0,0
Slovenia_28,0,0.0,0,0,0,0,1,0
Germany_27,0,0.0,0,1,1,1,1,1
Malta_12,1,9.90353755128617,2,1,0,1,1,2
Italy_171,1,12.611541086966115,3,1,0,1,0,2
Hungary_29,0,0.0,0,1,1,1,1,1
France_70,0,8.006700845440367,-1,0,0,0,0,0
Spain_410,1,8.006700845440367,1,1,0,1,0,2
Spain_68,1,10.085850775128717,2,1,0,1,1,2
Spain_180,1,10.645448706505872,2,1,0,1,1,2
Spain_485,0,0.0,0,1,1,1,1,1
Italy_217,1,12.611541086966115,3,0,0,1,0,1
Netherlands_12,1,9.61587214452889,2,1,0,1,1,2
Luxembourg_8,0,8.006700845440367,-1,0,0,0,1,0
Spain_603,0,0.0,0,0,1,0,1,0
Greece_115,0,0.0,0,1,1,1,1,1
Italy_148,0,8.006700845440367,-1,1,0,0,0,1
Spain_487,1,9.90353755128617,2,0,0,0,0,1
Spain_66,0,0.0,0,0,1,0,0,0
Italy_130,0,8.006700845440367,-1,0,0,1,0,0
Italy_90,0,0.0,0,1,1,1,1,1
Spain_212,1,10.308985993422082,2,1,0,1,0,2
Poland_29,1,13.943882664330474,4,1,0,1,0,2
Italy_314,0,8.006700845440367,-1,1,1,1,1,1
Norway_53,0,0.0,0,0,1,1,0,0
Finland_22,0,0.0,0,0,0,0,1,0
Italy_299,1,8.517393171418904,1,1,0,1,1,2
Hungary_55,0,0.0,0,1,1,1,1,1
Spain_484,1,7.313886831633462,1,1,0,0,0,2
Spain_89,1,9.61587214452889,2,1,0,1,1,2
Spain_51,0,0.0,0,0,0,0,1,0
Norway_24,1,12.899222326086994,3,1,0,1,0,2
Spain_292,1,11.002116507732017,2,1,0,1,1,2
Iceland_96,0,0.0,0,1,1,1,1,1
Spain_315,1,8.294299608857235,1,1,0,1,1,2
Spain_627,0,0.0,0,1,1,1,0,1
Spain_408,1,8.517393171418904,1,1,0,1,1,2
Italy_266,1,9.99884318585288,2,1,0,1,1,2
Spain_59,1,11.289794413577894,2,1,0,1,0,2
Hungary_38,0,8.006700845440367,-1,0,0,0,0,0
Spain_254,0,0.0,0,1,1,1,1,1
Greece_71,1,6.90875477931522,1,1,0,0,0,2
Portugal_10,1,12.04355959836804,3,1,0,1,1,2
Spain_211,1,10.085850775128717,2,0,0,1,0,1
Spain_596,0,0.0,0,0,1,0,1,0
France_5,0,0.0,0,0,0,0,1,0
Romania_137,1,6.90875477931522,1,1,0,0,1,2
Italy_233,1,9.210440366976517,1,1,0,0,1,2
Netherlands_20,1,9.61587214452889,2,0,0,1,0,1
Italy_244,0,8.006700845440367,-1,1,0,1,0,1
Spain_278,0,8.006700845440367,-1,0,1,0,0,0
Norway_28,0,0.0,0,1,1,1,0,1
Romania_80,0,8.006700845440367,-1,0,1,0,0,0
Slovenia_51,0,8.006700845440367,-1,0,0,0,0,0
Ireland_9,0,8.006700845440367,-1,0,0,0,0,0
Lithuania_8,0,0.0,0,0,0,0,0,0
Ireland_20,0,0.0,0,0,0,0,1,0
Iceland_10,0,0.0,0,0,1,1,1,0
Italy_3,1,10.308985993422082,2,1,0,1,1,2
Romania_5,0,8.006700845440367,-1,0,0,0,0,0
Italy_267,1,13.710151153416941,3,1,0,1,0,2
Spain_79,0,8.006700845440367,-1,0,0,0,0,0
Spain_25,0,0.0,0,0,0,0,1,0
Spain_286,0,8.006700845440367,-1,0,0,0,0,0
Spain_619,0,0.0,0,0,0,0,1,0
Spain_612,0,0.0,0,0,0,0,1,0
Spain_226,1,11.472113887062386,2,0,0,0,0,1
Germany_3,0,0.0,0,1,1,1,0,1
Spain_380,1,10.714439990727769,2,1,0,1,1,2
Romania_61,1,7.601402334583733,1,0,0,0,0,1
Spain_493,0,0.0,0,1,1,1,1,1
Sweden_10,1,11.695255355062795,3,1,0,1,1,2
Romania_146,0,8.006700845440367,-1,1,1,0,0,1
Hungary_46,1,16.118095750958314,4,1,0,1,1,2
Greece_63,0,0.0,0,1,1,1,1,1
Spain_501,1,8.006700845440367,1,1,0,0,1,2
Hungary_56,1,18.197537205138154,4,1,0,1,1,2
Romania_175,0,0.0,0,1,1,1,1,1
Slovenia_74,0,0.0,0,0,0,0,0,0
Spain_244,0,0.0,0,0,0,0,1,0
Italy_260,0,8.006700845440367,-1,0,0,0,0,0
Italy_53,1,10.819798284210286,2,1,0,1,0,2
Poland_37,1,10.12667110305036,2,1,0,1,1,2
Italy_80,0,8.006700845440367,-1,0,0,1,0,0
Norway_75,0,0.0,0,1,1,1,1,1
Romania_79,0,8.006700845440367,-1,1,1,1,1,1
Poland_10,0,0.0,0,1,1,1,1,1
Norway_37,0,0.0,0,0,1,1,1,0
Spain_57,1,12.206077645517674,3,1,0,1,1,2
Spain_209,1,7.0909098220799835,1,1,0,1,1,2
Spain_6,0,0.0,0,0,0,0,1,0
Sweden_8,0,8.006700845440367,-1,0,0,0,0,0
Italy_181,0,8.006700845440367,-1,0,0,0,0,0
Romania_66,0,8.006700845440367,-1,0,0,0,0,0
Italy_139,0,0.0,0,0,0,0,0,0
Netherlands_5,1,13.171155446333852,3,0,0,0,0,1
Romania_77,1,8.517393171418904,1,1,0,0,0,2
Spain_24,0,0.0,0,0,0,0,1,0
United Kingdom_55,0,0.0,0,1,1,1,0,1
Germany_14,0,0.0,0,0,0,0,1,0
Netherlands_6,0,8.006700845440367,-1,0,0,0,0,0
Poland_63,0,0.0,0,0,0,0,0,0
Iceland_36,0,0.0,0,1,1,1,1,1
Poland_61,1,13.399996629152975,3,1,0,1,1,2
Italy_140,1,11.289794413577894,2,1,0,1,0,2
Spain_82,1,11.156264806643742,2,1,0,1,1,2
Italy_115,1,8.517393171418904,1,0,0,1,0,1
Spain_63,1,9.210440366976517,1,1,0,1,1,2
Germany_41,1,9.90353755128617,2,1,0,1,0,2
Iceland_84,0,0.0,0,0,0,0,0,0
Italy_246,1,11.695255355062795,3,1,0,1,0,2
Norway_51,1,11.918397239722838,3,1,0,1,1,2
Latvia_6,1,6.90875477931522,1,0,0,0,0,1
Romania_148,1,8.517393171418904,1,1,0,1,1,2
Iceland_55,0,0.0,0,0,1,0,0,0
Iceland_83,0,0.0,0,0,0,0,1,0
Spain_36,1,10.085850775128717,2,1,0,1,1,2
Slovenia_52,0,8.006700845440367,-1,0,0,0,0,0
United Kingdom_45,0,0.0,0,1,1,0,1,1
Hungary_54,0,0.0,0,0,0,0,1,0
Spain_532,0,8.006700845440367,-1,0,0,0,0,0
Greece_19,1,7.601402334583733,1,1,0,1,1,2
Spain_221,1,8.294299608857235,1,0,0,0,0,1
Italy_230,1,9.90353755128617,2,1,0,1,1,2
Norway_25,1,13.815511557963774,3,1,0,1,1,2
Hungary_26,1,16.118095750958314,4,1,0,1,1,2
Netherlands_33,0,8.006700845440367,-1,0,0,0,0,0
Poland_9,1,9.808792183696804,2,1,0,0,1,2
Portugal_12,0,0.0,0,1,1,1,1,1
France_54,1,11.561725152903833,3,1,0,1,1,2
Ireland_1,0,8.006700845440367,-1,0,0,1,1,0
Sweden_30,0,0.0,0,1,1,1,1,1
Spain_399,1,9.392745258631441,2,1,0,1,0,2
Spain_133,0,0.0,0,0,0,0,0,0
Spain_283,1,15.913528607916424,4,1,0,1,1,2
Spain_469,0,0.0,0,1,1,1,1,1
Spain_47,1,8.517393171418904,1,1,0,1,1,2
Greece_79,0,0.0,0,0,0,0,0,0
Slovenia_73,0,0.0,0,0,0,0,0,0
Romania_176,1,9.90353755128617,2,1,0,1,1,2
France_66,1,12.388398368982115,3,1,0,1,1,2
Iceland_33,0,8.006700845440367,-1,0,0,0,0,0
France_57,0,0.0,0,1,1,0,1,1
Spain_186,0,0.0,0,0,0,0,1,0
Iceland_80,0,0.0,0,0,0,0,0,0
France_4,0,8.006700845440367,-1,0,0,0,0,0
Slovenia_15,0,0.0,0,0,0,0,1,0
Finland_38,1,10.859018228147887,2,1,0,1,0,2
Italy_269,0,8.006700845440367,-1,1,1,1,0,1
Spain_123,1,7.601402334583733,1,1,0,0,0,2
Ireland_36,0,8.006700845440367,-1,0,0,0,0,0
Spain_157,1,11.695255355062795,3,1,0,1,1,2
Italy_57,0,8.006700845440367,-1,0,0,1,0,0
Romania_6,0,8.006700845440367,-1,0,0,0,0,0
Spain_401,1,8.962007209588313,1,1,0,1,1,2
Romania_107,1,7.601402334583733,1,1,0,0,0,2
Netherlands_38,0,0.0,0,0,0,1,1,0
Spain_364,1,8.006700845440367,1,1,0,1,1,2
Iceland_75,0,0.0,0,0,1,0,0,0
Iceland_22,0,8.006700845440367,-1,0,0,0,0,0
Spain_236,1,12.100717685412471,3,1,0,0,1,2
Spain_289,0,0.0,0,1,1,1,1,1
Slovenia_75,0,0.0,0,0,0,0,1,0
Hungary_30,0,0.0,0,1,1,1,1,1
Greece_3,1,8.517393171418904,1,1,0,1,1,2
Spain_281,1,8.699681400989514,1,0,0,0,0,1
Italy_61,0,8.006700845440367,-1,1,0,1,0,1
Spain_334,1,10.819798284210286,2,0,0,0,0,1
Poland_31,1,12.775893328802736,3,1,0,1,1,2
Germany_12,0,8.006700845440367,-1,0,0,0,0,0
Norway_46,1,13.527829818844937,3,1,0,1,1,2
Italy_25,1,7.601402334583733,1,1,0,1,1,2
Spain_533,1,11.695255355062795,3,1,0,1,1,2
Romania_122,0,8.006700845440367,-1,0,1,0,0,0
Spain_335,1,7.496097345175956,1,1,0,1,1,2
Spain_261,1,10.085850775128717,2,0,0,0,0,1
Luxembourg_25,0,0.0,0,0,0,0,0,0
Norway_80,0,0.0,0,0,0,0,1,0
Netherlands_11,1,13.244582780038517,3,1,0,1,0,2
Greece_27,1,6.90875477931522,1,0,0,0,0,1
Poland_15,0,0.0,0,1,1,1,1,1
Spain_550,1,8.006700845440367,1,1,0,0,0,2
United Kingdom_27,0,8.006700845440367,-1,0,0,0,0,0
Spain_142,1,12.206077645517674,3,1,0,1,1,2
Romania_39,0,8.006700845440367,-1,0,0,0,0,0
Spain_238,0,0.0,0,1,1,1,1,1
Netherlands_13,1,14.827111833279051,4,1,0,1,1,2
Italy_183,1,6.90875477931522,1,1,0,1,1,2
Romania_152,0,8.006700845440367,-1,0,1,0,0,0
Spain_451,1,10.491301994830229,2,0,0,0,0,1
Spain_81,0,0.0,0,1,1,1,0,1
Netherlands_7,1,13.171155446333852,3,1,0,1,1,2
Ireland_11,0,8.006700845440367,-1,0,0,0,0,0
Italy_20,1,7.601402334583733,1,1,0,1,1,2
Iceland_48,0,0.0,0,1,1,1,1,1
France_50,1,13.304686600863562,3,1,0,1,1,2
Romania_143,1,5.707110264748875,1,0,0,0,0,1
Spain_586,0,8.006700845440367,-1,0,0,0,0,0
Italy_255,1,13.815511557963774,3,1,0,1,1,2
Spain_336,0,0.0,0,1,1,1,1,1
Greece_65,0,8.006700845440367,-1,0,0,0,0,0
Spain_527,1,8.517393171418904,1,1,0,1,1,2
Slovenia_10,0,0.0,0,0,0,0,0,0
Italy_169,0,8.006700845440367,-1,0,0,0,0,0
Spain_93,1,10.085850775128717,2,1,0,1,1,2
Hungary_23,1,15.424948670398354,4,1,0,1,1,2
Italy_110,0,8.006700845440367,-1,0,0,0,0,0
Italy_45,1,15.320003201846868,4,1,0,1,1,2
Italy_58,0,8.006700845440367,-1,0,0,1,0,0
Spain_11,0,0.0,0,1,1,1,0,1
Portugal_11,0,8.006700845440367,-1,0,0,1,0,0
Spain_495,1,11.156264806643742,2,0,0,1,0,1
France_38,1,13.815511557963774,3,1,0,1,1,2
Italy_63,1,12.206077645517674,3,1,0,1,1,2
Italy_256,1,12.429220196836383,3,1,0,1,1,2
Poland_56,1,14.180535543074416,4,1,0,1,1,2
Italy_196,1,10.596659732783579,2,0,0,0,1,1
Luxembourg_21,1,6.90875477931522,1,1,0,1,0,2
Germany_9,1,12.278397958261774,3,1,0,1,1,2
Slovenia_62,0,0.0,0,0,0,0,0,0
Spain_553,1,7.313886831633462,1,1,0,0,1,2
Italy_200,0,0.0,0,1,1,1,1,1
Spain_310,0,8.006700845440367,-1,0,0,0,0,0
Iceland_92,0,0.0,0,0,0,0,0,0
United Kingdom_35,0,0.0,0,1,1,0,1,1
United Kingdom_29,1,11.775297421715827,3,1,0,1,1,2
Ireland_41,0,0.0,0,0,0,0,1,0
Iceland_53,0,0.0,0,1,1,1,1,1
Italy_112,1,10.308985993422082,2,1,0,1,1,2
Spain_318,1,10.596659732783579,2,1,0,1,1,2
Romania_71,1,8.294299608857235,1,1,0,0,0,2
Italy_55,0,8.006700845440367,-1,0,0,1,0,0
Romania_64,0,8.006700845440367,-1,0,0,0,0,0
Spain_21,0,0.0,0,0,0,0,1,0
France_52,1,8.517393171418904,1,1,0,1,1,2
Sweden_7,1,15.201805169084134,4,1,0,1,0,2
Spain_551,1,8.006700845440367,1,0,0,0,0,1
Spain_555,1,8.294299608857235,1,0,0,0,1,1
Ireland_34,0,0.0,0,0,1,1,0,0
Romania_26,1,7.601402334583733,1,1,0,1,1,2
Spain_602,0,0.0,0,0,1,0,1,0
Netherlands_35,0,0.0,0,0,1,1,0,0
Italy_212,0,8.006700845440367,-1,0,1,0,0,0
Spain_345,0,8.006700845440367,-1,0,0,0,0,0
Iceland_2,0,0.0,0,0,0,0,1,0
Finland_6,0,0.0,0,1,1,1,1,1
Spain_398,1,11.002116507732017,2,1,0,1,1,2
Hungary_4,0,8.006700845440367,-1,1,1,1,1,1
Norway_14,0,0.0,0,0,0,0,0,0
Spain_521,1,10.596659732783579,2,1,0,1,1,2
Italy_82,1,10.819798284210286,2,1,0,1,0,2
Spain_590,0,0.0,0,0,0,0,1,0
Italy_231,1,11.918397239722838,3,1,0,1,0,2
France_14,1,12.899222326086994,3,1,0,1,0,2
Iceland_72,0,8.006700845440367,-1,0,1,1,0,0
Greece_117,0,8.006700845440367,-1,1,0,1,1,1
Spain_159,1,10.645448706505872,2,1,0,1,0,2
Italy_195,1,9.90353755128617,2,1,0,1,1,2
Greece_22,0,0.0,0,1,1,1,1,1
Italy_109,1,13.122365377402328,3,1,0,1,1,2
Spain_84,0,0.0,0,0,0,0,0,0
Slovenia_8,0,0.0,0,0,0,0,1,0
France_25,0,0.0,0,1,1,0,1,1
Italy_132,0,8.006700845440367,-1,0,0,1,0,0
Italy_76,1,8.517393171418904,1,1,0,1,1,2
Spain_438,1,11.225256725762893,2,1,0,1,1,2
Spain_263,1,6.90875477931522,1,0,0,0,0,1
Slovenia_1,0,8.006700845440367,-1,0,1,1,0,0
Italy_170,1,13.815511557963774,3,1,0,1,1,2
Italy_4,1,10.308985993422082,2,1,0,1,0,2
Spain_449,1,10.308985993422082,2,1,0,0,1,2
Italy_117,0,8.006700845440367,-1,1,0,1,0,1
Italy_307,1,10.819798284210286,2,1,0,1,1,2
Portugal_1,1,12.899222326086994,3,1,0,1,1,2
France_65,0,8.006700845440367,-1,0,0,0,0,0
Germany_22,0,0.0,0,0,1,0,1,0
Romania_145,1,6.90875477931522,1,1,0,1,1,2
Italy_101,1,7.601402334583733,1,1,0,0,0,2
Ireland_31,0,8.006700845440367,-1,0,0,0,0,0
Romania_103,1,6.90875477931522,1,1,0,1,1,2
Iceland_24,0,8.006700845440367,-1,0,0,1,0,0
Greece_124,0,0.0,0,0,1,1,1,0
Spain_502,1,8.006700845440367,1,1,0,1,0,2
Italy_88,0,8.006700845440367,-1,1,1,0,0,1
Norway_77,0,0.0,0,1,1,1,1,1
Spain_381,0,0.0,0,1,1,1,0,1
Spain_614,0,0.0,0,0,1,1,1,0
United Kingdom_34,1,9.210440366976517,1,1,0,1,1,2
Ireland_44,1,20.088387566397234,4,1,0,1,1,2
Spain_414,0,0.0,0,0,0,0,0,0
Norway_79,0,0.0,0,0,0,0,0,0
Hungary_8,1,13.815511557963774,3,1,0,1,1,2
Greece_17,0,0.0,0,1,1,1,1,1
Greece_76,0,8.006700845440367,-1,0,0,0,0,0
Italy_235,1,8.006700845440367,1,1,0,1,1,2
Spain_67,1,9.741027444837728,2,1,0,1,1,2
Italy_238,1,9.90353755128617,2,1,0,1,1,2
Italy_203,1,6.90875477931522,1,1,0,1,1,2
Spain_514,0,0.0,0,0,0,0,0,0
France_24,1,9.90353755128617,2,1,0,1,1,2
Iceland_68,0,0.0,0,0,0,0,1,0
Italy_91,0,8.006700845440367,-1,1,0,1,0,1
Germany_24,0,8.006700845440367,-1,0,0,0,0,0
Spain_188,1,13.122365377402328,3,1,0,1,0,2
Spain_72,0,0.0,0,0,1,0,1,0
Spain_62,1,11.156264806643742,2,1,0,1,1,2
Spain_198,1,9.61587214452889,2,0,0,1,0,1
Norway_50,0,0.0,0,0,0,0,0,0
Romania_29,1,6.90875477931522,1,1,0,1,0,2
Finland_13,0,0.0,0,1,1,1,1,1
Spain_367,1,9.392745258631441,2,1,0,1,1,2
Iceland_34,0,0.0,0,1,1,1,1,1
Spain_415,1,10.819798284210286,2,1,0,1,0,2
Iceland_50,0,0.0,0,1,1,1,1,1
Romania_30,1,9.210440366976517,1,1,0,1,1,2
Spain_569,1,9.392745258631441,2,0,0,0,0,1
Spain_22,0,0.0,0,0,0,0,0,0
Italy_173,0,8.006700845440367,-1,0,0,0,0,0
Italy_298,1,8.699681400989514,1,1,0,1,1,2
Norway_67,1,14.731801689838349,4,1,0,1,0,2
Romania_102,1,6.90875477931522,1,1,0,1,1,2
Greece_10,0,0.0,0,0,0,0,0,0
Romania_133,0,8.006700845440367,-1,0,1,0,0,0
Iceland_85,0,0.0,0,0,0,0,1,0
Greece_8,1,10.12667110305036,2,1,0,1,0,2
Spain_207,1,11.472113887062386,2,1,0,1,0,2
Greece_51,1,9.61587214452889,2,0,0,1,0,1
Romania_117,1,8.006700845440367,1,1,0,1,0,2
Italy_69,1,7.601402334583733,1,1,0,1,1,2
Romania_106,0,8.006700845440367,-1,0,0,0,0,0
France_60,1,11.51293546492023,2,1,0,1,1,2
Spain_269,0,0.0,0,0,0,0,0,0
Slovenia_48,0,8.006700845440367,-1,0,0,0,0,0
Malta_10,0,8.006700845440367,-1,0,0,0,0,0
Poland_47,1,12.381478678448937,3,1,0,1,0,2
Germany_23,1,11.225256725762893,2,1,0,1,1,2
Spain_119,0,0.0,0,0,0,0,0,0
Poland_65,1,9.90353755128617,2,1,0,1,1,2
Germany_25,0,8.006700845440367,-1,1,0,1,0,1
Italy_16,1,13.592368256649284,3,1,0,1,1,2
Hungary_60,0,0.0,0,1,1,1,1,1
Spain_165,1,12.206077645517674,3,1,0,1,1,2
Romania_69,0,8.006700845440367,-1,1,1,1,1,1
Finland_14,0,8.006700845440367,-1,0,0,0,0,0
Iceland_47,0,0.0,0,0,0,1,0,0
Spain_581,1,9.210440366976517,1,1,0,1,1,2
Spain_30,0,0.0,0,1,1,0,0,1
Greece_55,0,8.006700845440367,-1,0,0,0,0,0
Spain_362,1,11.225256725762893,2,1,0,1,1,2
Iceland_69,0,0.0,0,0,0,0,1,0
Slovenia_59,0,8.006700845440367,-1,0,0,0,0,0
Italy_199,1,9.210440366976517,1,1,0,1,1,2
Italy_179,0,0.0,0,0,1,0,1,0
Iceland_21,0,0.0,0,0,1,0,1,0
Iceland_73,0,8.006700845440367,-1,0,0,0,0,0
Italy_122,1,9.90353755128617,2,1,0,1,1,2
Poland_49,1,10.068196582013169,2,1,0,1,1,2
Spain_55,1,7.601402334583733,1,1,0,1,1,2
Iceland_15,0,8.006700845440367,-1,0,0,0,0,0
Romania_78,1,7.601402334583733,1,1,0,1,1,2
Italy_48,0,0.0,0,0,0,1,1,0
Spain_116,1,8.006700845440367,1,1,0,1,0,2
Iceland_78,0,0.0,0,1,1,1,1,1
Romania_62,1,6.90875477931522,1,0,0,0,1,1
Spain_257,0,8.006700845440367,-1,0,0,0,0,0
Spain_525,0,0.0,0,0,0,0,1,0
Germany_13,0,0.0,0,0,0,1,1,0
Sweden_44,0,0.0,0,0,0,0,0,0
Italy_240,0,0.0,0,0,0,0,1,0
Spain_249,1,11.156264806643742,2,0,0,0,0,1
Spain_376,1,10.596659732783579,2,1,0,1,1,2
Spain_486,1,11.695255355062795,3,1,0,1,1,2
Italy_292,0,0.0,0,0,1,0,0,0
Hungary_52,0,8.006700845440367,-1,1,1,1,0,1
Italy_65,1,15.008319376255447,4,1,0,1,1,2
Spain_456,0,8.006700845440367,-1,0,1,0,0,0
Germany_21,0,0.0,0,0,1,0,1,0
Hungary_48,0,8.006700845440367,-1,0,1,1,0,0
Italy_137,0,8.006700845440367,-1,0,0,0,0,0
Iceland_7,0,0.0,0,1,1,1,1,1
Sweden_51,0,8.006700845440367,-1,0,0,0,0,0
Romania_136,1,10.12667110305036,2,1,0,1,0,2
Slovenia_72,0,0.0,0,0,0,0,0,0
Greece_39,1,8.517393171418904,1,1,0,1,1,2
Greece_81,1,6.90875477931522,1,0,0,1,0,1
Finland_16,0,0.0,0,0,1,1,1,0
Greece_13,1,8.987321812850125,1,1,0,1,1,2
France_64,0,0.0,0,0,0,0,0,0
Germany_10,1,13.171155446333852,3,1,0,0,0,2
Spain_191,1,9.392745258631441,2,1,0,1,1,2
Spain_38,0,8.006700845440367,-1,0,0,0,0,0
Malta_5,0,0.0,0,0,0,0,0,0
Spain_468,0,8.006700845440367,-1,0,0,1,0,0
Iceland_39,0,0.0,0,0,1,1,0,0
Hungary_59,1,14.508658238524095,4,1,0,1,0,2
Sweden_53,0,8.006700845440367,-1,0,0,0,0,0
Germany_28,0,0.0,0,0,0,1,0,0
Spain_465,1,10.819798284210286,2,0,0,0,0,1
Germany_2,0,0.0,0,0,0,0,0,0
Spain_611,0,0.0,0,0,1,0,1,0
Spain_258,0,0.0,0,0,0,0,0,0
Italy_28,1,11.289794413577894,2,0,0,1,0,1
Spain_216,1,7.0909098220799835,1,1,0,1,1,2
Italy_176,0,8.006700845440367,-1,1,0,1,0,1
Italy_213,0,8.006700845440367,-1,1,1,1,0,1
Poland_12,1,8.517393171418904,1,1,0,1,1,2
Spain_147,1,9.210440366976517,1,1,0,1,1,2
Italy_285,1,11.002116507732017,2,1,0,1,1,2
Sweden_20,1,15.830413711839864,4,1,0,1,1,2
Spain_126,1,11.289794413577894,2,1,0,1,1,2
Spain_287,0,0.0,0,1,1,1,1,1
Luxembourg_23,1,9.433563920090563,2,1,0,1,1,2
Iceland_4,0,8.006700845440367,-1,1,1,0,0,1
Romania_114,0,8.006700845440367,-1,0,1,0,1,0
Slovenia_12,0,0.0,0,0,0,0,1,0
Iceland_37,0,0.0,0,0,0,0,1,0
Italy_279,0,8.006700845440367,-1,1,0,1,0,1
Greece_105,1,6.90875477931522,1,0,0,0,1,1
Latvia_12,1,9.61587214452889,2,1,0,1,1,2
Iceland_91,1,14.508658238524095,4,1,0,1,1,2
United Kingdom_17,1,14.038654909278163,4,1,0,1,1,2
Spain_395,1,11.289794413577894,2,0,0,0,0,1
Spain_170,0,8.006700845440367,-1,0,0,0,0,0
Spain_298,0,0.0,0,0,0,0,1,0
Norway_59,1,12.899222326086994,3,1,0,1,0,2
Romania_130,0,8.006700845440367,-1,0,0,0,0,0
Romania_46,1,9.392745258631441,2,0,0,1,1,1
Sweden_3,1,15.068273812173887,4,1,0,1,1,2
Spain_471,0,0.0,0,0,0,0,1,0
Greece_35,1,9.90353755128617,2,0,0,1,1,1
Spain_412,1,7.496097345175956,1,1,0,1,1,2
Greece_86,0,0.0,0,0,1,0,0,0
Spain_1,0,0.0,0,0,0,0,1,0
France_41,0,8.006700845440367,-1,0,0,0,0,0
Spain_497,1,8.188966863648876,1,1,0,1,1,2
Greece_46,1,8.517393171418904,1,1,0,1,1,2
Hungary_17,0,0.0,0,1,1,1,1,1
Germany_16,0,0.0,0,0,0,1,1,0
Spain_304,0,0.0,0,1,1,1,1,1
Spain_111,0,0.0,0,0,0,0,0,0
Spain_618,0,8.006700845440367,-1,1,1,1,1,1
Spain_87,0,0.0,0,0,0,0,1,0
Romania_2,0,8.006700845440367,-1,0,1,0,1,0
Spain_356,1,7.0909098220799835,1,1,0,1,1,2
Spain_331,0,0.0,0,0,0,0,1,0
Iceland_88,0,0.0,0,0,0,0,0,0
Greece_59,0,0.0,0,0,0,0,1,0
Spain_423,1,10.596659732783579,2,0,0,0,0,1
Italy_275,0,8.006700845440367,-1,0,0,0,0,0
Italy_291,0,0.0,0,0,1,1,0,0
Iceland_94,0,8.006700845440367,-1,0,0,0,0,0
Luxembourg_15,0,8.006700845440367,-1,0,1,0,0,0
Finland_37,0,8.006700845440367,-1,0,1,0,1,0
Spain_146,1,9.210440366976517,1,1,0,1,1,2
Greece_93,0,8.006700845440367,-1,0,0,0,0,0
Romania_89,0,8.006700845440367,-1,0,0,0,0,0
Italy_156,0,0.0,0,0,1,1,1,0
Greece_23,1,8.006700845440367,1,0,0,0,0,1
Romania_38,1,8.517393171418904,1,1,0,0,0,2
Greece_58,0,8.006700845440367,-1,0,0,0,0,0
Slovenia_76,0,8.006700845440367,-1,0,0,0,0,0
Italy_164,1,9.61587214452889,2,1,0,1,0,2
Italy_302,0,8.006700845440367,-1,0,1,1,0,0
Romania_149,0,8.006700845440367,-1,0,0,0,0,0
Norway_1,1,16.118095750958314,4,1,0,1,1,2
Sweden_47,0,0.0,0,1,1,0,1,1
Romania_144,0,8.006700845440367,-1,0,1,1,0,0
Norway_58,0,0.0,0,0,0,0,1,0
Spain_357,1,7.601402334583733,1,0,0,0,0,1
United Kingdom_61,0,8.006700845440367,-1,0,0,0,0,0
Spain_194,1,7.601402334583733,1,1,0,1,1,2
Italy_9,0,0.0,0,0,0,0,1,0
Germany_35,0,0.0,0,1,1,1,1,1
Italy_100,1,8.006700845440367,1,1,0,1,1,2
Spain_103,1,10.085850775128717,2,1,0,1,1,2
France_44,0,0.0,0,0,0,0,1,0
Spain_472,0,0.0,0,1,1,1,1,1
Norway_29,1,12.206077645517674,3,1,0,1,1,2
Iceland_25,0,0.0,0,0,0,1,0,0
Spain_150,1,12.301387370778713,3,1,0,1,1,2
Spain_137,1,5.707110264748875,1,1,0,0,1,2
Iceland_61,0,8.006700845440367,-1,1,1,0,0,1
Italy_27,1,7.601402334583733,1,1,0,1,1,2
Italy_103,1,9.210440366976517,1,0,0,0,1,1
Spain_23,0,8.006700845440367,-1,0,0,0,0,0
Romania_31,0,8.006700845440367,-1,1,1,1,0,1
Romania_95,0,8.006700845440367,-1,0,0,0,0,0
Spain_314,1,10.085850775128717,2,1,0,1,1,2
Romania_163,1,7.601402334583733,1,1,0,0,0,2
Sweden_1,1,18.132998684833918,4,1,0,1,1,2
Spain_388,1,8.517393171418904,1,1,0,1,1,2
Spain_60,1,9.210440366976517,1,0,0,1,0,1
Poland_53,1,9.210440366976517,1,1,0,1,0,2
Spain_185,1,11.002116507732017,2,1,0,1,1,2
Spain_403,1,11.225256725762893,2,0,0,0,0,1
Italy_198,0,0.0,0,0,0,0,1,0
Poland_60,1,10.819798284210286,2,1,0,1,1,2
Romania_98,0,8.006700845440367,-1,1,1,1,0,1
Finland_29,0,0.0,0,1,1,1,1,1
Slovenia_65,0,0.0,0,0,1,1,1,0
Spain_317,0,0.0,0,1,1,1,1,1
United Kingdom_57,1,8.922791623969637,1,1,0,1,1,2
Germany_20,0,0.0,0,1,1,1,1,1
Spain_463,0,0.0,0,0,0,0,1,0
Slovenia_35,0,0.0,0,1,1,0,1,1
Poland_13,1,8.517393171418904,1,1,0,1,1,2
Greece_66,0,8.006700845440367,-1,0,0,0,0,0
Slovenia_77,0,8.006700845440367,-1,0,0,0,0,0
Slovenia_56,0,8.006700845440367,-1,0,0,0,0,0
Spain_160,1,13.997832948091215,4,1,0,1,1,2
Ireland_5,0,0.0,0,0,0,0,0,0
Germany_38,0,8.006700845440367,-1,0,0,0,0,0
Slovenia_24,0,0.0,0,0,0,0,1,0
Spain_528,0,8.006700845440367,-1,0,0,0,0,0
Iceland_90,0,8.006700845440367,-1,0,0,0,0,0
Finland_27,0,0.0,0,0,0,0,1,0
Spain_476,0,0.0,0,0,0,0,1,0
Norway_39,1,12.206077645517674,3,1,0,1,1,2
Italy_190,1,11.156264806643742,2,1,0,1,1,2
Romania_88,0,8.006700845440367,-1,0,0,0,0,0
Spain_552,1,11.002116507732017,2,1,0,1,1,2
Spain_26,0,0.0,0,0,0,0,0,0
Romania_74,1,8.006700845440367,1,1,0,1,1,2
Sweden_45,0,8.006700845440367,-1,0,0,0,0,0
Spain_366,0,0.0,0,1,1,1,1,1
Norway_49,1,10.596659732783579,2,1,0,1,0,2
Italy_316,0,0.0,0,0,0,1,0,0
Netherlands_2,1,15.123843647884687,4,1,0,1,0,2
Slovenia_6,0,8.006700845440367,-1,0,0,0,0,0
Finland_21,0,0.0,0,0,1,1,1,0
Spain_441,1,11.156264806643742,2,1,0,1,1,2
Italy_26,1,9.210440366976517,1,1,0,1,1,2
Spain_56,0,0.0,0,0,0,0,1,0
Spain_506,1,7.601402334583733,1,1,0,1,0,2
Italy_84,1,6.90875477931522,1,1,0,1,1,2
Romania_58,1,7.601402334583733,1,1,0,1,1,2
France_22,1,8.699681400989514,1,0,0,0,0,1
Iceland_95,1,15.830413711839864,4,1,0,1,1,2
Italy_250,0,8.006700845440367,-1,1,1,1,0,1
Spain_554,1,10.819798284210286,2,0,0,0,0,1
Greece_119,0,8.006700845440367,-1,0,0,0,0,0
Greece_72,0,0.0,0,0,0,1,0,0
Sweden_11,1,12.611541086966115,3,0,0,0,0,1
Italy_14,1,13.304686600863562,3,1,0,1,0,2
Greece_4,0,8.006700845440367,-1,1,0,1,0,1
Poland_52,1,9.210440366976517,1,1,0,1,1,2
Luxembourg_10,1,8.936035096566041,1,1,0,0,0,2
France_29,1,14.375126917328105,4,1,0,1,1,2
Spain_326,1,14.739769856312924,4,1,0,1,1,2
Romania_87,1,7.313886831633462,1,1,0,1,0,2
Italy_60,1,14.731801689838349,4,1,0,1,1,2
Finland_34,1,8.77971129020447,1,1,0,1,1,2
United Kingdom_20,0,0.0,0,1,1,1,0,1
United Kingdom_39,0,0.0,0,1,1,1,1,1
Norway_70,0,8.006700845440367,-1,0,1,0,1,0
Spain_43,0,0.0,0,0,0,0,0,0
Italy_166,0,8.006700845440367,-1,0,0,1,0,0
Spain_300,1,11.002116507732017,2,1,0,1,1,2
Spain_105,0,0.0,0,1,1,1,1,1
Italy_67,1,12.899222326086994,3,1,0,1,1,2
Slovenia_67,0,8.006700845440367,-1,0,1,0,0,0
Iceland_29,0,0.0,0,0,0,0,1,0
Spain_534,1,10.085850775128717,2,1,0,0,1,2
Greece_40,1,10.596659732783579,2,0,0,1,0,1
Germany_31,0,0.0,0,1,0,1,1,1
Hungary_31,0,0.0,0,1,1,1,1,1
Romania_14,1,9.210440366976517,1,0,0,1,0,1
Spain_517,1,7.313886831633462,1,0,0,0,0,1
Romania_22,0,8.006700845440367,-1,0,0,0,0,0
Poland_21,1,13.264246546647021,3,1,0,1,1,2
Greece_87,0,8.006700845440367,-1,0,0,0,0,0
Spain_232,1,9.210440366976517,1,1,0,1,1,2
Hungary_20,0,0.0,0,1,1,1,1,1
Italy_215,1,14.845130332288226,4,1,0,1,1,2
Spain_174,1,11.156264806643742,2,1,0,1,0,2
Romania_115,0,8.006700845440367,-1,0,0,0,0,0
Spain_303,1,11.407576060361786,2,1,0,1,1,2
Italy_29,1,7.601402334583733,1,1,0,1,1,2
Italy_315,1,11.289794413577894,2,0,0,1,0,1
Spain_122,1,8.853808274977197,1,1,0,1,1,2
Poland_19,0,0.0,0,1,1,1,1,1
Iceland_54,1,15.830413711839864,4,1,0,1,1,2
Spain_436,1,10.819798284210286,2,1,0,1,0,2
Spain_32,0,0.0,0,0,0,0,1,0
Hungary_43,0,0.0,0,1,1,1,1,1
Greece_112,0,8.006700845440367,-1,0,0,0,0,0
Romania_70,0,8.006700845440367,-1,1,1,1,0,1
Italy_167,1,12.388398368982115,3,1,0,1,1,2
Ireland_4,0,8.006700845440367,-1,0,0,0,0,0
Italy_94,0,0.0,0,0,1,1,1,0
Italy_221,0,8.006700845440367,-1,1,0,0,0,1
Netherlands_1,1,9.392745258631441,2,1,0,1,0,2
Spain_73,0,0.0,0,1,1,1,1,1
France_26,0,8.006700845440367,-1,0,1,0,0,0
Romania_11,1,7.601402334583733,1,1,0,1,1,2
Spain_228,1,6.90875477931522,1,1,0,1,1,2
Spain_503,1,10.12667110305036,2,1,0,1,1,2
Sweden_27,0,0.0,0,0,0,0,1,0
Sweden_23,1,12.611541086966115,3,1,0,1,0,2
Spain_411,1,8.294299608857235,1,1,0,1,1,2
Netherlands_8,1,8.922791623969637,1,1,0,1,0,2
Italy_128,1,15.404745967162468,4,1,0,1,1,2
United Kingdom_22,1,12.206077645517674,3,0,0,0,0,1
Ireland_27,0,8.006700845440367,-1,0,0,0,0,0
Italy_207,0,8.006700845440367,-1,0,0,0,0,0
Romania_112,0,8.006700845440367,-1,1,1,0,0,1
Italy_162,1,15.84775251982444,4,1,0,1,1,2
Hungary_19,0,8.006700845440367,-1,1,1,0,0,1
Spain_176,1,12.793862088206213,3,0,0,0,0,1
Greece_85,0,0.0,0,1,1,1,1,1
Italy_38,0,0.0,0,1,1,1,1,1
Spain_350,1,8.006700845440367,1,1,0,0,1,2
United Kingdom_62,1,12.206077645517674,3,1,0,0,1,2
Greece_34,0,0.0,0,0,0,0,0,0
Italy_97,1,8.517393171418904,1,1,0,1,1,2
Hungary_15,0,0.0,0,1,1,1,1,1
Ireland_45,0,8.006700845440367,-1,0,0,0,0,0
Sweden_15,0,0.0,0,1,1,1,1,1
Netherlands_21,1,8.922791623969637,1,1,0,1,1,2
Romania_123,1,8.006700845440367,1,1,0,0,0,2
Romania_131,1,7.601402334583733,1,1,0,1,1,2
Spain_582,1,7.0909098220799835,1,1,0,1,1,2
Greece_101,0,0.0,0,0,0,0,1,0
Spain_324,1,9.105090961257085,1,1,0,1,1,2
Spain_429,0,0.0,0,1,1,1,0,1
Italy_289,1,13.428226174343434,3,1,0,1,1,2
Spain_177,1,12.506180941677357,3,1,0,1,1,2
Spain_270,0,8.006700845440367,-1,0,0,0,0,0
Slovenia_43,0,0.0,0,1,1,1,1,1
Italy_297,1,8.699681400989514,1,1,0,1,1,2
Greece_15,0,8.006700845440367,-1,0,0,0,0,0
Germany_33,1,13.711693117819493,3,1,0,0,0,2
Slovakia_1,0,0.0,0,1,1,0,1,1
Spain_434,1,8.006700845440367,1,1,0,1,1,2
Spain_347,1,8.006700845440367,1,0,0,0,0,1
Iceland_30,0,0.0,0,0,0,0,0,0
Greece_111,1,8.006700845440367,1,1,0,1,1,2
Poland_18,1,10.72980981224849,2,1,0,1,1,2
Spain_132,1,9.90353755128617,2,0,0,0,0,1
Spain_91,1,8.517393171418904,1,1,0,1,1,2
Romania_105,0,8.006700845440367,-1,0,0,0,0,0
Netherlands_36,0,0.0,0,1,0,1,1,1
Italy_276,0,8.006700845440367,-1,0,1,1,0,0
Greece_45,0,8.006700845440367,-1,0,1,0,0,0
Greece_92,1,9.210440366976517,1,1,0,1,0,2
Romania_119,0,8.006700845440367,-1,1,1,1,0,1
Spain_488,0,0.0,0,0,0,0,0,0
Finland_25,0,0.0,0,1,1,1,0,1
Spain_430,0,0.0,0,1,1,1,1,1
Norway_62,0,8.006700845440367,-1,0,0,0,0,0
Italy_78,0,8.006700845440367,-1,0,0,1,0,0
Poland_17,0,8.006700845440367,-1,0,0,1,0,0
Poland_14,1,11.002116507732017,2,1,0,1,1,2
France_68,1,11.289794413577894,2,1,0,1,1,2
Italy_120,1,8.699681400989514,1,1,0,1,1,2
Greece_11,0,8.006700845440367,-1,0,0,0,0,0
Romania_73,1,8.294299608857235,1,1,0,0,0,2
Iceland_87,0,0.0,0,0,0,0,0,0
Poland_11,0,8.006700845440367,-1,0,0,0,0,0
Romania_90,0,8.006700845440367,-1,0,0,0,0,0
Romania_76,1,7.601402334583733,1,1,0,1,0,2
Spain_83,0,0.0,0,1,1,1,0,1
Germany_42,0,8.006700845440367,-1,0,0,1,0,0
Greece_49,0,8.006700845440367,-1,0,1,0,1,0
Spain_566,1,11.225256725762893,2,1,0,1,1,2
Spain_225,1,11.51293546492023,2,1,0,1,1,2
Spain_523,1,10.778977123006351,2,0,0,0,0,1
Greece_89,0,8.006700845440367,-1,0,0,0,0,0
Italy_131,0,0.0,0,1,1,1,1,1
Spain_104,1,10.933124826700707,2,0,0,0,0,1
Romania_20,1,6.90875477931522,1,1,0,0,1,2
Romania_138,0,8.006700845440367,-1,0,0,0,0,0
Spain_561,1,8.006700845440367,1,0,0,0,0,1
Greece_30,0,0.0,0,0,0,0,0,0
Norway_54,1,12.206077645517674,3,1,0,1,1,2
Spain_86,1,7.0909098220799835,1,1,0,1,1,2
Sweden_35,1,16.300417291085605,4,1,0,1,1,2
Romania_110,1,9.210440366976517,1,0,0,0,0,1
Spain_163,1,11.156264806643742,2,1,0,1,1,2
Hungary_39,1,15.424948670398354,4,1,0,1,1,2
Sweden_40,0,0.0,0,0,0,0,0,0
Italy_133,0,0.0,0,0,0,1,0,0
Spain_90,1,12.611541086966115,3,1,0,1,1,2
Spain_453,1,10.491301994830229,2,1,0,1,1,2
Italy_245,0,8.006700845440367,-1,1,1,1,0,1
Iceland_6,0,8.006700845440367,-1,0,0,0,0,0
Romania_36,1,8.517393171418904,1,1,0,1,0,2
Greece_29,0,0.0,0,0,0,0,1,0
Spain_610,0,0.0,0,0,0,0,0,0
Italy_152,0,8.006700845440367,-1,0,1,0,0,0
Ireland_16,0,0.0,0,0,0,0,1,0
Spain_322,1,8.006700845440367,1,1,0,0,0,2
Sweden_26,0,0.0,0,1,1,0,1,1
Netherlands_29,1,16.118095750958314,4,1,0,1,1,2
Iceland_32,0,0.0,0,0,0,0,0,0
Spain_474,1,8.006700845440367,1,1,0,1,0,2
Italy_157,1,7.601402334583733,1,1,0,1,1,2
Portugal_3,1,7.601402334583733,1,0,0,0,0,1
Italy_2,1,17.140652580236743,4,1,0,1,1,2
Sweden_34,0,0.0,0,1,1,1,0,1
Spain_35,0,0.0,0,0,0,0,0,0
Italy_123,0,8.006700845440367,-1,1,1,1,0,1
Finland_36,0,0.0,0,1,1,1,1,1
Spain_496,0,0.0,0,1,1,1,1,1
Romania_124,1,7.824445930877619,1,0,0,0,0,1
Romania_32,1,6.2166061010848646,1,1,0,1,0,2
Italy_70,1,10.596659732783579,2,1,0,1,1,2
Sweden_22,1,17.87595358575207,4,1,0,1,1,2
Italy_1,1,11.407576060361786,2,1,0,1,1,2
Italy_36,1,11.51293546492023,2,1,0,1,1,2
Italy_193,0,8.006700845440367,-1,1,1,1,0,1
Greece_121,0,0.0,0,0,1,0,1,0
Italy_83,0,8.006700845440367,-1,0,0,0,0,0
Romania_41,0,8.006700845440367,-1,0,1,1,0,0
Iceland_23,0,0.0,0,0,0,0,1,0
Spain_127,1,8.517393171418904,1,1,0,1,1,2
Finland_23,0,0.0,0,1,1,1,1,1
Germany_26,1,6.90875477931522,1,1,0,1,1,2
Sweden_4,1,14.731801689838349,4,1,0,1,1,2
Romania_135,0,8.006700845440367,-1,1,1,0,1,1
Spain_202,0,0.0,0,0,0,0,1,0
Iceland_16,0,0.0,0,1,1,1,1,1
Romania_59,1,11.51293546492023,2,0,0,0,0,1
Norway_38,1,10.819798284210286,2,1,0,1,0,2
Netherlands_34,1,13.304686600863562,3,1,0,1,1,2
Germany_15,0,0.0,0,1,1,1,1,1
Spain_166,1,12.100717685412471,3,1,0,1,1,2
Norway_65,1,10.819798284210286,2,1,0,1,1,2
Italy_54,1,14.77102238760702,4,1,0,1,0,2
Finland_32,0,0.0,0,1,1,1,1,1
Italy_232,1,11.51293546492023,2,1,0,1,0,2
Spain_273,0,0.0,0,1,1,1,1,1
Romania_82,0,8.006700845440367,-1,0,0,0,0,0
Sweden_31,0,0.0,0,1,1,1,1,1
Spain_606,0,0.0,0,0,1,1,1,0
France_1,0,0.0,0,1,1,1,1,1
Romania_25,0,8.006700845440367,-1,0,1,1,0,0
Italy_224,1,10.819798284210286,2,1,0,1,1,2
Spain_607,0,0.0,0,1,1,1,1,1
Romania_12,0,8.006700845440367,-1,0,0,0,0,0
United Kingdom_19,1,11.407576060361786,2,1,0,1,1,2
Hungary_35,1,17.216707972959764,4,1,0,1,1,2
Spain_418,0,0.0,0,1,1,0,1,1
Italy_252,0,8.006700845440367,-1,1,0,1,0,1
Spain_504,0,0.0,0,1,1,1,0,1
Spain_459,1,7.783640596221253,1,1,0,1,1,2
Spain_601,0,8.006700845440367,-1,0,0,0,0,0
Hungary_40,0,0.0,0,1,1,1,1,1
Spain_65,1,10.778977123006351,2,0,0,0,0,1
Latvia_14,1,11.082157933374816,2,1,0,1,1,2
Netherlands_30,1,11.918397239722838,3,1,0,1,0,2
Germany_5,0,8.006700845440367,-1,0,0,0,0,0
Spain_296,1,8.006700845440367,1,1,0,1,1,2
Italy_89,1,10.819798284210286,2,1,0,1,1,2
Italy_73,0,8.006700845440367,-1,1,1,1,1,1
Spain_396,1,7.313886831633462,1,1,0,1,1,2
Italy_177,1,9.210440366976517,1,1,0,1,1,2
Iceland_93,0,0.0,0,0,0,0,0,0
Spain_108,0,0.0,0,1,1,1,1,1
Spain_190,1,6.2166061010848646,1,1,0,0,1,2
Norway_48,1,11.736077016252437,3,1,0,1,1,2
Slovenia_5,0,0.0,0,1,1,0,1,1
Spain_373,1,7.3783837129967145,1,1,0,1,0,2
Latvia_13,1,6.90875477931522,1,1,0,1,1,2
Spain_475,0,8.006700845440367,-1,0,0,0,0,0
Iceland_62,0,0.0,0,0,0,0,1,0
Finland_10,1,13.317931805683793,3,1,0,1,0,2
Ireland_43,0,8.006700845440367,-1,0,0,0,0,0
Italy_301,1,9.90353755128617,2,1,0,1,0,2
Slovenia_31,0,0.0,0,0,0,0,1,0
Ireland_40,0,0.0,0,0,0,0,1,0
United Kingdom_16,1,16.72786127692704,4,1,0,1,1,2
Italy_125,0,0.0,0,1,1,1,1,1
Italy_262,1,11.289794413577894,2,1,0,1,1,2
Italy_46,0,0.0,0,1,1,1,1,1
Italy_191,0,8.006700845440367,-1,0,0,1,0,0
Poland_43,1,11.289794413577894,2,1,0,1,1,2
Slovenia_30,0,0.0,0,0,0,0,1,0
Latvia_7,0,8.006700845440367,-1,0,0,0,0,0
Spain_608,0,8.006700845440367,-1,0,0,0,0,0
Sweden_29,0,0.0,0,1,1,1,1,1
Slovenia_33,0,0.0,0,0,0,0,1,0
Germany_6,0,8.006700845440367,-1,0,0,0,0,0
Germany_18,0,0.0,0,1,1,1,1,1
Spain_620,0,0.0,0,1,1,1,1,1
Italy_178,1,11.51293546492023,2,1,0,1,1,2
Spain_337,1,8.006700845440367,1,1,0,1,1,2
Greece_83,0,8.006700845440367,-1,0,0,0,0,0
Poland_50,1,13.209914442069696,3,1,0,1,1,2
Slovenia_13,0,8.006700845440367,-1,0,0,0,0,0
Spain_592,0,0.0,0,0,1,1,1,0
Sweden_24,1,16.380459992348886,4,1,0,1,1,2
Luxembourg_11,1,7.650168700845001,1,1,0,1,1,2
Poland_4,1,7.063903961472068,1,1,0,0,1,2
Spain_321,1,10.915106645867503,2,1,0,1,1,2
Spain_626,1,8.006700845440367,1,1,0,1,1,2
Greece_107,0,8.006700845440367,-1,0,0,0,0,0
Romania_170,1,8.294299608857235,1,0,0,0,1,1
Romania_167,0,8.006700845440367,-1,1,1,0,0,1
Hungary_58,0,8.006700845440367,-1,0,0,0,0,0
Latvia_2,0,8.006700845440367,-1,0,0,0,0,0
Spain_243,1,6.803505257608338,1,1,0,1,0,2
Romania_34,1,10.12667110305036,2,1,0,1,1,2
Poland_27,1,10.714439990727769,2,1,0,1,0,2
Greece_6,0,0.0,0,0,1,1,1,0
Malta_1,0,0.0,0,1,1,1,1,1
Finland_20,0,0.0,0,1,1,1,0,1
Poland_44,1,9.210440366976517,1,0,0,1,0,1
Slovenia_16,0,0.0,0,0,0,0,1,0
Norway_11,1,11.918397239722838,3,0,0,0,0,1
Romania_19,1,9.210440366976517,1,1,0,1,0,2
Finland_31,0,8.006700845440367,-1,0,0,0,0,0
Spain_94,0,0.0,0,0,1,0,1,0
France_10,0,0.0,0,0,1,1,1,0
Italy_251,0,8.006700845440367,-1,0,0,1,0,0
Sweden_21,0,0.0,0,0,0,0,0,0
Iceland_74,0,0.0,0,0,0,0,1,0
Romania_42,0,8.006700845440367,-1,1,1,0,0,1
Italy_98,1,9.90353755128617,2,1,0,1,1,2
Greece_78,1,11.002116507732017,2,1,0,1,1,2
Spain_450,0,8.006700845440367,-1,0,0,0,0,0
Italy_51,0,8.006700845440367,-1,0,1,1,0,0
France_12,0,0.0,0,0,1,1,0,0
Spain_96,0,0.0,0,1,1,1,1,1
Greece_103,0,0.0,0,1,1,1,1,1
Iceland_52,0,0.0,0,1,1,1,1,1
Spain_74,1,10.778977123006351,2,1,0,1,1,2
Spain_518,1,11.51293546492023,2,1,0,1,1,2
Spain_136,1,8.987321812850125,1,0,0,0,0,1
Ireland_39,0,8.006700845440367,-1,0,0,0,0,0
Spain_432,1,7.601402334583733,1,1,0,1,1,2
Greece_75,0,0.0,0,0,0,0,0,0
Spain_49,1,10.085850775128717,2,1,0,1,1,2
Italy_13,1,8.006700845440367,1,1,0,1,1,2
Romania_35,0,8.006700845440367,-1,0,0,0,0,0
Norway_18,0,0.0,0,1,1,1,1,1
France_69,1,12.323860125621126,3,1,0,1,0,2
Sweden_32,0,8.006700845440367,-1,0,1,0,1,0
Netherlands_32,0,0.0,0,1,1,1,1,1
Hungary_16,0,0.0,0,1,1,1,1,1
Norway_5,1,13.997832948091215,4,1,0,1,1,2
Spain_135,1,6.398594934535208,1,1,0,1,1,2
Poland_5,1,10.054361440970256,2,1,0,0,1,2
Spain_323,1,7.601402334583733,1,1,0,1,1,2
Spain_511,1,8.006700845440367,1,0,0,0,0,1
Spain_88,1,10.308985993422082,2,1,0,1,1,2
Norway_73,0,8.006700845440367,-1,0,0,0,0,0
France_39,1,13.304686600863562,3,1,0,1,1,2
Spain_250,0,0.0,0,1,1,1,1,1
Norway_40,1,13.122365377402328,3,0,0,0,0,1
Hungary_22,1,15.607270193858982,4,1,0,1,1,2
Spain_52,0,0.0,0,0,0,0,1,0
Norway_22,0,0.0,0,0,0,1,0,0
Spain_293,1,15.424948670398354,4,1,0,1,1,2
Norway_41,1,12.899222326086994,3,1,0,1,1,2
Spain_490,1,8.699681400989514,1,1,0,0,1,2
Spain_351,1,9.61587214452889,2,1,0,1,1,2
Ireland_37,0,8.006700845440367,-1,0,0,0,0,0
Italy_304,1,11.156264806643742,2,1,0,1,0,2
Iceland_40,0,8.006700845440367,-1,0,1,0,0,0
Spain_113,1,11.156264806643742,2,0,0,1,0,1
Italy_216,1,13.592368256649284,3,1,0,1,1,2
Spain_526,1,7.313886831633462,1,1,0,1,1,2
Greece_82,1,9.61587214452889,2,1,0,1,1,2
Spain_4,1,9.952325334619427,2,1,0,1,1,2
Italy_211,1,7.601402334583733,1,0,0,0,0,1
Italy_135,1,10.819798284210286,2,1,0,1,1,2
Spain_328,1,8.699681400989514,1,1,0,1,1,2
Malta_7,1,11.082157933374816,2,1,0,1,0,2
Romania_125,1,6.90875477931522,1,0,0,0,0,1
Spain_427,1,6.803505257608338,1,0,0,0,0,1
Romania_150,1,8.517393171418904,1,1,0,1,1,2
Spain_20,0,0.0,0,0,0,0,0,0
Iceland_70,0,8.006700845440367,-1,0,0,0,0,0
Spain_609,0,8.006700845440367,-1,0,0,0,0,0
Spain_378,1,12.206077645517674,3,1,0,1,1,2
Ireland_23,0,8.006700845440367,-1,0,0,0,0,0
Italy_163,0,8.006700845440367,-1,0,0,1,0,0
Spain_406,0,8.006700845440367,-1,1,1,0,1,1
Spain_397,1,14.557448378884015,4,1,0,1,1,2
Greece_24,0,8.006700845440367,-1,0,0,0,0,0
Lithuania_7,1,7.601402334583733,1,1,0,0,0,2
Greece_57,0,8.006700845440367,-1,0,0,1,0,0
Romania_50,1,5.303304908059076,1,1,0,1,1,2
Italy_104,0,8.006700845440367,-1,0,0,0,0,0
Spain_205,1,11.002116507732017,2,1,0,1,0,2
Italy_204,1,6.2166061010848646,1,0,0,0,0,1
Germany_37,1,16.15731646026544,4,1,0,1,1,2
Ireland_15,0,8.006700845440367,-1,0,0,0,0,0
Latvia_3,1,8.740496729931813,1,1,0,1,1,2
Norway_17,1,12.899222326086994,3,1,0,1,0,2
Iceland_58,0,0.0,0,0,0,0,0,0
Italy_79,1,8.987321812850125,1,1,0,1,1,2
Spain_536,1,8.517393171418904,1,1,0,0,1,2
Spain_589,0,0.0,0,0,0,0,0,0
Italy_114,1,14.508658238524095,4,1,0,1,1,2
Norway_55,0,8.006700845440367,-1,0,0,0,0,0
Latvia_5,0,8.006700845440367,-1,0,0,0,0,0
Norway_63,1,12.206077645517674,3,1,0,1,0,2
Spain_440,1,9.105090961257085,1,1,0,1,1,2
Italy_268,1,8.987321812850125,1,1,0,1,1,2
Malta_11,0,0.0,0,0,1,1,1,0
Slovenia_11,0,0.0,0,0,0,0,0,0
Italy_144,0,0.0,0,1,1,1,1,1
Spain_272,0,0.0,0,1,1,1,1,1
Spain_392,1,10.491301994830229,2,1,0,1,1,2
Greece_7,0,0.0,0,0,0,0,0,0
Spain_274,0,0.0,0,0,0,0,0,0
Slovenia_21,0,0.0,0,0,0,0,1,0
Greece_99,1,10.819798284210286,2,0,0,1,0,1
Italy_49,0,0.0,0,1,1,0,0,1
Spain_134,1,11.184435286790631,2,1,0,1,1,2
Spain_196,0,0.0,0,0,0,1,1,0
Spain_53,1,5.707110264748875,1,1,0,1,1,2
Greece_67,0,0.0,0,0,0,0,0,0
Ireland_2,0,8.006700845440367,-1,0,0,0,0,0
Spain_560,0,8.006700845440367,-1,0,1,1,0,0
Portugal_5,1,11.580593459194764,3,1,0,1,1,2
Sweden_49,0,8.006700845440367,-1,0,0,0,0,0
Spain_508,1,8.699681400989514,1,1,0,1,1,2
Spain_294,0,0.0,0,1,1,1,1,1
Ireland_35,0,0.0,0,1,1,1,1,1
Greece_110,0,8.006700845440367,-1,0,0,0,0,0
France_42,0,8.006700845440367,-1,1,0,1,0,1
Slovenia_50,0,0.0,0,1,1,1,1,1
Spain_535,1,7.601402334583733,1,1,0,1,1,2
Latvia_9,1,13.997832948091215,4,1,0,1,0,2
Norway_69,0,0.0,0,1,1,1,1,1
Greece_68,0,8.006700845440367,-1,0,0,0,0,0
Spain_2,0,0.0,0,1,1,1,1,1
Spain_98,0,0.0,0,1,1,1,1,1
Romania_174,0,0.0,0,1,1,1,1,1
Italy_270,0,0.0,0,1,1,1,1,1
Spain_262,0,0.0,0,1,1,1,0,1
Spain_604,0,0.0,0,0,0,0,1,0
Italy_10,0,8.006700845440367,-1,0,0,0,0,0
Poland_48,1,7.350516171833998,1,1,0,1,1,2
Italy_72,1,9.210440366976517,1,1,0,0,0,2
United Kingdom_46,0,0.0,0,0,0,0,0,0
Spain_442,1,10.819798284210286,2,1,0,1,0,2
France_28,0,8.006700845440367,-1,0,0,0,0,0
Italy_184,1,9.210440366976517,1,1,0,1,1,2
Italy_186,1,11.407576060361786,2,1,0,1,1,2
Iceland_103,0,0.0,0,1,1,1,0,1
Greece_21,0,8.006700845440367,-1,0,0,0,0,0
Romania_171,1,9.61587214452889,2,1,0,1,1,2
Spain_509,1,9.90353755128617,2,1,0,1,1,2
Poland_45,0,8.006700845440367,-1,0,0,0,0,0
Poland_35,1,13.951693930978179,4,0,0,1,0,1
Ireland_32,0,8.006700845440367,-1,0,0,0,0,0
Italy_312,0,8.006700845440367,-1,0,0,0,0,0
Romania_45,1,6.90875477931522,1,1,0,0,1,2
Spain_492,1,8.699681400989514,1,1,0,1,1,2
Spain_563,1,11.002116507732017,2,1,0,1,1,2
Spain_576,1,6.175867270105761,1,0,0,0,0,1
Italy_295,0,8.006700845440367,-1,1,1,1,0,1
France_34,1,12.611541086966115,3,1,0,1,1,2
Spain_393,1,11.51293546492023,2,1,0,1,1,2
Italy_165,1,10.596659732783579,2,0,0,1,1,1
Spain_454,1,10.308985993422082,2,1,0,0,0,2
Norway_64,0,0.0,0,1,1,1,1,1
Poland_59,0,0.0,0,1,1,1,1,1
Norway_44,1,11.51293546492023,2,1,0,1,1,2
Spain_97,1,12.807655372286902,3,1,0,1,1,2
Greece_104,1,9.90353755128617,2,0,0,1,1,1
Spain_481,1,10.645448706505872,2,1,0,1,1,2
Italy_42,0,8.006700845440367,-1,0,0,1,0,0
Iceland_27,0,8.006700845440367,-1,0,0,0,0,0
Hungary_36,1,16.118095750958314,4,1,0,1,1,2
Greece_118,0,8.006700845440367,-1,0,0,1,0,0
Romania_65,1,7.601402334583733,1,1,0,0,0,2
Hungary_24,0,8.006700845440367,-1,1,1,1,1,1
Iceland_14,0,0.0,0,1,1,0,1,1
Italy_71,0,0.0,0,0,1,1,1,0
Italy_102,1,7.601402334583733,1,1,0,0,1,2
Norway_20,1,13.527829818844937,3,1,0,1,0,2
Italy_95,1,10.165890277802454,2,1,0,1,1,2
Romania_153,1,7.601402334583733,1,0,0,0,0,1
Italy_286,0,8.006700845440367,-1,0,0,1,1,0
France_47,0,8.006700845440367,-1,0,0,0,0,0
Romania_9,0,8.006700845440367,-1,0,1,0,0,0
Italy_253,0,8.006700845440367,-1,0,0,1,0,0
Italy_31,1,9.90353755128617,2,1,0,1,1,2
Italy_219,1,7.601402334583733,1,1,0,1,1,2
Spain_169,1,8.006700845440367,1,0,0,1,0,1
Italy_127,0,0.0,0,1,1,1,1,1
Sweden_57,0,0.0,0,0,0,0,1,0
Norway_12,0,8.006700845440367,-1,0,0,0,0,0
Spain_299,1,10.308985993422082,2,1,0,1,1,2
Germany_7,0,0.0,0,0,1,1,1,0
Luxembourg_13,0,8.006700845440367,-1,0,0,0,0,0
Iceland_28,0,0.0,0,0,0,0,0,0
Hungary_32,1,14.914123179965662,4,1,0,1,1,2
Spain_507,1,8.006700845440367,1,1,0,1,1,2
Finland_4,1,12.994532278619134,3,1,0,1,1,2
Greece_69,1,7.244941546337007,1,1,0,1,1,2
Spain_203,1,8.294299608857235,1,1,0,1,1,2
Malta_9,0,0.0,0,0,1,0,0,0
Lithuania_2,1,9.61587214452889,2,1,0,1,0,2
Poland_16,1,9.680031452383618,2,1,0,1,0,2
Greece_53,0,0.0,0,1,1,1,1,1
Iceland_102,0,8.006700845440367,-1,0,0,0,0,0
Spain_585,0,8.006700845440367,-1,0,1,1,0,0
Spain_34,0,0.0,0,1,1,0,0,1
Italy_22,1,6.90875477931522,1,1,0,1,1,2
Italy_305,1,11.51293546492023,2,1,0,1,1,2
Luxembourg_17,0,8.006700845440367,-1,0,0,0,0,0
Greece_16,1,9.210440366976517,1,1,0,1,1,2
Spain_547,1,11.289794413577894,2,1,0,1,1,2
Spain_344,0,0.0,0,1,1,1,1,1
Italy_261,1,15.424948670398354,4,1,0,1,1,2
Greece_97,0,8.006700845440367,-1,0,0,1,0,0
Romania_169,0,8.006700845440367,-1,0,0,0,0,0
Romania_165,1,8.517393171418904,1,0,0,1,0,1
Slovenia_37,0,0.0,0,0,0,0,1,0
Spain_593,0,0.0,0,0,0,0,1,0
Norway_72,0,0.0,0,1,1,1,1,1
Slovenia_63,0,8.006700845440367,-1,0,0,0,0,0
Italy_161,1,13.122365377402328,3,1,0,1,1,2
Greece_36,0,0.0,0,1,1,1,0,1
Finland_18,0,0.0,0,1,1,1,1,1
France_67,0,0.0,0,0,0,0,0,0
Spain_341,1,9.90353755128617,2,0,0,0,0,1
Italy_87,1,11.156264806643742,2,1,0,1,1,2
Spain_220,1,6.2166061010848646,1,1,0,1,1,2
Italy_154,1,8.006700845440367,1,1,0,1,1,2
Germany_32,1,13.710151153416941,3,1,0,1,1,2
Italy_129,1,10.308985993422082,2,1,0,1,1,2
Spain_167,0,8.006700845440367,-1,0,0,0,0,0
Spain_178,1,11.51293546492023,2,1,0,1,1,2
Spain_342,1,10.12667110305036,2,1,0,1,1,2
Spain_230,1,6.398594934535208,1,1,0,1,0,2
Spain_605,0,0.0,0,0,1,0,1,0
Spain_242,1,12.388398368982115,3,0,0,0,0,1
Spain_149,1,9.392745258631441,2,1,0,1,1,2
Romania_23,0,8.006700845440367,-1,0,0,0,0,0
Romania_81,1,6.90875477931522,1,0,0,0,0,1
Spain_546,1,11.225256725762893,2,0,0,0,0,1
Romania_40,0,8.006700845440367,-1,0,1,0,0,0
Spain_175,1,11.184435286790631,2,1,0,1,1,2
Spain_224,1,9.210440366976517,1,0,0,0,0,1
Romania_83,0,8.006700845440367,-1,0,0,0,0,0
Spain_276,1,7.313886831633462,1,1,0,1,1,2
Spain_416,1,8.517393171418904,1,0,0,0,0,1
Romania_120,0,0.0,0,1,1,0,0,1
Spain_15,0,0.0,0,0,0,0,1,0
Spain_394,0,0.0,0,1,1,1,1,1
Italy_225,0,8.006700845440367,-1,1,0,0,0,1
Spain_17,0,0.0,0,0,0,0,0,0
Poland_41,1,9.521128433142438,2,1,0,1,1,2
Spain_267,1,8.006700845440367,1,1,0,1,1,2
Spain_332,0,0.0,0,0,0,1,0,0
Italy_308,1,8.699681400989514,1,0,0,1,0,1
Spain_391,1,7.0909098220799835,1,1,0,1,0,2
Latvia_4,0,0.0,0,1,1,1,1,1
United Kingdom_10,0,8.006700845440367,-1,0,0,0,0,0
Hungary_49,0,0.0,0,1,1,1,1,1
Spain_214,0,0.0,0,0,1,1,1,0
Italy_271,1,8.294299608857235,1,1,0,1,1,2
Romania_52,1,8.294299608857235,1,1,0,1,1,2
United Kingdom_37,0,0.0,0,1,1,1,1,1
Romania_129,1,8.517393171418904,1,1,0,1,0,2
Spain_428,1,7.601402334583733,1,1,0,1,1,2
Spain_85,1,6.90875477931522,1,1,0,1,1,2
Spain_40,1,7.313886831633462,1,1,0,1,1,2
Greece_102,0,8.006700845440367,-1,0,0,1,0,0
Slovenia_18,0,0.0,0,0,0,0,1,0
Spain_446,0,0.0,0,1,1,0,1,1
Hungary_11,1,12.611541086966115,3,1,0,1,1,2
Spain_179,1,9.90353755128617,2,1,0,0,1,2
Romania_108,1,8.699681400989514,1,1,0,1,1,2
Greece_64,0,8.006700845440367,-1,1,1,0,1,1
Spain_164,0,0.0,0,0,1,0,1,0
Romania_48,1,7.313886831633462,1,1,0,1,0,2
Spain_193,1,11.51293546492023,2,1,0,1,1,2
Italy_303,1,9.210440366976517,1,1,0,1,0,2
Germany_40,1,12.611541086966115,3,1,0,1,0,2
Luxembourg_12,1,8.575650760987806,1,1,0,1,0,2
Hungary_18,1,18.197537205138154,4,1,0,1,1,2
Poland_6,1,11.357312049199503,2,1,0,1,1,2
Spain_483,1,10.645448706505872,2,0,0,0,0,1
Norway_6,1,13.815511557963774,3,1,0,1,1,2
Iceland_9,0,0.0,0,0,0,0,0,0
Spain_531,0,8.006700845440367,-1,0,0,0,0,0
Ireland_17,0,8.006700845440367,-1,1,1,1,0,1
Spain_100,1,8.699681400989514,1,1,0,1,1,2
Spain_330,0,0.0,0,0,1,0,0,0
Poland_64,1,10.596659732783579,2,1,0,1,1,2
France_7,1,17.909855136853043,4,1,0,1,1,2
Spain_600,0,0.0,0,0,1,1,1,0
United Kingdom_47,0,8.006700845440367,-1,1,1,0,0,1
Spain_120,1,11.156264806643742,2,1,0,1,1,2
Poland_55,1,10.856630811006672,2,1,0,1,1,2
Italy_210,1,9.90353755128617,2,1,0,1,1,2
Norway_71,1,15.201805169084134,4,1,0,1,0,2
Spain_630,0,0.0,0,0,0,0,1,0
Spain_348,1,8.343077871169383,1,0,0,1,1,1
Romania_8,0,8.006700845440367,-1,0,0,0,0,0
Romania_101,0,8.006700845440367,-1,1,1,1,1,1
Norway_60,1,15.424948670398354,4,0,0,1,0,1
Iceland_81,1,16.300417291085605,4,0,0,1,0,1
Italy_300,1,9.210440366976517,1,1,0,1,0,2
Italy_277,0,8.006700845440367,-1,0,0,0,0,0
Norway_33,1,12.611541086966115,3,1,0,0,0,2
Italy_50,0,0.0,0,1,1,1,1,1
Italy_155,1,10.819798284210286,2,1,0,0,0,2
Romania_177,1,9.210440366976517,1,0,0,0,0,1
Slovenia_78,0,8.006700845440367,-1,0,1,0,0,0
Greece_48,0,8.006700845440367,-1,0,0,0,1,0
Spain_420,1,10.819798284210286,2,1,0,1,1,2
Hungary_42,1,16.118095750958314,4,1,0,1,0,2
France_40,0,8.006700845440367,-1,0,0,1,0,0
Spain_489,0,8.006700845440367,-1,0,0,0,0,0
Slovenia_32,0,8.006700845440367,-1,0,0,0,0,0
France_61,1,12.644330802262578,3,1,0,1,1,2
Spain_171,1,11.695255355062795,3,0,0,0,0,1
Italy_116,1,11.51293546492023,2,1,0,1,1,2
Sweden_50,0,8.006700845440367,-1,0,0,0,0,0
Spain_519,1,11.225256725762893,2,0,0,0,0,1
Spain_70,0,0.0,0,0,0,0,1,0
Spain_385,1,8.699681400989514,1,0,0,0,0,1
Luxembourg_24,0,8.006700845440367,-1,0,0,0,0,0
Iceland_67,0,0.0,0,0,0,0,1,0
Spain_107,1,10.308985993422082,2,1,0,1,1,2
Spain_368,1,7.496097345175956,1,0,0,0,0,1
United Kingdom_51,0,8.006700845440367,-1,0,0,0,0,0
Greece_95,0,8.006700845440367,-1,0,0,0,0,0
Romania_57,1,9.798182590890704,2,1,0,0,0,2
Luxembourg_18,1,8.824824939175638,1,1,0,1,1,2
Spain_439,1,7.0909098220799835,1,1,0,1,0,2
Spain_208,1,10.933124826700707,2,1,0,1,1,2
France_55,1,16.118095750958314,4,1,0,1,1,2
Italy_111,1,9.210440366976517,1,1,0,0,1,2
Italy_237,1,10.308985993422082,2,0,0,0,0,1
Spain_455,1,10.308985993422082,2,1,0,1,1,2
Spain_256,1,10.085850775128717,2,1,0,1,1,2
Spain_320,0,0.0,0,1,1,1,1,1
Romania_16,0,8.006700845440367,-1,1,1,1,0,1
Italy_136,0,8.006700845440367,-1,0,1,0,0,0
Spain_598,0,0.0,0,0,1,0,1,0
Greece_9,0,8.006700845440367,-1,0,0,0,0,0
Greece_122,1,9.61587214452889,2,1,0,1,1,2
Ireland_13,1,11.736077016252437,3,1,0,1,0,2
Italy_209,0,8.006700845440367,-1,1,1,1,0,1
Romania_173,0,8.006700845440367,-1,0,0,0,0,0
Norway_36,0,0.0,0,1,1,1,0,1
Italy_93,0,8.006700845440367,-1,0,0,0,0,0
Poland_58,0,8.006700845440367,-1,0,0,1,0,0
Spain_530,1,11.002116507732017,2,1,0,1,1,2
Finland_26,0,0.0,0,0,0,0,1,0
Italy_290,0,0.0,0,1,1,1,1,1
Greece_123,1,11.918397239722838,3,1,0,1,0,2
United Kingdom_63,0,8.006700845440367,-1,0,0,0,0,0
Italy_92,0,0.0,0,1,1,1,1,1
France_9,0,0.0,0,1,1,1,1,1
Italy_17,0,8.006700845440367,-1,0,0,0,0,0
Greece_1,1,6.90875477931522,1,0,0,0,0,1
Latvia_11,0,0.0,0,0,1,1,1,0
Norway_10,1,12.429220196836383,3,1,0,1,1,2
Italy_105,1,6.90875477931522,1,1,0,1,1,2
Greece_31,0,8.006700845440367,-1,0,0,0,0,0
Romania_158,0,8.006700845440367,-1,0,1,0,0,0
Norway_3,0,0.0,0,0,0,0,1,0
Finland_12,0,0.0,0,0,1,0,1,0
Hungary_53,0,0.0,0,1,1,1,1,1
Romania_51,1,6.2166061010848646,1,1,0,0,0,2
Slovenia_66,0,0.0,0,0,1,1,0,0
Greece_26,1,11.757517347490309,3,1,0,1,0,2
Ireland_21,0,0.0,0,1,1,1,1,1
Italy_24,0,0.0,0,0,0,0,1,0
Italy_153,0,8.006700845440367,-1,1,1,0,0,1
Spain_41,1,7.313886831633462,1,1,0,1,1,2
Ireland_12,0,8.006700845440367,-1,0,0,0,0,0
Romania_21,0,8.006700845440367,-1,0,0,0,0,0
Spain_595,0,0.0,0,0,1,1,1,0
Spain_549,0,8.006700845440367,-1,1,1,1,0,1
Romania_1,1,6.2166061010848646,1,1,0,1,1,2
Slovenia_40,0,8.006700845440367,-1,0,0,0,0,0
Spain_325,0,0.0,0,1,1,1,1,1
Luxembourg_22,1,9.798182590890704,2,1,0,1,1,2
Ireland_46,1,19.23161096461314,4,1,0,0,0,2
Spain_349,0,0.0,0,1,1,1,0,1
Spain_556,1,9.680406499268875,2,1,0,1,1,2
Iceland_101,0,0.0,0,1,1,1,1,1
Spain_384,0,0.0,0,1,1,1,1,1
Spain_319,0,0.0,0,1,1,1,1,1
Slovenia_55,0,0.0,0,0,0,0,1,0
Spain_237,1,10.645448706505872,2,1,0,1,1,2
Spain_172,1,12.100717685412471,3,1,0,1,1,2
Spain_631,0,8.006700845440367,-1,0,0,0,0,0
Italy_189,0,8.006700845440367,-1,0,0,1,1,0
Iceland_60,0,8.006700845440367,-1,0,0,0,0,0
Norway_83,0,0.0,0,0,0,0,0,0
Spain_355,1,8.006700845440367,1,0,0,0,0,1
Spain_369,1,11.472113887062386,2,0,0,1,0,1
Spain_353,0,0.0,0,1,1,1,1,1
Spain_279,1,8.006700845440367,1,1,0,1,0,2
Greece_20,0,0.0,0,0,0,0,0,0
Norway_52,1,15.424948670398354,4,0,0,1,0,1
Sweden_46,0,8.006700845440367,-1,0,0,0,0,0
Spain_239,1,9.392745258631441,2,1,0,1,1,2
Iceland_99,0,8.006700845440367,-1,0,0,0,0,0
Luxembourg_3,1,7.824445930877619,1,1,0,0,0,2
Romania_161,1,8.517393171418904,1,0,0,0,0,1
Spain_76,1,9.680406499268875,2,0,0,1,1,1
Sweden_42,1,16.52356082573315,4,0,0,1,0,1
Spain_340,1,9.105090961257085,1,1,0,1,0,2
Luxembourg_20,0,0.0,0,0,0,0,0,0
Italy_254,0,8.006700845440367,-1,0,0,0,0,0
Italy_107,0,8.006700845440367,-1,0,0,1,0,0
Norway_57,1,12.206077645517674,3,1,0,1,0,2
Greece_116,1,11.225256725762893,2,1,0,1,1,2
Spain_558,0,8.006700845440367,-1,1,1,1,0,1
Sweden_39,1,13.122365377402328,3,0,0,0,0,1
Netherlands_16,1,13.017005083966255,3,1,0,1,0,2
Italy_15,1,16.63269022330622,4,1,0,1,1,2
Slovenia_38,0,0.0,0,0,0,0,1,0
Italy_248,0,8.006700845440367,-1,0,0,0,0,0
Spain_421,1,9.90353755128617,2,0,0,0,0,1
Spain_343,1,8.517393171418904,1,1,0,1,1,2
Italy_223,1,11.156264806643742,2,1,0,1,0,2
Slovenia_34,0,0.0,0,0,0,1,1,0
Ireland_18,0,8.006700845440367,-1,0,0,0,0,0
Slovenia_46,0,0.0,0,0,0,0,1,0
Hungary_14,0,0.0,0,0,0,0,0,0
Spain_265,1,7.0909098220799835,1,1,0,1,1,2
Greece_50,0,8.006700845440367,-1,0,0,0,0,0
Iceland_1,0,0.0,0,1,1,1,1,1
Spain_513,1,10.819798284210286,2,0,0,0,0,1
United Kingdom_36,0,8.006700845440367,-1,0,0,0,0,0
Spain_445,1,8.699681400989514,1,1,0,1,1,2
Spain_46,0,0.0,0,0,1,0,0,0
Romania_33,1,7.601402334583733,1,1,0,0,0,2
Greece_70,0,0.0,0,0,0,0,0,0
Hungary_57,1,13.122365377402328,3,1,0,1,1,2
Ireland_8,0,8.006700845440367,-1,0,0,0,0,0
Spain_419,1,9.392745258631441,2,0,0,0,0,1
Norway_74,1,16.811242881518265,4,1,0,1,1,2
Spain_477,0,8.006700845440367,-1,0,0,0,0,0
France_2,0,0.0,0,1,1,0,0,1
France_23,0,0.0,0,0,0,0,1,0
Spain_253,0,0.0,0,0,1,0,0,0
Netherlands_39,1,10.308985993422082,2,1,0,1,1,2
Romania_159,0,8.006700845440367,-1,1,1,0,1,1
United Kingdom_44,1,14.115615891155079,4,1,0,1,1,2
Spain_290,1,9.798182590890704,2,1,0,1,1,2
Spain_599,0,0.0,0,0,1,0,0,0
Sweden_52,0,0.0,0,1,1,1,1,1
Spain_473,1,8.294299608857235,1,1,0,1,1,2
Spain_285,1,6.90875477931522,1,0,0,0,0,1
Spain_354,1,8.006700845440367,1,1,0,1,1,2
Spain_58,1,8.517393171418904,1,1,0,1,0,2
Norway_61,0,8.006700845440367,-1,0,0,0,0,0
Ireland_42,1,16.648723960844016,4,1,0,1,0,2
Finland_42,0,0.0,0,1,1,1,1,1
Netherlands_23,1,11.918397239722838,3,1,0,1,1,2
Spain_251,1,11.225256725762893,2,0,0,0,0,1
