model,outcome,term,estimate,std_err,t_value,p_value,n_obs
OLS_FineLog,fine_log1p,const,8.186372077087164,3.2877495663857665,2.489962179840379,0.012775668936127948,166
OLS_FineLog,fine_log1p,art33_notified_flag,0.3153671802207705,1.1029758626908603,0.28592391809136164,0.7749363941560659,166
OLS_FineLog,fine_log1p,q21_breach_types_TECHNICAL_FAILURE,-0.16882885529226588,1.1559557106876044,-0.14605131817017483,0.8838808766881984,166
OLS_FineLog,fine_log1p,q21_breach_types_ORGANIZATIONAL_FAILURE,0.19936847385505452,1.0915351438841048,0.18264961506014757,0.8550729519291358,166
OLS_FineLog,fine_log1p,q21_breach_types_CYBER_ATTACK,1.76549436725479,1.5256925608034708,1.157175706700066,0.24720058086940133,166
OLS_FineLog,fine_log1p,q21_breach_types_HUMAN_ERROR,0.6212875947523988,1.1299506913081734,0.5498360234048071,0.58243184817937,166
OLS_FineLog,fine_log1p,q21_breach_types_SYSTEM_MALFUNCTION,-6.208851565409751e-14,7.077245462240576e-14,-0.8772977563850243,0.3803249305613925,166
OLS_FineLog,fine_log1p,q25_sensitive_data_ARTICLE_9_SPECIAL_CATEGORY,0.8041212220086353,1.2186060751396197,0.6598696973642647,0.509337451736823,166
OLS_FineLog,fine_log1p,q25_sensitive_data_ARTICLE_10_CRIMINAL,1.4875248570158117,4.479306304485883,0.33208821989380427,0.7398226450249328,166
OLS_FineLog,fine_log1p,q25_sensitive_data_NEITHER,2.055641777525963,1.4267190614965852,1.4408174902840767,0.14963625087899363,166
OLS_FineLog,fine_log1p,n_principles_discussed,0.058818426755496755,0.5205198219889356,0.11299939842972401,0.9100310321434131,166
OLS_FineLog,fine_log1p,n_principles_violated,1.0793895506173232,0.6811673008179132,1.5846173903551208,0.11305329134481397,166
OLS_FineLog,fine_log1p,country_code_ES,-6.768618875621524,9.214829252298632,-0.7345354634686364,0.4626224545430315,166
OLS_FineLog,fine_log1p,country_code_FI,-8.437776145094979,9.17779367664852,-0.9193686895101596,0.3579027605965398,166
OLS_FineLog,fine_log1p,country_code_FR,-2.164753203421625,9.522450832571518,-0.22733151806015026,0.8201659667357486,166
OLS_FineLog,fine_log1p,country_code_GB,-6.232092714523859,9.5313650320961,-0.653851016463832,0.5132077947645666,166
OLS_FineLog,fine_log1p,country_code_GR,-6.040109666171902,9.283842448972695,-0.6506044990929667,0.5153018253416979,166
OLS_FineLog,fine_log1p,country_code_HU,-1.644579688966461,9.470601166277486,-0.17365103440554655,0.8621397216161758,166
OLS_FineLog,fine_log1p,country_code_IE,2.163992974346411,9.607052089402043,0.22525046749081395,0.8217844306802937,166
OLS_FineLog,fine_log1p,country_code_IS,-5.047116917056842,10.285290595498019,-0.49071213595715213,0.6236300617663704,166
OLS_FineLog,fine_log1p,country_code_IT,-5.68618105378887,9.254775101441044,-0.6144051034696115,0.5389476641932684,166
OLS_FineLog,fine_log1p,country_code_NL,-1.0069731136455173,9.465506002888205,-0.10638344250568962,0.9152781294899166,166
OLS_FineLog,fine_log1p,country_code_NO,-5.166993072992137,9.23935130423701,-0.5592376458964865,0.5759995439741201,166
OLS_FineLog,fine_log1p,country_code_PL,-3.582801298210822,9.16972061943588,-0.3907208787383138,0.6960035642469246,166
OLS_FineLog,fine_log1p,country_code_RO,-2.373032641164718,9.228629876236226,-0.2571381313357566,0.7970721423858239,166
OLS_FineLog,fine_log1p,country_code_SE,1.4978842871543905,9.494935207526414,0.15775613570981006,0.8746489643703104,166
OLS_FineLog,fine_log1p,country_code_nan,-4.420209751385517e-15,6.1480870250218095e-15,-0.7189569265034658,0.47216745964258156,166
OLS_FineLog,fine_log1p,isic_section_desc_Administrative and support service activities,-7.507439778854918,9.177700046641826,-0.8180088410714549,0.41335213897736145,166
OLS_FineLog,fine_log1p,"isic_section_desc_Arts, entertainment and recreation",-9.076134872425701,3.299926863206585,-2.7504048570356177,0.005952167382200638,166
OLS_FineLog,fine_log1p,isic_section_desc_Construction,-6.897161948323971,23.3247546546116,-0.2957013718024389,0.7674581494675579,166
OLS_FineLog,fine_log1p,isic_section_desc_Education,-7.289353069950884,2.8713453786065206,-2.538654222602941,0.011127974486309986,166
OLS_FineLog,fine_log1p,"isic_section_desc_Electricity, gas, steam and air conditioning supply",-3.8848798480659124,3.9602156642048447,-0.9809768400191259,0.32660416268288794,166
OLS_FineLog,fine_log1p,isic_section_desc_Financial and insurance activities,-4.5136189806184825,3.0052814506430847,-1.5018955977160264,0.13312407374447524,166
OLS_FineLog,fine_log1p,isic_section_desc_Human health and social work activities,-5.399089393757203,2.819567697554335,-1.914864253282629,0.05550981763622113,166
OLS_FineLog,fine_log1p,isic_section_desc_Information and communication,-3.5575453794615055,2.780955218181933,-1.279253026514851,0.20080796825057878,166
OLS_FineLog,fine_log1p,isic_section_desc_Manufacturing,1.8599119038457084,29.631797174246415,0.06276743502625601,0.9499516978009294,166
OLS_FineLog,fine_log1p,isic_section_desc_Other service activities,-6.197106898577286,2.911725678067254,-2.12832786593097,0.03330990925545436,166
OLS_FineLog,fine_log1p,"isic_section_desc_Professional, scientific and technical activities",-6.279904177351305,3.973579130697936,-1.580415029069341,0.11401185199294803,166
OLS_FineLog,fine_log1p,isic_section_desc_Public administration and defence; compulsory social security,-5.424406802316957,2.772066927985593,-1.956809465007675,0.050369873855618384,166
OLS_FineLog,fine_log1p,isic_section_desc_Real estate activities,-7.065020283792638,5.797095808211926,-1.218717184867744,0.22295155315986281,166
OLS_FineLog,fine_log1p,isic_section_desc_Transportation and storage,-3.8047034787012404,4.737955333853922,-0.8030264556349118,0.4219594435905981,166
OLS_FineLog,fine_log1p,"isic_section_desc_Water supply; sewerage, waste management and remediation activities",-11.092616442619667,7.784640089578465,-1.4249363252476746,0.1541756080787315,166
OLS_FineLog,fine_log1p,isic_section_desc_Wholesale and retail trade; repair of motor vehicles and motorcycles,-6.603884423674767,3.0812952317692255,-2.1432170327550644,0.03209567521761945,166
OLS_FineLog,fine_log1p,isic_section_desc_nan,-7.488875131676849,2.8641650907554332,-2.6146799833041863,0.008931109138488276,166
OLS_FineLog,fine_log1p,decision_year_cat_2019,9.082491036096194,9.501105775025362,0.9559404190584279,0.3391023368871685,166
OLS_FineLog,fine_log1p,decision_year_cat_2020,6.876570131425088,9.520361023341783,0.722301403756148,0.4701091900408476,166
OLS_FineLog,fine_log1p,decision_year_cat_2021,8.215686877758596,9.503075061217347,0.864529304970697,0.3872971891252466,166
OLS_FineLog,fine_log1p,decision_year_cat_2022,6.042223890281164,9.407950799848235,0.6422465443142661,0.5207131165166681,166
OLS_FineLog,fine_log1p,decision_year_cat_2023,2.1586847896849406,9.670023541569957,0.22323469848910746,0.823352847757552,166
OLS_FineLog,fine_log1p,decision_year_cat_2024,8.934537722072939,9.4235950096542,0.9481028962853099,0.34307707396081966,166
OLS_FineLog,fine_log1p,decision_year_cat_2025,6.415621480757832,9.609272071817358,0.667649061532345,0.5043576325217152,166
OLS_FineLog,fine_log1p,decision_year_cat_Missing,4.571004291641106,9.325595082117642,0.4901568480499723,0.6240229135394711,166
OLS_FineLog,fine_log1p,decision_year_cat_nan,0.0,0.0,,,166
OLS_FinePositive,fine_positive,const,0.8577514812439021,0.3603160646107622,2.3805529797027045,0.017286675064740315,166
OLS_FinePositive,fine_positive,art33_notified_flag,-0.027697751010184526,0.10177954905509566,-0.2721347389266883,0.785518419342935,166
OLS_FinePositive,fine_positive,q21_breach_types_TECHNICAL_FAILURE,-0.012173500387269998,0.08252328075182803,-0.14751595278766633,0.8827247889729855,166
OLS_FinePositive,fine_positive,q21_breach_types_ORGANIZATIONAL_FAILURE,0.10813248761547514,0.09472230090813298,1.1415737010057232,0.25363126079183307,166
OLS_FinePositive,fine_positive,q21_breach_types_CYBER_ATTACK,0.13495418402030696,0.122032007685447,1.1058916966126502,0.2687733991786182,166
OLS_FinePositive,fine_positive,q21_breach_types_HUMAN_ERROR,0.07764310407709576,0.09612099318858382,0.8077642718980701,0.41922629630145014,166
OLS_FinePositive,fine_positive,q21_breach_types_SYSTEM_MALFUNCTION,-2.831137714623667e-15,1.1276760404877271e-14,-0.2510594898690214,0.8017681153835335,166
OLS_FinePositive,fine_positive,q25_sensitive_data_ARTICLE_9_SPECIAL_CATEGORY,0.07754645616716022,0.0968202487232274,0.8009322139714421,0.42317088956800697,166
OLS_FinePositive,fine_positive,q25_sensitive_data_ARTICLE_10_CRIMINAL,-0.09689848873418117,0.3493577812577791,-0.2773617590119829,0.7815023420154475,166
OLS_FinePositive,fine_positive,q25_sensitive_data_NEITHER,0.14376628296912758,0.1103508552810773,1.3028107720863336,0.19263937223784355,166
OLS_FinePositive,fine_positive,n_principles_discussed,-0.0008752361315099988,0.044464159318739385,-0.01968408140218972,0.9842953895215616,166
OLS_FinePositive,fine_positive,n_principles_violated,0.036168813432884694,0.06016902399505837,0.6011201616940838,0.547759955599209,166
OLS_FinePositive,fine_positive,country_code_ES,-0.6551634905308465,1.5734105484946632,-0.4163970370973198,0.677119496190545,166
OLS_FinePositive,fine_positive,country_code_FI,-0.6736446302524421,1.57338853605571,-0.42814893766875006,0.6685426895368658,166
OLS_FinePositive,fine_positive,country_code_FR,-0.20126787841613858,1.5788692745670931,-0.12747596121998372,0.8985636981158295,166
OLS_FinePositive,fine_positive,country_code_GB,-0.4910723797756039,1.5845889478019202,-0.30990521577018465,0.7566330363391967,166
OLS_FinePositive,fine_positive,country_code_GR,-0.22262569609283006,1.573636935319238,-0.14147208361480584,0.8874970122630665,166
OLS_FinePositive,fine_positive,country_code_HU,-0.09269092199069151,1.5794288108018073,-0.058686356331334975,0.9532019266777552,166
OLS_FinePositive,fine_positive,country_code_IE,0.07258082719652204,1.573000710725751,0.046141636619499486,0.9631973601081996,166
OLS_FinePositive,fine_positive,country_code_IS,-0.5074547679813203,1.63399383713422,-0.3105610048513523,0.7561343758137904,166
OLS_FinePositive,fine_positive,country_code_IT,-0.30400386628193243,1.5719712919248778,-0.19339021510353405,0.8466533780074539,166
OLS_FinePositive,fine_positive,country_code_NL,-0.15637940223566582,1.5756539792155475,-0.09924729940613015,0.9209419207161962,166
OLS_FinePositive,fine_positive,country_code_NO,-0.35818750478646766,1.570650505249514,-0.22805041833897088,0.8196070448678021,166
OLS_FinePositive,fine_positive,country_code_PL,-0.19043094944399874,1.5700108310375283,-0.12129276160353243,0.9034591530935422,166
OLS_FinePositive,fine_positive,country_code_RO,0.005210443178419899,1.569067006556021,0.003320727003148459,0.997350448063083,166
OLS_FinePositive,fine_positive,country_code_SE,-0.04277904985710759,1.57902052351654,-0.027092143021572,0.978386241422628,166
OLS_FinePositive,fine_positive,country_code_nan,-8.552356844744722e-17,6.8986650349822e-16,-0.12397118574937142,0.9013380894770848,166
OLS_FinePositive,fine_positive,isic_section_desc_Administrative and support service activities,-0.23486752793068577,0.9444429684006167,-0.24868365352799043,0.8036054942827912,166
OLS_FinePositive,fine_positive,"isic_section_desc_Arts, entertainment and recreation",-0.3804553908092215,0.38840640542270266,-0.9795291362282554,0.32731859957668463,166
OLS_FinePositive,fine_positive,isic_section_desc_Construction,-0.24583269563729682,1.3479098824861362,-0.18238066122334057,0.8552840013886122,166
OLS_FinePositive,fine_positive,isic_section_desc_Education,-0.22150893115450884,0.19421491830669096,-1.140535099392916,0.254063438373779,166
OLS_FinePositive,fine_positive,"isic_section_desc_Electricity, gas, steam and air conditioning supply",-0.08292349205666054,0.2834443937614538,-0.2925564727395835,0.7698611883913079,166
OLS_FinePositive,fine_positive,isic_section_desc_Financial and insurance activities,-0.18224058218335043,0.20375625480528411,-0.8944048483689753,0.37110531933049173,166
OLS_FinePositive,fine_positive,isic_section_desc_Human health and social work activities,-0.11071780567253436,0.19790053258669385,-0.5594618883808837,0.5758465343915053,166
OLS_FinePositive,fine_positive,isic_section_desc_Information and communication,-0.14406777452452843,0.20862532906362,-0.6905574465533625,0.48984369709009523,166
OLS_FinePositive,fine_positive,isic_section_desc_Manufacturing,0.28826053789693074,0.7573073304432076,0.3806387794083925,0.7034713018175162,166
OLS_FinePositive,fine_positive,isic_section_desc_Other service activities,-0.19577487801865207,0.19022139979593042,-1.029194813142367,0.3033881391912858,166
OLS_FinePositive,fine_positive,"isic_section_desc_Professional, scientific and technical activities",-0.11263830589328161,0.31258841206669624,-0.3603406317865943,0.7185924175117822,166
OLS_FinePositive,fine_positive,isic_section_desc_Public administration and defence; compulsory social security,-0.21910461184097663,0.19406559830702602,-1.1290234526489185,0.25888794037168983,166
OLS_FinePositive,fine_positive,isic_section_desc_Real estate activities,-0.12343494712740516,0.19635584551350482,-0.6286288386505694,0.5295920757235768,166
OLS_FinePositive,fine_positive,isic_section_desc_Transportation and storage,-0.22908579633311202,0.39174696580002877,-0.5847800144801918,0.5586956442524278,166
OLS_FinePositive,fine_positive,"isic_section_desc_Water supply; sewerage, waste management and remediation activities",-0.7335344896636389,0.9290388055706627,-0.7895628097182279,0.4297831348451885,166
OLS_FinePositive,fine_positive,isic_section_desc_Wholesale and retail trade; repair of motor vehicles and motorcycles,-0.20677410924294778,0.22272181173519234,-0.9283963148108468,0.35320202942450485,166
OLS_FinePositive,fine_positive,isic_section_desc_nan,-0.3276628942301521,0.20393674604232692,-1.6066888414613907,0.10812264263276403,166
OLS_FinePositive,fine_positive,decision_year_cat_2019,0.32876532659707136,1.6030424989091585,0.20508834096462836,0.837503105390974,166
OLS_FinePositive,fine_positive,decision_year_cat_2020,0.35118584655523766,1.6020227257617294,0.2192140229398156,0.826483332409544,166
OLS_FinePositive,fine_positive,decision_year_cat_2021,0.38272197788253726,1.6039194963191536,0.23861670037732485,0.8114028141276258,166
OLS_FinePositive,fine_positive,decision_year_cat_2022,0.27682409817562026,1.5960457540431048,0.17344371079235615,0.8623026694679093,166
OLS_FinePositive,fine_positive,decision_year_cat_2023,-0.07414080763498931,1.6128258023353141,-0.045969507387366985,0.9633345537857952,166
OLS_FinePositive,fine_positive,decision_year_cat_2024,0.3602077294225108,1.5980513829418561,0.2254043476120296,0.8216647297610935,166
OLS_FinePositive,fine_positive,decision_year_cat_2025,0.3812514896518695,1.6104607011161307,0.23673442598608146,0.8128628259009746,166
OLS_FinePositive,fine_positive,decision_year_cat_Missing,0.13546233370692273,1.5979702202018184,0.0847715007416185,0.9324430510752514,166
OLS_FinePositive,fine_positive,decision_year_cat_nan,0.0,0.0,,,166
OLS_CorrectiveCount,n_corrective_measures,const,-0.412628691374314,1.5271644998891285,-0.270192694633925,0.7870120125997728,166
OLS_CorrectiveCount,n_corrective_measures,art33_notified_flag,-0.3715258780655232,0.28654578558050225,-1.2965672390290541,0.19478013078691236,166
OLS_CorrectiveCount,n_corrective_measures,q21_breach_types_TECHNICAL_FAILURE,-0.0955737778606863,0.3583441523249471,-0.26670946697637143,0.7896928642891923,166
OLS_CorrectiveCount,n_corrective_measures,q21_breach_types_ORGANIZATIONAL_FAILURE,0.8881597836861526,0.3127997688675203,2.8393875957827635,0.004520021667324656,166
OLS_CorrectiveCount,n_corrective_measures,q21_breach_types_CYBER_ATTACK,0.4046316487786372,0.3210350642846305,1.2603970525160135,0.20752616442094407,166
OLS_CorrectiveCount,n_corrective_measures,q21_breach_types_HUMAN_ERROR,0.19389809282228931,0.3100892555892046,0.6252976822878337,0.5317757008583053,166
OLS_CorrectiveCount,n_corrective_measures,q21_breach_types_SYSTEM_MALFUNCTION,1.61956975951528e-14,2.524826747205927e-14,0.641457779749664,0.5212253033217985,166
OLS_CorrectiveCount,n_corrective_measures,q25_sensitive_data_ARTICLE_9_SPECIAL_CATEGORY,0.557214240904458,0.30638708454911995,1.818660997817372,0.06896316551719832,166
OLS_CorrectiveCount,n_corrective_measures,q25_sensitive_data_ARTICLE_10_CRIMINAL,-0.6455231970570074,0.44551711624607676,-1.4489301836395876,0.14735708087420138,166
OLS_CorrectiveCount,n_corrective_measures,q25_sensitive_data_NEITHER,0.3828278794146705,0.2719276622506601,1.407829848004885,0.15918145978208886,166
OLS_CorrectiveCount,n_corrective_measures,n_principles_discussed,0.056006473594562005,0.17068391448774625,0.3281297699472602,0.7428135458231837,166
OLS_CorrectiveCount,n_corrective_measures,n_principles_violated,0.25477417329928764,0.23119149428871583,1.1020049594952719,0.2704595154968622,166
OLS_CorrectiveCount,n_corrective_measures,country_code_ES,2.4626921445248455,3.2109921376276014,0.7669567656881193,0.443107221288377,166
OLS_CorrectiveCount,n_corrective_measures,country_code_FI,2.2777707569070076,3.1838120556923744,0.7154224926168474,0.474348018054208,166
OLS_CorrectiveCount,n_corrective_measures,country_code_FR,1.4974095588015253,3.1978635920402145,0.46825310576996454,0.6396035991468751,166
OLS_CorrectiveCount,n_corrective_measures,country_code_GB,2.23391808481385,3.2169016197136884,0.694431583211635,0.48741159282480684,166
OLS_CorrectiveCount,n_corrective_measures,country_code_GR,2.0700820643091404,3.2183997466969023,0.643202282884126,0.5200928522013241,166
OLS_CorrectiveCount,n_corrective_measures,country_code_HU,2.8948379389428465,3.265191190054741,0.8865753245200673,0.37530758371242035,166
OLS_CorrectiveCount,n_corrective_measures,country_code_IE,3.7032941067408944,3.325790766953865,1.113507844070657,0.26549038132907954,166
OLS_CorrectiveCount,n_corrective_measures,country_code_IS,1.8575434928871835,3.242418323929576,0.5728882911801385,0.5667203329622637,166
OLS_CorrectiveCount,n_corrective_measures,country_code_IT,1.9363442610975838,3.2100681769458546,0.6032096997204196,0.546369195779018,166
OLS_CorrectiveCount,n_corrective_measures,country_code_NL,2.0857733676824397,3.2155933569154387,0.6486433874472299,0.5165689045294126,166
OLS_CorrectiveCount,n_corrective_measures,country_code_NO,1.4635996079066897,3.183955273125577,0.4596797009871076,0.6457461418462811,166
OLS_CorrectiveCount,n_corrective_measures,country_code_PL,2.4723382260021554,3.181542633589345,0.7770878818030859,0.4371069230352662,166
OLS_CorrectiveCount,n_corrective_measures,country_code_RO,3.649254389736169,3.208173770694027,1.1374865111956585,0.2553349603030729,166
OLS_CorrectiveCount,n_corrective_measures,country_code_SE,2.067264675800799,3.304273050428345,0.6256337307029793,0.5315552091231781,166
OLS_CorrectiveCount,n_corrective_measures,country_code_nan,7.498436478512373e-16,1.4802569373855332e-15,0.5065631708341323,0.6124613551356366,166
OLS_CorrectiveCount,n_corrective_measures,isic_section_desc_Administrative and support service activities,0.8099418109627969,3.5941594486889468,0.22534943775470007,0.8217074427967519,166
OLS_CorrectiveCount,n_corrective_measures,"isic_section_desc_Arts, entertainment and recreation",-0.5901919998669686,0.49280031909964517,-1.1976290943667807,0.2310614443142066,166
OLS_CorrectiveCount,n_corrective_measures,isic_section_desc_Construction,-0.7553034722060715,0.5570799657367078,-1.3558259471909457,0.1751545535277682,166
OLS_CorrectiveCount,n_corrective_measures,isic_section_desc_Education,0.057410147088122865,0.513013783779222,0.11190761126377377,0.9108966615995735,166
OLS_CorrectiveCount,n_corrective_measures,"isic_section_desc_Electricity, gas, steam and air conditioning supply",0.4281435811790358,0.6227384521597722,0.6875174958189182,0.4917566793869286,166
OLS_CorrectiveCount,n_corrective_measures,isic_section_desc_Financial and insurance activities,0.535608951848128,0.4667845342688124,1.1474436544628124,0.25119830780514263,166
OLS_CorrectiveCount,n_corrective_measures,isic_section_desc_Human health and social work activities,0.812415162786503,0.48135646023769096,1.6877620430924252,0.09145691654801004,166
OLS_CorrectiveCount,n_corrective_measures,isic_section_desc_Information and communication,0.6859143943526709,0.5004457571648233,1.3706068730377166,0.17049753926798727,166
OLS_CorrectiveCount,n_corrective_measures,isic_section_desc_Manufacturing,1.087410646191507,13.35816838844728,0.08140417268073567,0.9351205308070029,166
OLS_CorrectiveCount,n_corrective_measures,isic_section_desc_Other service activities,-0.250858184020173,0.4751034150729801,-0.5280075370151548,0.5974941047442046,166
OLS_CorrectiveCount,n_corrective_measures,"isic_section_desc_Professional, scientific and technical activities",0.9459830293717851,0.4953092855927048,1.9098834947941425,0.05614821565471682,166
OLS_CorrectiveCount,n_corrective_measures,isic_section_desc_Public administration and defence; compulsory social security,0.6225047738988374,0.4771813566146357,1.30454546320753,0.19204766909201854,166
OLS_CorrectiveCount,n_corrective_measures,isic_section_desc_Real estate activities,0.6944531524304384,0.7547104969950177,0.920158332493715,0.35749002503171,166
OLS_CorrectiveCount,n_corrective_measures,isic_section_desc_Transportation and storage,0.6450431179679577,0.7409910317995293,0.8705140687080141,0.38401953420946267,166
OLS_CorrectiveCount,n_corrective_measures,"isic_section_desc_Water supply; sewerage, waste management and remediation activities",1.3230904704842743,1.0468725766273512,1.2638505392383075,0.2062836773555502,166
OLS_CorrectiveCount,n_corrective_measures,isic_section_desc_Wholesale and retail trade; repair of motor vehicles and motorcycles,0.6669090115154112,0.6483266407595941,1.0286620502499257,0.30363850879971077,166
OLS_CorrectiveCount,n_corrective_measures,isic_section_desc_nan,0.8426940414410862,0.5137262375199811,1.6403562440361243,0.10093111754280101,166
OLS_CorrectiveCount,n_corrective_measures,decision_year_cat_2019,-0.6835747565618383,3.5586870217597744,-0.19208622516733992,0.8476746647190152,166
OLS_CorrectiveCount,n_corrective_measures,decision_year_cat_2020,-1.3024699975209908,3.477669771465252,-0.3745237711205165,0.708014674537845,166
OLS_CorrectiveCount,n_corrective_measures,decision_year_cat_2021,-2.02652397233475,3.4742141019445048,-0.5833042849030267,0.5596884785169697,166
OLS_CorrectiveCount,n_corrective_measures,decision_year_cat_2022,-2.0389218210184548,3.471755460018965,-0.5872884321775695,0.5570100088693489,166
OLS_CorrectiveCount,n_corrective_measures,decision_year_cat_2023,-1.8650958597455256,3.489819641784499,-0.5344390401768212,0.5930378146467274,166
OLS_CorrectiveCount,n_corrective_measures,decision_year_cat_2024,-2.0517628265000125,3.485858375825773,-0.5885961520206527,0.5561322158251067,166
OLS_CorrectiveCount,n_corrective_measures,decision_year_cat_2025,-2.6394884025310255,3.4806662744981747,-0.7583284906886323,0.4482543553214079,166
OLS_CorrectiveCount,n_corrective_measures,decision_year_cat_Missing,-2.0578167310611137,3.456796273745666,-0.5952959237691303,0.5516456801698728,166
OLS_CorrectiveCount,n_corrective_measures,decision_year_cat_nan,0.0,0.0,,,166
