outcome,feature,importance
fine_log1p,fine_currency_human_MISSING,1.2059996708314187
fine_log1p,fine_raw_0,1.031618360646954
fine_log1p,raw_q37_0,0.5068548348138473
fine_log1p,fine_amount_human_native,0.46134094812872617
fine_log1p,fine_raw_5_000_EUR_1,0.4351353526852238
fine_log1p,raw_q39_NOT_APPLICABLE,0.39128829947672145
fine_log1p,raw_q37_NUMBER_0,0.3903835165883627
fine_log1p,fine_raw_TYPE_0,0.3903271960605301
fine_log1p,fine_raw_TYPE_NUMBER_0,0.3902944389003577
fine_log1p,fine_currency_human_EUR,0.3572368594138158
fine_log1p,remedy_only_case,0.3462153732523467
fine_log1p,fine_raw_75_000_EUR_1,0.25109536683598166
fine_log1p,fine_amount_human_eur,0.2502090982542137
fine_log1p,fine_raw_4_000_EUR_1,0.2472651796771011
fine_log1p,fine_raw_2_000_EUR_1,0.2337909865126792
fine_log1p,fine_raw_2_500,0.22838421130305178
fine_log1p,fine_raw_3_000_EUR_1,0.2239889095838468
fine_log1p,raw_q39_BELOW_ALL_CAPS,0.22326342788968206
fine_log1p,raw_q24_OVER_100000,0.21100361404034554
fine_log1p,fine_raw_40_000_EUR_1,0.20530306744279267
fine_log1p,raw_q14_OVER_1B,0.20443884800802298
fine_log1p,fine_raw_30_000_EUR,0.19577682277868033
fine_log1p,fine_raw_24_000_EUR_1,0.1842076726770162
fine_log1p,fine_raw_30_000_EUR_2,0.18409094443853202
fine_log1p,fine_raw_0_EUR,0.17775485394942545
fine_log1p,fine_raw_20_000_000_EUR,0.16390074324738857
fine_log1p,fine_raw_1_000,0.16269438272113085
fine_log1p,raw_q13_NO,0.15881515333432838
fine_log1p,country_code_NL,0.15060457726351398
fine_log1p,turnover_status_NOT_MENTIONED,0.14814577892362904
fine_log1p,raw_q43_YES_BOTH_TYPES,0.14728448109095071
fine_log1p,raw_q37_48000,0.14095936995651856
fine_log1p,fine_raw_5_500_000_EUR,0.12437962254112077
fine_log1p,fine_raw_1000_EUR,0.1241683675579838
fine_log1p,raw_q53_ADMINISTRATIVE_FINE,0.12212625672715859
fine_log1p,raw_q16_NOT_DISCUSSED,0.11687445237865637
fine_log1p,fine_currency_human_GBP,0.11539040844270465
fine_log1p,fine_raw_9_852_2_RON,0.11262950649804611
fine_log1p,fine_raw_4_400_000_GBP,0.11227266228703706
fine_log1p,q10_org_class_MULTINATIONAL,0.11056040282350617
fine_log1p,q41_aggrav_INTENT_NEGLIGENCE,0.11015951025250999
fine_log1p,fine_raw_91_000_000_EUR,0.10811235342178271
fine_log1p,raw_q48_UNCLEAR,0.1064704208810011
fine_log1p,fine_currency_human_SEK,0.10574256071448836
fine_log1p,fine_raw_48_000,0.10439893569764187
fine_log1p,raw_q44_YES_MENTIONED_UNQUANTIFIED,0.10341304328474815
fine_log1p,fine_raw_2250000_EUR,0.10247662805009468
fine_log1p,q10_org_class_LARGE_ENTERPRISE,0.10188686806440235
fine_log1p,fine_currency_human_NOK,0.09397438477858432
fine_log1p,q41_aggrav_known_NATURE_GRAVITY_DURATION_INTENT_NEGLIGENCE_DATA_CATEGORIES_AFFECTED,0.09313726390615774
fine_positive,fine_currency_human_ISK,0.7242685532792849
fine_positive,fine_currency_human_BGN,0.5810603201120157
fine_positive,fine_raw_99_518_RON,0.546046026196259
fine_positive,decision_date_status_PARSE_ERROR,0.546036090456549
fine_positive,fine_status_NOT_DISCUSSED,0.5141126660642005
fine_positive,fine_raw__3_EUR,0.3652086851195915
fine_positive,raw_q38__Not_provided_in_text,0.2824027340846264
fine_positive,raw_q37_NUMBER,0.27892452426668596
fine_positive,fine_raw_TYPE_8000,0.27892452426668596
fine_positive,fine_raw_10000_RON,0.27069583576678874
fine_positive,raw_q39_NO,0.27034697217127984
fine_positive,severity_measures_present,0.23537002949801153
fine_positive,raw_q36_Y_Oy_failed_to_have_a_proper_data_processing_agreement_with_XX_Oy_as_required_by_Article_28_3_GDPR_violating_the_accountability_principle,0.2121369993011765
fine_positive,turnover_status_DISCUSSED,0.20438913805720296
fine_positive,raw_q38_NO,0.20236376448009014
fine_positive,fine_raw_25_000_EUR_1,0.17672783066763198
fine_positive,fine_status_DISCUSSED,0.17579313456924553
fine_positive,raw_q52_Warning_sanction_imposed_under_Article_77_LOPDGDD_for_public_sector_bodies_instead_of_fine_compliance_order_to_appoint_DPO_within_one_month,0.17329023817206038
fine_positive,q41_aggrav_OTHER_CIRCUMSTANCES,0.1502902208611292
fine_positive,q41_aggrav_known_NATURE_GRAVITY_DURATION_TECHNICAL_ORGANIZATIONAL_MEASURES_DATA_CATEGORIES_AFFECTED,0.1502902208611292
fine_positive,raw_q41_NO,0.1502902208611292
fine_positive,raw_q16_NOT_DISCUSSED,0.13825052679877795
fine_positive,turnover_status_NOT_DISCUSSED,0.13730354645022416
fine_positive,n_corrective_measures,0.1312747852994692
fine_positive,fine_raw_30_000_PLN,0.1250348789947351
fine_positive,q32_bases_NONE_DISCUSSED,0.12051360356135454
fine_positive,fine_raw_500_000_HUF_1,0.11834691060850316
fine_positive,fine_raw_2000,0.11562324060052073
fine_positive,raw_q53_MISSING,0.11308915884541715
fine_positive,fine_raw_800_000_EUR,0.11143391490035727
fine_positive,fine_raw_500000_GBP,0.11128138945737737
fine_positive,fine_raw_9000_EUR,0.11033435683761164
fine_positive,fine_raw_4_000_EUR_1,0.10915807406874248
fine_positive,fine_currency_human_PLN,0.10883173287437493
fine_positive,q41_aggrav_NATURE_GRAVITY_DURATION,0.10435636502715846
fine_positive,raw_q53_NOT_DISCUSSED,0.10413444749212014
fine_positive,raw_q53_REPRIMAND_LIMITATION_PROHIBITION_OF_PROCESSING_RECTIFICATION_ERASURE_RESTRICTION_ADMINISTRATIVE_FINE_1,0.10328287230888031
fine_positive,fine_raw_75_000_GBP,0.09768372502899075
fine_positive,raw_q66_NO_REFERENCES,0.09348420983677173
fine_positive,raw_q38_97000,0.09257276567659943
fine_positive,fine_raw_700_000_HUF,0.09162059353362685
fine_positive,fine_raw_NOK_250_000_NOK,0.09116905208590531
fine_positive,fine_raw_100_0000_EUR,0.09015119544934988
fine_positive,fine_currency_human_MISSING,0.08857105430624598
fine_positive,fine_raw_20_000,0.08763654183776647
fine_positive,fine_raw_500_000,0.08677024006801631
fine_positive,country_code_SE,0.08019628326195338
fine_positive,raw_q1_ISO_3166_1_ALPHA_2_SE,0.08019628326195338
fine_positive,raw_q13_NOT_DISCUSSED,0.07939145230595442
fine_positive,country_code_PT,0.07833999460741353
