source,target,weight
fine_currency_human_MISSING,fine_log1p,1.2059996708314187
fine_raw_0,fine_log1p,1.031618360646954
raw_q37_0,fine_log1p,0.5068548348138473
fine_amount_human_native,fine_log1p,0.46134094812872617
fine_raw_5_000_EUR_1,fine_log1p,0.4351353526852238
raw_q39_NOT_APPLICABLE,fine_log1p,0.39128829947672145
raw_q37_NUMBER_0,fine_log1p,0.3903835165883627
fine_raw_TYPE_0,fine_log1p,0.3903271960605301
fine_raw_TYPE_NUMBER_0,fine_log1p,0.3902944389003577
fine_currency_human_EUR,fine_log1p,0.3572368594138158
remedy_only_case,fine_log1p,0.3462153732523467
fine_raw_75_000_EUR_1,fine_log1p,0.25109536683598166
fine_amount_human_eur,fine_log1p,0.2502090982542137
fine_raw_4_000_EUR_1,fine_log1p,0.2472651796771011
fine_raw_2_000_EUR_1,fine_log1p,0.2337909865126792
fine_raw_2_500,fine_log1p,0.22838421130305178
fine_raw_3_000_EUR_1,fine_log1p,0.2239889095838468
raw_q39_BELOW_ALL_CAPS,fine_log1p,0.22326342788968206
raw_q24_OVER_100000,fine_log1p,0.21100361404034554
fine_raw_40_000_EUR_1,fine_log1p,0.20530306744279267
raw_q14_OVER_1B,fine_log1p,0.20443884800802298
fine_raw_30_000_EUR,fine_log1p,0.19577682277868033
fine_raw_24_000_EUR_1,fine_log1p,0.1842076726770162
fine_raw_30_000_EUR_2,fine_log1p,0.18409094443853202
fine_raw_0_EUR,fine_log1p,0.17775485394942545
fine_raw_20_000_000_EUR,fine_log1p,0.16390074324738857
fine_raw_1_000,fine_log1p,0.16269438272113085
raw_q13_NO,fine_log1p,0.15881515333432838
country_code_NL,fine_log1p,0.15060457726351398
turnover_status_NOT_MENTIONED,fine_log1p,0.14814577892362904
raw_q43_YES_BOTH_TYPES,fine_log1p,0.14728448109095071
raw_q37_48000,fine_log1p,0.14095936995651856
fine_raw_5_500_000_EUR,fine_log1p,0.12437962254112077
fine_raw_1000_EUR,fine_log1p,0.1241683675579838
raw_q53_ADMINISTRATIVE_FINE,fine_log1p,0.12212625672715859
raw_q16_NOT_DISCUSSED,fine_log1p,0.11687445237865637
fine_currency_human_GBP,fine_log1p,0.11539040844270465
fine_raw_9_852_2_RON,fine_log1p,0.11262950649804611
fine_raw_4_400_000_GBP,fine_log1p,0.11227266228703706
q10_org_class_MULTINATIONAL,fine_log1p,0.11056040282350617
q41_aggrav_INTENT_NEGLIGENCE,fine_log1p,0.11015951025250999
fine_raw_91_000_000_EUR,fine_log1p,0.10811235342178271
raw_q48_UNCLEAR,fine_log1p,0.1064704208810011
fine_currency_human_SEK,fine_log1p,0.10574256071448836
fine_raw_48_000,fine_log1p,0.10439893569764187
raw_q44_YES_MENTIONED_UNQUANTIFIED,fine_log1p,0.10341304328474815
fine_raw_2250000_EUR,fine_log1p,0.10247662805009468
q10_org_class_LARGE_ENTERPRISE,fine_log1p,0.10188686806440235
fine_currency_human_NOK,fine_log1p,0.09397438477858432
q41_aggrav_known_NATURE_GRAVITY_DURATION_INTENT_NEGLIGENCE_DATA_CATEGORIES_AFFECTED,fine_log1p,0.09313726390615774
fine_currency_human_ISK,fine_positive,0.7242685532792849
fine_currency_human_BGN,fine_positive,0.5810603201120157
fine_raw_99_518_RON,fine_positive,0.546046026196259
decision_date_status_PARSE_ERROR,fine_positive,0.546036090456549
fine_status_NOT_DISCUSSED,fine_positive,0.5141126660642005
fine_raw__3_EUR,fine_positive,0.3652086851195915
raw_q38__Not_provided_in_text,fine_positive,0.2824027340846264
raw_q37_NUMBER,fine_positive,0.27892452426668596
fine_raw_TYPE_8000,fine_positive,0.27892452426668596
fine_raw_10000_RON,fine_positive,0.27069583576678874
raw_q39_NO,fine_positive,0.27034697217127984
severity_measures_present,fine_positive,0.23537002949801153
raw_q36_Y_Oy_failed_to_have_a_proper_data_processing_agreement_with_XX_Oy_as_required_by_Article_28_3_GDPR_violating_the_accountability_principle,fine_positive,0.2121369993011765
turnover_status_DISCUSSED,fine_positive,0.20438913805720296
raw_q38_NO,fine_positive,0.20236376448009014
fine_raw_25_000_EUR_1,fine_positive,0.17672783066763198
fine_status_DISCUSSED,fine_positive,0.17579313456924553
raw_q52_Warning_sanction_imposed_under_Article_77_LOPDGDD_for_public_sector_bodies_instead_of_fine_compliance_order_to_appoint_DPO_within_one_month,fine_positive,0.17329023817206038
q41_aggrav_OTHER_CIRCUMSTANCES,fine_positive,0.1502902208611292
q41_aggrav_known_NATURE_GRAVITY_DURATION_TECHNICAL_ORGANIZATIONAL_MEASURES_DATA_CATEGORIES_AFFECTED,fine_positive,0.1502902208611292
raw_q41_NO,fine_positive,0.1502902208611292
raw_q16_NOT_DISCUSSED,fine_positive,0.13825052679877795
turnover_status_NOT_DISCUSSED,fine_positive,0.13730354645022416
n_corrective_measures,fine_positive,0.1312747852994692
fine_raw_30_000_PLN,fine_positive,0.1250348789947351
q32_bases_NONE_DISCUSSED,fine_positive,0.12051360356135454
fine_raw_500_000_HUF_1,fine_positive,0.11834691060850316
fine_raw_2000,fine_positive,0.11562324060052073
raw_q53_MISSING,fine_positive,0.11308915884541715
fine_raw_800_000_EUR,fine_positive,0.11143391490035727
fine_raw_500000_GBP,fine_positive,0.11128138945737737
fine_raw_9000_EUR,fine_positive,0.11033435683761164
fine_raw_4_000_EUR_1,fine_positive,0.10915807406874248
fine_currency_human_PLN,fine_positive,0.10883173287437493
q41_aggrav_NATURE_GRAVITY_DURATION,fine_positive,0.10435636502715846
raw_q53_NOT_DISCUSSED,fine_positive,0.10413444749212014
raw_q53_REPRIMAND_LIMITATION_PROHIBITION_OF_PROCESSING_RECTIFICATION_ERASURE_RESTRICTION_ADMINISTRATIVE_FINE_1,fine_positive,0.10328287230888031
fine_raw_75_000_GBP,fine_positive,0.09768372502899075
raw_q66_NO_REFERENCES,fine_positive,0.09348420983677173
raw_q38_97000,fine_positive,0.09257276567659943
fine_raw_700_000_HUF,fine_positive,0.09162059353362685
fine_raw_NOK_250_000_NOK,fine_positive,0.09116905208590531
fine_raw_100_0000_EUR,fine_positive,0.09015119544934988
fine_currency_human_MISSING,fine_positive,0.08857105430624598
fine_raw_20_000,fine_positive,0.08763654183776647
fine_raw_500_000,fine_positive,0.08677024006801631
country_code_SE,fine_positive,0.08019628326195338
raw_q1_ISO_3166_1_ALPHA_2_SE,fine_positive,0.08019628326195338
raw_q13_NOT_DISCUSSED,fine_positive,0.07939145230595442
country_code_PT,fine_positive,0.07833999460741353
