column,covered
art33_notification_delay_band,True
art33_notification_delay_band_note,True
art33_notification_delay_band_status,True
art33_notification_required,True
art33_notification_required_note,True
art33_notification_required_status,True
art33_notification_submitted,True
art33_notification_submitted_note,True
art33_notification_submitted_status,True
art33_notification_timeliness,True
art33_notification_timeliness_note,True
art33_notification_timeliness_status,True
art34_notification_required,True
art34_notification_required_note,True
art34_notification_required_status,True
breach_case,True
country_code,True
country_group,True
country_mapped_from_uk,True
country_status,True
country_whitelist_ok,True
data_subjects_notified,True
data_subjects_notified_note,True
data_subjects_notified_status,True
decision_date,True
decision_date_error,True
decision_date_raw,True
decision_date_status,True
decision_quarter,True
decision_year,True
dpa_name_canonical,True
dpa_name_raw,True
fine_amount_human_eur,True
fine_amount_human_native,True
fine_currency_human,True
fine_error,True
fine_numeric_valid,True
fine_outlier_flag,True
fine_raw,True
fine_status,True
fine_to_turnover_ratio,True
ingest_line_count,True
ingest_missing_questions,True
ingest_parser_version,True
ingest_question_count,True
ingest_warning_count,True
ingest_warnings,True
isic_code,True
isic_codes_all,True
isic_desc,True
isic_division_code,True
isic_division_desc,True
isic_group_code,True
isic_group_desc,True
isic_multi_sector,True
isic_reference_version,True
isic_section,True
isic_section_desc,True
isic_unparsed_tokens,True
n_corrective_measures,True
n_principles_discussed,True
n_principles_violated,True
q10_org_class_LARGE_ENTERPRISE,True
q10_org_class_MULTINATIONAL,True
q10_org_class_NON_PROFIT,True
q10_org_class_NOT_APPLICABLE,True
q10_org_class_NOT_MENTIONED,True
q10_org_class_PUBLIC_SECTOR_BODY,True
q10_org_class_SME,True
q10_org_class_UNCLEAR,True
q10_org_class_coverage_status,True
q10_org_class_exclusivity_conflict,False
q10_org_class_known,True
q10_org_class_status,True
q10_org_class_unknown,True
q15_case_initiation_BREACH_NOTIFICATION,True
q15_case_initiation_COMPLAINT,True
q15_case_initiation_EX_OFFICIO_DPA_INITIATIVE,True
q15_case_initiation_FOLLOW_UP_PRIOR_CASE,True
q15_case_initiation_JOINT_INVESTIGATION,True
q15_case_initiation_MEDIA_PUBLIC_ATTENTION,True
q15_case_initiation_NOT_MENTIONED,True
q15_case_initiation_OTHER,True
q15_case_initiation_REFERRAL_FROM_OTHER_AUTHORITY,True
q15_case_initiation_UNCLEAR,True
q15_case_initiation_coverage_status,True
q15_case_initiation_exclusivity_conflict,False
q15_case_initiation_known,True
q15_case_initiation_status,True
q15_case_initiation_unknown,True
q21_breach_types_CYBER_ATTACK,True
q21_breach_types_HUMAN_ERROR,True
q21_breach_types_NOT_APPLICABLE,True
q21_breach_types_NOT_MENTIONED,True
q21_breach_types_ORGANIZATIONAL_FAILURE,True
q21_breach_types_SYSTEM_MALFUNCTION,True
q21_breach_types_TECHNICAL_FAILURE,True
q21_breach_types_UNCLEAR,True
q21_breach_types_coverage_status,True
q21_breach_types_exclusivity_conflict,False
q21_breach_types_known,True
q21_breach_types_status,True
q21_breach_types_unknown,True
q25_sensitive_data_ARTICLE_10_CRIMINAL,True
q25_sensitive_data_ARTICLE_9_SPECIAL_CATEGORY,True
q25_sensitive_data_NEITHER,True
q25_sensitive_data_NOT_APPLICABLE,True
q25_sensitive_data_NOT_MENTIONED,True
q25_sensitive_data_UNCLEAR,True
q25_sensitive_data_coverage_status,True
q25_sensitive_data_exclusivity_conflict,False
q25_sensitive_data_known,True
q25_sensitive_data_status,True
q25_sensitive_data_unknown,True
q28_mitigations_COOPERATION_WITH_DPA,True
q28_mitigations_EXTERNAL_AUDIT,True
q28_mitigations_IMMEDIATE_CONTAINMENT,True
q28_mitigations_LEGAL_ADVICE,True
q28_mitigations_NONE_MENTIONED,True
q28_mitigations_NOT_APPLICABLE,True
q28_mitigations_SECURITY_IMPROVEMENTS,True
q28_mitigations_STAFF_TRAINING,True
q28_mitigations_SYSTEM_FIXES,True
q28_mitigations_UNCLEAR,True
q28_mitigations_coverage_status,True
q28_mitigations_exclusivity_conflict,False
q28_mitigations_known,True
q28_mitigations_status,True
q28_mitigations_unknown,True
q30_discussed_ACCOUNTABILITY,True
q30_discussed_ACCURACY,True
q30_discussed_DATA_MINIMISATION,True
q30_discussed_LAWFULNESS_FAIRNESS_TRANSPARENCY,True
q30_discussed_NONE_DISCUSSED,True
q30_discussed_PURPOSE_LIMITATION,True
q30_discussed_SECURITY,True
q30_discussed_STORAGE_LIMITATION,True
q30_discussed_coverage_status,True
q30_discussed_exclusivity_conflict,False
q30_discussed_known,True
q30_discussed_status,True
q30_discussed_unknown,True
q31_violated_ACCOUNTABILITY,True
q31_violated_ACCURACY,True
q31_violated_DATA_MINIMISATION,True
q31_violated_LAWFULNESS_FAIRNESS_TRANSPARENCY,True
q31_violated_NONE_VIOLATED,True
q31_violated_NOT_DETERMINED,True
q31_violated_PURPOSE_LIMITATION,True
q31_violated_SECURITY,True
q31_violated_STORAGE_LIMITATION,True
q31_violated_coverage_status,True
q31_violated_exclusivity_conflict,False
q31_violated_known,True
q31_violated_status,True
q31_violated_unknown,True
q32_bases_CONSENT,True
q32_bases_CONTRACT,True
q32_bases_LEGAL_OBLIGATION,True
q32_bases_LEGITIMATE_INTERESTS,True
q32_bases_NONE_DISCUSSED,True
q32_bases_PUBLIC_TASK,True
q32_bases_VITAL_INTERESTS,True
q32_bases_coverage_status,True
q32_bases_exclusivity_conflict,False
q32_bases_known,True
q32_bases_status,True
q32_bases_unknown,True
q36_lang,True
q36_text,True
q36_tokens,True
q41_aggrav_CODES_CERTIFICATION,True
q41_aggrav_COMPLIANCE_PRIOR_ORDERS,True
q41_aggrav_COOPERATION_WITH_AUTHORITY,True
q41_aggrav_DATA_CATEGORIES_AFFECTED,True
q41_aggrav_INTENT_NEGLIGENCE,True
q41_aggrav_MANNER_BECAME_KNOWN,True
q41_aggrav_MITIGATION_ACTIONS,True
q41_aggrav_NATURE_GRAVITY_DURATION,True
q41_aggrav_NONE,True
q41_aggrav_OTHER_CIRCUMSTANCES,True
q41_aggrav_PREVIOUS_INFRINGEMENTS,True
q41_aggrav_TECHNICAL_ORGANIZATIONAL_MEASURES,True
q41_aggrav_coverage_status,True
q41_aggrav_exclusivity_conflict,False
q41_aggrav_known,True
q41_aggrav_status,True
q41_aggrav_unknown,True
q42_mitig_CODES_CERTIFICATION,True
q42_mitig_COMPLIANCE_PRIOR_ORDERS,True
q42_mitig_COOPERATION_WITH_AUTHORITY,True
q42_mitig_DATA_CATEGORIES_AFFECTED,True
q42_mitig_INTENT_NEGLIGENCE,True
q42_mitig_MANNER_BECAME_KNOWN,True
q42_mitig_MITIGATION_ACTIONS,True
q42_mitig_NATURE_GRAVITY_DURATION,True
q42_mitig_NONE,True
q42_mitig_OTHER_CIRCUMSTANCES,True
q42_mitig_PREVIOUS_INFRINGEMENTS,True
q42_mitig_TECHNICAL_ORGANIZATIONAL_MEASURES,True
q42_mitig_coverage_status,True
q42_mitig_exclusivity_conflict,False
q42_mitig_known,True
q42_mitig_status,True
q42_mitig_unknown,True
q46_vuln_CHILDREN,True
q46_vuln_ELDERLY,True
q46_vuln_EMPLOYEES,True
q46_vuln_FINANCIALLY_VULNERABLE,True
q46_vuln_NONE_MENTIONED,True
q46_vuln_NOT_DISCUSSED,True
q46_vuln_PATIENTS,True
q46_vuln_coverage_status,True
q46_vuln_exclusivity_conflict,False
q46_vuln_known,True
q46_vuln_status,True
q46_vuln_unknown,True
q47_remedial_COMPENSATION_TO_SUBJECTS,True
q47_remedial_DPO_APPOINTMENT,True
q47_remedial_EXTERNAL_AUDIT,True
q47_remedial_IMMEDIATE_CESSATION,True
q47_remedial_NONE_MENTIONED,True
q47_remedial_POLICY_CHANGES,True
q47_remedial_STAFF_TRAINING,True
q47_remedial_SYSTEM_UPGRADES,True
q47_remedial_coverage_status,True
q47_remedial_exclusivity_conflict,False
q47_remedial_known,True
q47_remedial_status,True
q47_remedial_unknown,True
q50_other_measures_AUDIT_REQUIREMENT,True
q50_other_measures_CERTIFICATION_WITHDRAWAL,True
q50_other_measures_COMPLIANCE_ORDER,True
q50_other_measures_DATA_DELETION_ORDER,True
q50_other_measures_NONE,True
q50_other_measures_PERIODIC_REPORTING,True
q50_other_measures_PROCESSING_BAN,True
q50_other_measures_coverage_status,True
q50_other_measures_exclusivity_conflict,False
q50_other_measures_known,True
q50_other_measures_status,True
q50_other_measures_unknown,True
q52_lang,True
q52_text,True
q52_tokens,True
q54_scopes_COMPLETE_PROCESSING_BAN,True
q54_scopes_DATA_CATEGORY_LIMITATION,True
q54_scopes_GEOGRAPHICAL_LIMITATION,True
q54_scopes_NOT_APPLICABLE,True
q54_scopes_SPECIFIC_PURPOSE_LIMITATION,True
q54_scopes_TEMPORAL_LIMITATION,True
q54_scopes_coverage_status,True
q54_scopes_exclusivity_conflict,False
q54_scopes_known,True
q54_scopes_status,True
q54_scopes_unknown,True
q56_rights_discussed_ACCESS,True
q56_rights_discussed_AUTOMATED_DECISION_MAKING,True
q56_rights_discussed_DATA_PORTABILITY,True
q56_rights_discussed_ERASURE,True
q56_rights_discussed_INFORMATION_OBLIGATIONS,True
q56_rights_discussed_NONE_DISCUSSED,True
q56_rights_discussed_OBJECTION,True
q56_rights_discussed_RECTIFICATION,True
q56_rights_discussed_RESTRICTION_OF_PROCESSING,True
q56_rights_discussed_coverage_status,True
q56_rights_discussed_exclusivity_conflict,False
q56_rights_discussed_known,True
q56_rights_discussed_status,True
q56_rights_discussed_unknown,True
q57_rights_violated_ACCESS,True
q57_rights_violated_AUTOMATED_DECISION_MAKING,True
q57_rights_violated_DATA_PORTABILITY,True
q57_rights_violated_ERASURE,True
q57_rights_violated_INFORMATION_OBLIGATIONS,True
q57_rights_violated_NONE_VIOLATED,True
q57_rights_violated_NOT_DETERMINED,True
q57_rights_violated_OBJECTION,True
q57_rights_violated_RECTIFICATION,True
q57_rights_violated_RESTRICTION_OF_PROCESSING,True
q57_rights_violated_coverage_status,True
q57_rights_violated_exclusivity_conflict,False
q57_rights_violated_known,True
q57_rights_violated_status,True
q57_rights_violated_unknown,True
q58_access_issues_EXCESSIVE_DELAY,True
q58_access_issues_EXCESSIVE_FEES,True
q58_access_issues_IDENTITY_VERIFICATION_ISSUES,True
q58_access_issues_INADEQUATE_RESPONSE,True
q58_access_issues_NOT_APPLICABLE,True
q58_access_issues_NO_ISSUES_FOUND,True
q58_access_issues_SCOPE_LIMITATIONS,True
q58_access_issues_coverage_status,True
q58_access_issues_exclusivity_conflict,False
q58_access_issues_known,True
q58_access_issues_status,True
q58_access_issues_unknown,True
q59_adm_issues_INADEQUATE_SAFEGUARDS,True
q59_adm_issues_LACK_OF_HUMAN_INTERVENTION,True
q59_adm_issues_NOT_APPLICABLE,True
q59_adm_issues_NO_EXPLANATION_PROVIDED,True
q59_adm_issues_NO_ISSUES_FOUND,True
q59_adm_issues_PROFILING_WITHOUT_CONSENT,True
q59_adm_issues_coverage_status,True
q59_adm_issues_exclusivity_conflict,False
q59_adm_issues_known,True
q59_adm_issues_status,True
q59_adm_issues_unknown,True
q61_dpo_issues_CONFLICT_OF_INTEREST,True
q61_dpo_issues_INADEQUATE_INVOLVEMENT,True
q61_dpo_issues_INADEQUATE_QUALIFICATIONS,True
q61_dpo_issues_INSUFFICIENT_INDEPENDENCE,True
q61_dpo_issues_LACK_OF_RESOURCES,True
q61_dpo_issues_NOT_APPLICABLE,True
q61_dpo_issues_NO_DPO_APPOINTED,True
q61_dpo_issues_NO_ISSUES_FOUND,True
q61_dpo_issues_coverage_status,True
q61_dpo_issues_exclusivity_conflict,False
q61_dpo_issues_known,True
q61_dpo_issues_status,True
q61_dpo_issues_unknown,True
q64_transfer_violations_INADEQUATE_CONTRACTUAL_CLAUSES,True
q64_transfer_violations_INVALID_TRANSFER_MECHANISM,True
q64_transfer_violations_NOT_APPLICABLE,True
q64_transfer_violations_NO_ADEQUATE_SAFEGUARDS,True
q64_transfer_violations_NO_IMPACT_ASSESSMENT,True
q64_transfer_violations_SCHREMS_II_ISSUES,True
q64_transfer_violations_coverage_status,True
q64_transfer_violations_exclusivity_conflict,False
q64_transfer_violations_known,True
q64_transfer_violations_status,True
q64_transfer_violations_unknown,True
q67_lang,True
q67_text,True
q67_tokens,True
q68_lang,True
q68_text,True
q68_tokens,True
raw_q1,True
raw_q10,True
raw_q11,True
raw_q12,True
raw_q13,True
raw_q14,True
raw_q15,True
raw_q16,True
raw_q17,True
raw_q18,True
raw_q19,True
raw_q2,True
raw_q20,True
raw_q21,True
raw_q22,True
raw_q23,True
raw_q24,True
raw_q25,True
raw_q26,True
raw_q27,True
raw_q28,True
raw_q29,True
raw_q3,True
raw_q30,True
raw_q31,True
raw_q32,True
raw_q33,True
raw_q34,True
raw_q35,True
raw_q36,True
raw_q37,True
raw_q38,True
raw_q39,True
raw_q4,True
raw_q40,True
raw_q41,True
raw_q42,True
raw_q43,True
raw_q44,True
raw_q45,True
raw_q46,True
raw_q47,True
raw_q48,True
raw_q49,True
raw_q5,True
raw_q50,True
raw_q51,True
raw_q52,True
raw_q53,True
raw_q54,True
raw_q55,True
raw_q56,True
raw_q57,True
raw_q58,True
raw_q59,True
raw_q6,True
raw_q60,True
raw_q61,True
raw_q62,True
raw_q63,True
raw_q64,True
raw_q65,True
raw_q66,True
raw_q67,True
raw_q68,True
raw_q7,True
raw_q8,True
raw_q9,True
remedy_only_case,True
schema_echo_fields,True
schema_echo_flag,True
severity_measures_present,True
turnover_error,True
turnover_eur,True
turnover_log1p,True
turnover_numeric_valid,True
turnover_outlier_flag,True
turnover_positive,True
turnover_raw,True
turnover_status,True
