decision_id,option,status,token_status
United Kingdom_18,CYBER_ATTACK,DISCUSSED,KNOWN
United Kingdom_20,HUMAN_ERROR,DISCUSSED,KNOWN
United Kingdom_10,NOT_DISCUSSED,NOT_DISCUSSED,UNKNOWN
United Kingdom_7,NOT_DISCUSSED,NOT_DISCUSSED,UNKNOWN
United Kingdom_16,CYBER_ATTACK,DISCUSSED,KNOWN
United Kingdom_17,CYBER_ATTACK,DISCUSSED,KNOWN
United Kingdom_21,HUMAN_ERROR,DISCUSSED,KNOWN
United Kingdom_21,ORGANIZATIONAL_FAILURE,DISCUSSED,KNOWN
United Kingdom_19,NOT_APPLICABLE,NOT_APPLICABLE,KNOWN
United Kingdom_26,NOT_APPLICABLE,NOT_APPLICABLE,KNOWN
United Kingdom_25,TECHNICAL_FAILURE,DISCUSSED,KNOWN
United Kingdom_23,HUMAN_ERROR,DISCUSSED,KNOWN
United Kingdom_24,TECHNICAL_FAILURE,DISCUSSED,KNOWN
United Kingdom_24,ORGANIZATIONAL_FAILURE,DISCUSSED,KNOWN
United Kingdom_24,HUMAN_ERROR,DISCUSSED,KNOWN
United Kingdom_29,NOT_APPLICABLE,NOT_APPLICABLE,KNOWN
United Kingdom_27,NOT_APPLICABLE,NOT_APPLICABLE,KNOWN
United Kingdom_28,CYBER_ATTACK,DISCUSSED,KNOWN
United Kingdom_22,NOT_APPLICABLE,NOT_APPLICABLE,KNOWN
United Kingdom_30,NOT_APPLICABLE,NOT_APPLICABLE,KNOWN
United Kingdom_32,HUMAN_ERROR,DISCUSSED,KNOWN
United Kingdom_33,NOT_APPLICABLE,NOT_APPLICABLE,KNOWN
United Kingdom_31,NOT_APPLICABLE,NOT_APPLICABLE,KNOWN
United Kingdom_36,NOT_DISCUSSED,NOT_DISCUSSED,UNKNOWN
United Kingdom_34,HUMAN_ERROR,DISCUSSED,KNOWN
United Kingdom_37,CYBER_ATTACK,DISCUSSED,KNOWN
United Kingdom_35,NOT_APPLICABLE,NOT_APPLICABLE,KNOWN
United Kingdom_39,CYBER_ATTACK,DISCUSSED,KNOWN
United Kingdom_45,NOT_APPLICABLE,NOT_APPLICABLE,KNOWN
United Kingdom_40,NOT_APPLICABLE,NOT_APPLICABLE,KNOWN
United Kingdom_43,ORGANIZATIONAL_FAILURE,DISCUSSED,KNOWN
United Kingdom_43,HUMAN_ERROR,DISCUSSED,KNOWN
United Kingdom_44,NOT_APPLICABLE,NOT_APPLICABLE,KNOWN
United Kingdom_41,ORGANIZATIONAL_FAILURE,DISCUSSED,KNOWN
United Kingdom_41,HUMAN_ERROR,DISCUSSED,KNOWN
United Kingdom_46,HUMAN_ERROR,DISCUSSED,KNOWN
United Kingdom_46,ORGANIZATIONAL_FAILURE,DISCUSSED,KNOWN
United Kingdom_48,HUMAN_ERROR,DISCUSSED,KNOWN
United Kingdom_53,NOT_APPLICABLE,NOT_APPLICABLE,KNOWN
United Kingdom_52,NOT_APPLICABLE,NOT_APPLICABLE,KNOWN
United Kingdom_51,HUMAN_ERROR,DISCUSSED,KNOWN
United Kingdom_47,NOT_APPLICABLE,NOT_APPLICABLE,KNOWN
United Kingdom_49,NOT_APPLICABLE,NOT_APPLICABLE,KNOWN
United Kingdom_50,NOT_APPLICABLE,NOT_APPLICABLE,KNOWN
United Kingdom_54,NOT_APPLICABLE,NOT_APPLICABLE,KNOWN
United Kingdom_55,HUMAN_ERROR,DISCUSSED,KNOWN
United Kingdom_59,NOT_APPLICABLE,NOT_APPLICABLE,KNOWN
United Kingdom_56,NOT_APPLICABLE,NOT_APPLICABLE,KNOWN
United Kingdom_61,NOT_APPLICABLE,NOT_APPLICABLE,KNOWN
United Kingdom_60,CYBER_ATTACK,DISCUSSED,KNOWN
United Kingdom_57,HUMAN_ERROR,DISCUSSED,KNOWN
United Kingdom_63,NOT_DISCUSSED,NOT_DISCUSSED,UNKNOWN
United Kingdom_62,NOT_APPLICABLE,NOT_APPLICABLE,KNOWN
Sweden_2,NOT_APPLICABLE,NOT_APPLICABLE,KNOWN
Sweden_3,NOT_APPLICABLE,NOT_APPLICABLE,KNOWN
Sweden_4,NOT_APPLICABLE,NOT_APPLICABLE,KNOWN
Sweden_1,NOT_APPLICABLE,NOT_APPLICABLE,KNOWN
Sweden_5,NOT_APPLICABLE,NOT_APPLICABLE,KNOWN
Sweden_7,TECHNICAL_FAILURE,DISCUSSED,KNOWN
Sweden_6,NOT_APPLICABLE,NOT_APPLICABLE,KNOWN
Sweden_9,HUMAN_ERROR,DISCUSSED,KNOWN
Sweden_10,NOT_APPLICABLE,NOT_APPLICABLE,KNOWN
Sweden_11,NOT_APPLICABLE,NOT_APPLICABLE,KNOWN
Sweden_12,NOT_APPLICABLE,NOT_APPLICABLE,KNOWN
Sweden_14,NOT_APPLICABLE,NOT_APPLICABLE,KNOWN
Sweden_15,NOT_APPLICABLE,NOT_APPLICABLE,KNOWN
Sweden_18,NOT_APPLICABLE,NOT_APPLICABLE,KNOWN
Sweden_13,ORGANIZATIONAL_FAILURE,DISCUSSED,KNOWN
Sweden_13,HUMAN_ERROR,DISCUSSED,KNOWN
Sweden_16,NOT_APPLICABLE,NOT_APPLICABLE,KNOWN
Sweden_20,NOT_APPLICABLE,NOT_APPLICABLE,KNOWN
Sweden_21,NOT_APPLICABLE,NOT_APPLICABLE,KNOWN
Sweden_22,NOT_APPLICABLE,NOT_APPLICABLE,KNOWN
Sweden_23,ORGANIZATIONAL_FAILURE,DISCUSSED,KNOWN
Sweden_26,NOT_APPLICABLE,NOT_APPLICABLE,KNOWN
Sweden_24,NOT_APPLICABLE,NOT_APPLICABLE,KNOWN
Sweden_27,NOT_APPLICABLE,NOT_APPLICABLE,KNOWN
Sweden_30,NOT_APPLICABLE,NOT_APPLICABLE,KNOWN
Sweden_31,NOT_APPLICABLE,NOT_APPLICABLE,KNOWN
Sweden_33,NOT_APPLICABLE,NOT_APPLICABLE,KNOWN
Sweden_29,TECHNICAL_FAILURE,MIXED_CONTRADICTORY,KNOWN
Sweden_29,ORGANIZATIONAL_FAILURE,MIXED_CONTRADICTORY,KNOWN
Sweden_29,CYBER_ATTACK,MIXED_CONTRADICTORY,KNOWN
Sweden_29,HUMAN_ERROR,MIXED_CONTRADICTORY,KNOWN
Sweden_29,SYSTEM_MALFUNCTION,MIXED_CONTRADICTORY,KNOWN
Sweden_29,NOT_APPLICABLE,MIXED_CONTRADICTORY,KNOWN
Sweden_29,NOT_MENTIONED,MIXED_CONTRADICTORY,KNOWN
Sweden_29,UNCLEAR,MIXED_CONTRADICTORY,KNOWN
Sweden_32,NOT_APPLICABLE,NOT_APPLICABLE,KNOWN
Sweden_36,NOT_APPLICABLE,NOT_APPLICABLE,KNOWN
Sweden_34,NOT_APPLICABLE,NOT_APPLICABLE,KNOWN
Sweden_35,NOT_APPLICABLE,NOT_APPLICABLE,KNOWN
Sweden_37,TECHNICAL_FAILURE,DISCUSSED,KNOWN
Sweden_37,ORGANIZATIONAL_FAILURE,DISCUSSED,KNOWN
Sweden_38,NOT_APPLICABLE,NOT_APPLICABLE,KNOWN
Sweden_40,TECHNICAL_FAILURE,MIXED_CONTRADICTORY,KNOWN
Sweden_40,NOT_APPLICABLE,MIXED_CONTRADICTORY,KNOWN
Sweden_41,NOT_APPLICABLE,NOT_APPLICABLE,KNOWN
Sweden_39,HUMAN_ERROR,DISCUSSED,KNOWN
Sweden_44,NOT_APPLICABLE,NOT_APPLICABLE,KNOWN
Sweden_42,HUMAN_ERROR,DISCUSSED,KNOWN
Sweden_43,TECHNICAL_FAILURE,DISCUSSED,KNOWN
Sweden_43,ORGANIZATIONAL_FAILURE,DISCUSSED,KNOWN
Sweden_46,NOT_DISCUSSED,NOT_DISCUSSED,UNKNOWN
Sweden_45,NOT_APPLICABLE,NOT_APPLICABLE,KNOWN
Sweden_47,NOT_APPLICABLE,NOT_APPLICABLE,KNOWN
Sweden_48,NOT_APPLICABLE,NOT_APPLICABLE,KNOWN
Sweden_49,NOT_APPLICABLE,NOT_APPLICABLE,KNOWN
Sweden_50,NOT_APPLICABLE,NOT_APPLICABLE,KNOWN
Spain_1,NOT_APPLICABLE,NOT_APPLICABLE,KNOWN
Sweden_54,NOT_APPLICABLE,NOT_APPLICABLE,KNOWN
Sweden_57,NOT_APPLICABLE,NOT_APPLICABLE,KNOWN
Sweden_52,NOT_APPLICABLE,NOT_APPLICABLE,KNOWN
Sweden_51,NOT_APPLICABLE,NOT_APPLICABLE,KNOWN
Sweden_53,TECHNICAL_FAILURE,DISCUSSED,KNOWN
Sweden_53,ORGANIZATIONAL_FAILURE,DISCUSSED,KNOWN
Sweden_53,HUMAN_ERROR,DISCUSSED,KNOWN
Spain_3,NOT_APPLICABLE,NOT_APPLICABLE,KNOWN
Spain_2,NOT_APPLICABLE,NOT_APPLICABLE,KNOWN
Spain_4,HUMAN_ERROR,DISCUSSED,KNOWN
Spain_6,NOT_APPLICABLE,NOT_APPLICABLE,KNOWN
Spain_5,NOT_APPLICABLE,NOT_APPLICABLE,KNOWN
Spain_7,NOT_APPLICABLE,NOT_APPLICABLE,KNOWN
Spain_8,NOT_APPLICABLE,NOT_APPLICABLE,KNOWN
Spain_9,NOT_APPLICABLE,NOT_APPLICABLE,KNOWN
Spain_10,NOT_APPLICABLE,NOT_APPLICABLE,KNOWN
Spain_12,NOT_APPLICABLE,NOT_APPLICABLE,KNOWN
Spain_11,TECHNICAL_FAILURE,DISCUSSED,KNOWN
Spain_11,ORGANIZATIONAL_FAILURE,DISCUSSED,KNOWN
Spain_15,NOT_APPLICABLE,NOT_APPLICABLE,KNOWN
Spain_13,NOT_APPLICABLE,NOT_APPLICABLE,KNOWN
Spain_16,NOT_APPLICABLE,NOT_APPLICABLE,KNOWN
Spain_14,NOT_APPLICABLE,NOT_APPLICABLE,KNOWN
Spain_17,NOT_APPLICABLE,NOT_APPLICABLE,KNOWN
Spain_18,NOT_APPLICABLE,NOT_APPLICABLE,KNOWN
Spain_19,NOT_APPLICABLE,NOT_APPLICABLE,KNOWN
Spain_20,NOT_APPLICABLE,NOT_APPLICABLE,KNOWN
Spain_21,NOT_APPLICABLE,NOT_APPLICABLE,KNOWN
Spain_22,HUMAN_ERROR,DISCUSSED,KNOWN
Spain_23,UNCLEAR,DISCUSSED,KNOWN
Spain_25,CYBER_ATTACK,DISCUSSED,KNOWN
Spain_24,NOT_APPLICABLE,NOT_APPLICABLE,KNOWN
Spain_26,HUMAN_ERROR,DISCUSSED,KNOWN
Spain_27,CYBER_ATTACK,DISCUSSED,KNOWN
Spain_28,NOT_APPLICABLE,NOT_APPLICABLE,KNOWN
Spain_30,HUMAN_ERROR,DISCUSSED,KNOWN
Spain_32,NOT_APPLICABLE,NOT_APPLICABLE,KNOWN
Spain_29,HUMAN_ERROR,DISCUSSED,KNOWN
Spain_31,NOT_APPLICABLE,NOT_APPLICABLE,KNOWN
Spain_33,NOT_APPLICABLE,NOT_APPLICABLE,KNOWN
Spain_35,NOT_APPLICABLE,NOT_APPLICABLE,KNOWN
Spain_34,HUMAN_ERROR,DISCUSSED,KNOWN
Spain_36,NOT_APPLICABLE,NOT_APPLICABLE,KNOWN
Spain_38,HUMAN_ERROR,MIXED_CONTRADICTORY,KNOWN
Spain_38,NOT_APPLICABLE,MIXED_CONTRADICTORY,KNOWN
Spain_40,NOT_APPLICABLE,NOT_APPLICABLE,KNOWN
Spain_41,ORGANIZATIONAL_FAILURE,DISCUSSED,KNOWN
Spain_37,NOT_APPLICABLE,NOT_APPLICABLE,KNOWN
Spain_42,NOT_APPLICABLE,NOT_APPLICABLE,KNOWN
Spain_43,NOT_APPLICABLE,NOT_APPLICABLE,KNOWN
Spain_45,NOT_APPLICABLE,NOT_APPLICABLE,KNOWN
Spain_47,HUMAN_ERROR,DISCUSSED,KNOWN
Spain_48,NOT_APPLICABLE,NOT_APPLICABLE,KNOWN
Spain_51,NOT_APPLICABLE,NOT_APPLICABLE,KNOWN
Spain_49,NOT_APPLICABLE,NOT_APPLICABLE,KNOWN
Spain_46,ORGANIZATIONAL_FAILURE,DISCUSSED,KNOWN
Spain_52,NOT_APPLICABLE,NOT_APPLICABLE,KNOWN
Spain_50,NOT_APPLICABLE,NOT_APPLICABLE,KNOWN
Spain_53,NOT_APPLICABLE,NOT_APPLICABLE,KNOWN
Spain_56,NOT_APPLICABLE,NOT_APPLICABLE,KNOWN
Spain_55,NOT_APPLICABLE,NOT_APPLICABLE,KNOWN
Spain_54,HUMAN_ERROR,DISCUSSED,KNOWN
Spain_57,NOT_APPLICABLE,NOT_APPLICABLE,KNOWN
Spain_58,HUMAN_ERROR,DISCUSSED,KNOWN
Spain_59,TECHNICAL_FAILURE,DISCUSSED,KNOWN
Spain_59,ORGANIZATIONAL_FAILURE,DISCUSSED,KNOWN
Spain_61,NOT_APPLICABLE,NOT_APPLICABLE,KNOWN
Spain_60,NOT_APPLICABLE,NOT_APPLICABLE,KNOWN
Spain_62,NOT_APPLICABLE,NOT_APPLICABLE,KNOWN
Spain_63,NOT_APPLICABLE,NOT_APPLICABLE,KNOWN
Spain_64,NOT_APPLICABLE,NOT_APPLICABLE,KNOWN
Spain_65,NOT_APPLICABLE,NOT_APPLICABLE,KNOWN
Spain_66,HUMAN_ERROR,DISCUSSED,KNOWN
Spain_67,NOT_APPLICABLE,NOT_APPLICABLE,KNOWN
Spain_69,NOT_APPLICABLE,NOT_APPLICABLE,KNOWN
Spain_71,CYBER_ATTACK,DISCUSSED,KNOWN
Spain_70,NOT_APPLICABLE,NOT_APPLICABLE,KNOWN
Spain_68,NOT_APPLICABLE,NOT_APPLICABLE,KNOWN
Spain_73,NOT_APPLICABLE,NOT_APPLICABLE,KNOWN
Spain_74,NOT_APPLICABLE,NOT_APPLICABLE,KNOWN
Spain_72,NOT_APPLICABLE,NOT_APPLICABLE,KNOWN
Spain_77,NOT_APPLICABLE,NOT_APPLICABLE,KNOWN
Spain_75,HUMAN_ERROR,DISCUSSED,KNOWN
Spain_81,NOT_APPLICABLE,NOT_APPLICABLE,KNOWN
Spain_78,NOT_APPLICABLE,NOT_APPLICABLE,KNOWN
Spain_76,NOT_APPLICABLE,NOT_APPLICABLE,KNOWN
Spain_82,NOT_APPLICABLE,NOT_APPLICABLE,KNOWN
Spain_80,NOT_APPLICABLE,NOT_APPLICABLE,KNOWN
Spain_83,NOT_APPLICABLE,NOT_APPLICABLE,KNOWN
Spain_85,NOT_APPLICABLE,NOT_APPLICABLE,KNOWN
Spain_84,NOT_APPLICABLE,NOT_APPLICABLE,KNOWN
Spain_87,NOT_APPLICABLE,NOT_APPLICABLE,KNOWN
Spain_86,NOT_APPLICABLE,NOT_APPLICABLE,KNOWN
Spain_88,NOT_APPLICABLE,NOT_APPLICABLE,KNOWN
Spain_91,NOT_APPLICABLE,NOT_APPLICABLE,KNOWN
Spain_93,NOT_APPLICABLE,NOT_APPLICABLE,KNOWN
Spain_89,NOT_APPLICABLE,NOT_APPLICABLE,KNOWN
Spain_90,NOT_APPLICABLE,NOT_APPLICABLE,KNOWN
Spain_94,NOT_APPLICABLE,NOT_APPLICABLE,KNOWN
Spain_95,NOT_APPLICABLE,NOT_APPLICABLE,KNOWN
Spain_92,NOT_APPLICABLE,NOT_APPLICABLE,KNOWN
Spain_96,NOT_APPLICABLE,NOT_APPLICABLE,KNOWN
Spain_98,NOT_APPLICABLE,NOT_APPLICABLE,KNOWN
Spain_99,NOT_APPLICABLE,NOT_APPLICABLE,KNOWN
Spain_100,NOT_APPLICABLE,NOT_APPLICABLE,KNOWN
Spain_97,NOT_APPLICABLE,NOT_APPLICABLE,KNOWN
Spain_103,NOT_APPLICABLE,NOT_APPLICABLE,KNOWN
Spain_102,NOT_APPLICABLE,NOT_APPLICABLE,KNOWN
Spain_101,NOT_APPLICABLE,NOT_APPLICABLE,KNOWN
Spain_107,NOT_APPLICABLE,NOT_APPLICABLE,KNOWN
Spain_105,NOT_APPLICABLE,NOT_APPLICABLE,KNOWN
Spain_106,NOT_APPLICABLE,NOT_APPLICABLE,KNOWN
Spain_104,NOT_APPLICABLE,NOT_APPLICABLE,KNOWN
Spain_108,HUMAN_ERROR,DISCUSSED,KNOWN
Spain_110,NOT_APPLICABLE,NOT_APPLICABLE,KNOWN
Spain_111,NOT_APPLICABLE,NOT_APPLICABLE,KNOWN
Spain_109,NOT_APPLICABLE,NOT_APPLICABLE,KNOWN
Spain_112,NOT_APPLICABLE,NOT_APPLICABLE,KNOWN
Spain_116,NOT_APPLICABLE,NOT_APPLICABLE,KNOWN
Spain_117,NOT_APPLICABLE,NOT_APPLICABLE,KNOWN
Spain_115,CYBER_ATTACK,DISCUSSED,KNOWN
Spain_114,NOT_APPLICABLE,NOT_APPLICABLE,KNOWN
Spain_119,NOT_APPLICABLE,NOT_APPLICABLE,KNOWN
Spain_113,NOT_APPLICABLE,NOT_APPLICABLE,KNOWN
Spain_118,NOT_APPLICABLE,NOT_APPLICABLE,KNOWN
Spain_121,NOT_APPLICABLE,NOT_APPLICABLE,KNOWN
Spain_120,NOT_APPLICABLE,NOT_APPLICABLE,KNOWN
Spain_122,NOT_APPLICABLE,NOT_APPLICABLE,KNOWN
Spain_124,NOT_APPLICABLE,NOT_APPLICABLE,KNOWN
Spain_126,NOT_APPLICABLE,NOT_APPLICABLE,KNOWN
Spain_125,NOT_APPLICABLE,NOT_APPLICABLE,KNOWN
Spain_127,NOT_APPLICABLE,NOT_APPLICABLE,KNOWN
Spain_123,NOT_APPLICABLE,NOT_APPLICABLE,KNOWN
Spain_130,NOT_APPLICABLE,NOT_APPLICABLE,KNOWN
Spain_129,NOT_APPLICABLE,NOT_APPLICABLE,KNOWN
Spain_128,NOT_APPLICABLE,NOT_APPLICABLE,KNOWN
Spain_133,ORGANIZATIONAL_FAILURE,DISCUSSED,KNOWN
Spain_133,HUMAN_ERROR,DISCUSSED,KNOWN
Spain_131,NOT_APPLICABLE,NOT_APPLICABLE,KNOWN
Spain_132,NOT_APPLICABLE,NOT_APPLICABLE,KNOWN
Spain_134,NOT_APPLICABLE,NOT_APPLICABLE,KNOWN
Spain_137,NOT_APPLICABLE,NOT_APPLICABLE,KNOWN
Spain_135,NOT_APPLICABLE,NOT_APPLICABLE,KNOWN
Spain_136,HUMAN_ERROR,DISCUSSED,KNOWN
Spain_138,NOT_APPLICABLE,NOT_APPLICABLE,KNOWN
Spain_139,HUMAN_ERROR,DISCUSSED,KNOWN
Spain_141,NOT_APPLICABLE,NOT_APPLICABLE,KNOWN
Spain_140,NOT_APPLICABLE,NOT_APPLICABLE,KNOWN
Spain_142,NOT_APPLICABLE,NOT_APPLICABLE,KNOWN
Spain_143,NOT_APPLICABLE,NOT_APPLICABLE,KNOWN
Spain_144,NOT_APPLICABLE,NOT_APPLICABLE,KNOWN
Spain_146,NOT_APPLICABLE,NOT_APPLICABLE,KNOWN
Spain_147,NOT_APPLICABLE,NOT_APPLICABLE,KNOWN
Spain_149,NOT_APPLICABLE,NOT_APPLICABLE,KNOWN
Spain_151,NOT_APPLICABLE,NOT_APPLICABLE,KNOWN
Spain_150,NOT_APPLICABLE,NOT_APPLICABLE,KNOWN
Spain_152,NOT_APPLICABLE,NOT_APPLICABLE,KNOWN
Spain_154,TECHNICAL_FAILURE,DISCUSSED,KNOWN
Spain_154,ORGANIZATIONAL_FAILURE,DISCUSSED,KNOWN
Spain_153,NOT_APPLICABLE,NOT_APPLICABLE,KNOWN
Spain_155,NOT_APPLICABLE,NOT_APPLICABLE,KNOWN
Spain_156,CYBER_ATTACK,DISCUSSED,KNOWN
Spain_158,NOT_APPLICABLE,NOT_APPLICABLE,KNOWN
Spain_157,NOT_APPLICABLE,NOT_APPLICABLE,KNOWN
Spain_160,NOT_APPLICABLE,NOT_APPLICABLE,KNOWN
Spain_159,NOT_APPLICABLE,NOT_APPLICABLE,KNOWN
Spain_162,NOT_APPLICABLE,NOT_APPLICABLE,KNOWN
Spain_161,ORGANIZATIONAL_FAILURE,DISCUSSED,KNOWN
Spain_164,NOT_APPLICABLE,NOT_APPLICABLE,KNOWN
Spain_165,NOT_APPLICABLE,NOT_APPLICABLE,KNOWN
Spain_163,NOT_APPLICABLE,NOT_APPLICABLE,KNOWN
Spain_168,ORGANIZATIONAL_FAILURE,DISCUSSED,KNOWN
Spain_169,NOT_APPLICABLE,NOT_APPLICABLE,KNOWN
Spain_166,NOT_APPLICABLE,NOT_APPLICABLE,KNOWN
Spain_174,ORGANIZATIONAL_FAILURE,DISCUSSED,KNOWN
Spain_174,HUMAN_ERROR,DISCUSSED,KNOWN
Spain_173,NOT_APPLICABLE,NOT_APPLICABLE,KNOWN
Spain_171,NOT_APPLICABLE,NOT_APPLICABLE,KNOWN
Spain_172,NOT_APPLICABLE,NOT_APPLICABLE,KNOWN
Spain_179,NOT_APPLICABLE,NOT_APPLICABLE,KNOWN
Spain_178,NOT_APPLICABLE,NOT_APPLICABLE,KNOWN
Spain_177,HUMAN_ERROR,DISCUSSED,KNOWN
Spain_175,NOT_APPLICABLE,NOT_APPLICABLE,KNOWN
Spain_176,CYBER_ATTACK,DISCUSSED,KNOWN
Spain_181,NOT_APPLICABLE,NOT_APPLICABLE,KNOWN
Spain_187,NOT_APPLICABLE,NOT_APPLICABLE,KNOWN
Spain_180,NOT_APPLICABLE,NOT_APPLICABLE,KNOWN
Spain_182,CYBER_ATTACK,DISCUSSED,KNOWN
Spain_186,NOT_APPLICABLE,NOT_APPLICABLE,KNOWN
Spain_185,NOT_APPLICABLE,NOT_APPLICABLE,KNOWN
Spain_188,NOT_APPLICABLE,NOT_APPLICABLE,KNOWN
Spain_189,NOT_APPLICABLE,NOT_APPLICABLE,KNOWN
Spain_183,NOT_APPLICABLE,NOT_APPLICABLE,KNOWN
Spain_190,NOT_APPLICABLE,NOT_APPLICABLE,KNOWN
Spain_191,NOT_APPLICABLE,NOT_APPLICABLE,KNOWN
Spain_194,NOT_APPLICABLE,NOT_APPLICABLE,KNOWN
Spain_192,NOT_APPLICABLE,NOT_APPLICABLE,KNOWN
Spain_193,NOT_APPLICABLE,NOT_APPLICABLE,KNOWN
Spain_196,NOT_APPLICABLE,NOT_APPLICABLE,KNOWN
Spain_195,NOT_APPLICABLE,NOT_APPLICABLE,KNOWN
Spain_200,NOT_APPLICABLE,NOT_APPLICABLE,KNOWN
Spain_199,NOT_APPLICABLE,NOT_APPLICABLE,KNOWN
Spain_197,NOT_APPLICABLE,NOT_APPLICABLE,KNOWN
Spain_198,NOT_APPLICABLE,NOT_APPLICABLE,KNOWN
Spain_202,NOT_APPLICABLE,NOT_APPLICABLE,KNOWN
Spain_201,NOT_APPLICABLE,NOT_APPLICABLE,KNOWN
Spain_203,NOT_APPLICABLE,NOT_APPLICABLE,KNOWN
Spain_206,NOT_APPLICABLE,NOT_APPLICABLE,KNOWN
Spain_205,CYBER_ATTACK,DISCUSSED,KNOWN
Spain_205,HUMAN_ERROR,DISCUSSED,KNOWN
Spain_204,NOT_APPLICABLE,NOT_APPLICABLE,KNOWN
Spain_208,NOT_APPLICABLE,NOT_APPLICABLE,KNOWN
Spain_207,NOT_APPLICABLE,NOT_APPLICABLE,KNOWN
Spain_209,NOT_APPLICABLE,NOT_APPLICABLE,KNOWN
Spain_210,NOT_APPLICABLE,NOT_APPLICABLE,KNOWN
Spain_212,NOT_APPLICABLE,NOT_APPLICABLE,KNOWN
Spain_211,HUMAN_ERROR,DISCUSSED,KNOWN
Spain_211,ORGANIZATIONAL_FAILURE,DISCUSSED,KNOWN
Spain_214,NOT_APPLICABLE,NOT_APPLICABLE,KNOWN
Spain_215,NOT_APPLICABLE,NOT_APPLICABLE,KNOWN
Spain_219,NOT_DISCUSSED,NOT_DISCUSSED,UNKNOWN
Spain_216,NOT_APPLICABLE,NOT_APPLICABLE,KNOWN
Spain_217,NOT_APPLICABLE,NOT_APPLICABLE,KNOWN
Spain_220,NOT_APPLICABLE,NOT_APPLICABLE,KNOWN
Spain_218,HUMAN_ERROR,DISCUSSED,KNOWN
Spain_221,NOT_APPLICABLE,NOT_APPLICABLE,KNOWN
Spain_222,NOT_APPLICABLE,NOT_APPLICABLE,KNOWN
Spain_224,NOT_APPLICABLE,NOT_APPLICABLE,KNOWN
Spain_225,NOT_APPLICABLE,NOT_APPLICABLE,KNOWN
Spain_228,NOT_APPLICABLE,NOT_APPLICABLE,KNOWN
Spain_227,NOT_APPLICABLE,NOT_APPLICABLE,KNOWN
Spain_226,NOT_APPLICABLE,NOT_APPLICABLE,KNOWN
Spain_230,NOT_APPLICABLE,NOT_APPLICABLE,KNOWN
Spain_231,TECHNICAL_FAILURE,DISCUSSED,KNOWN
Spain_232,NOT_APPLICABLE,NOT_APPLICABLE,KNOWN
Spain_233,NOT_APPLICABLE,NOT_APPLICABLE,KNOWN
Spain_235,HUMAN_ERROR,DISCUSSED,KNOWN
Spain_237,CYBER_ATTACK,DISCUSSED,KNOWN
Spain_240,NOT_APPLICABLE,NOT_APPLICABLE,KNOWN
Spain_238,NOT_APPLICABLE,NOT_APPLICABLE,KNOWN
Spain_239,NOT_APPLICABLE,NOT_APPLICABLE,KNOWN
Spain_236,NOT_APPLICABLE,NOT_APPLICABLE,KNOWN
Spain_241,NOT_APPLICABLE,NOT_APPLICABLE,KNOWN
Spain_243,NOT_APPLICABLE,NOT_APPLICABLE,KNOWN
Spain_242,NOT_APPLICABLE,NOT_APPLICABLE,KNOWN
Spain_244,NOT_APPLICABLE,NOT_APPLICABLE,KNOWN
Spain_245,NOT_APPLICABLE,NOT_APPLICABLE,KNOWN
Spain_247,NOT_APPLICABLE,NOT_APPLICABLE,KNOWN
Spain_246,NOT_APPLICABLE,NOT_APPLICABLE,KNOWN
Spain_250,NOT_APPLICABLE,NOT_APPLICABLE,KNOWN
Spain_248,NOT_APPLICABLE,NOT_APPLICABLE,KNOWN
Spain_249,NOT_APPLICABLE,NOT_APPLICABLE,KNOWN
Spain_252,NOT_APPLICABLE,NOT_APPLICABLE,KNOWN
Spain_251,NOT_APPLICABLE,NOT_APPLICABLE,KNOWN
Spain_253,NOT_APPLICABLE,NOT_APPLICABLE,KNOWN
Spain_254,NOT_APPLICABLE,NOT_APPLICABLE,KNOWN
Spain_255,NOT_APPLICABLE,NOT_APPLICABLE,KNOWN
Spain_259,NOT_APPLICABLE,NOT_APPLICABLE,KNOWN
Spain_258,NOT_APPLICABLE,NOT_APPLICABLE,KNOWN
Spain_260,NOT_APPLICABLE,NOT_APPLICABLE,KNOWN
Spain_256,NOT_APPLICABLE,NOT_APPLICABLE,KNOWN
Spain_261,NOT_APPLICABLE,NOT_APPLICABLE,KNOWN
Spain_262,TECHNICAL_FAILURE,DISCUSSED,KNOWN
Spain_262,ORGANIZATIONAL_FAILURE,DISCUSSED,KNOWN
Spain_263,NOT_APPLICABLE,NOT_APPLICABLE,KNOWN
Spain_264,NOT_APPLICABLE,NOT_APPLICABLE,KNOWN
Spain_265,NOT_APPLICABLE,NOT_APPLICABLE,KNOWN
Spain_266,NOT_APPLICABLE,NOT_APPLICABLE,KNOWN
Spain_267,NOT_APPLICABLE,NOT_APPLICABLE,KNOWN
Spain_269,NOT_APPLICABLE,NOT_APPLICABLE,KNOWN
Spain_270,NOT_APPLICABLE,NOT_APPLICABLE,KNOWN
Spain_268,NOT_APPLICABLE,NOT_APPLICABLE,KNOWN
Spain_272,NOT_APPLICABLE,NOT_APPLICABLE,KNOWN
Spain_271,NOT_APPLICABLE,NOT_APPLICABLE,KNOWN
Spain_273,HUMAN_ERROR,DISCUSSED,KNOWN
Spain_274,NOT_APPLICABLE,NOT_APPLICABLE,KNOWN
Spain_275,NOT_APPLICABLE,NOT_APPLICABLE,KNOWN
Spain_276,NOT_APPLICABLE,NOT_APPLICABLE,KNOWN
Spain_278,NOT_APPLICABLE,NOT_APPLICABLE,KNOWN
Spain_280,NOT_APPLICABLE,NOT_APPLICABLE,KNOWN
Spain_281,NOT_APPLICABLE,NOT_APPLICABLE,KNOWN
Spain_279,ORGANIZATIONAL_FAILURE,DISCUSSED,KNOWN
Spain_282,NOT_APPLICABLE,NOT_APPLICABLE,KNOWN
Spain_277,NOT_APPLICABLE,NOT_APPLICABLE,KNOWN
Spain_288,NOT_APPLICABLE,NOT_APPLICABLE,KNOWN
Spain_289,NOT_APPLICABLE,NOT_APPLICABLE,KNOWN
Spain_283,NOT_APPLICABLE,NOT_APPLICABLE,KNOWN
Spain_287,HUMAN_ERROR,DISCUSSED,KNOWN
Spain_285,NOT_APPLICABLE,NOT_APPLICABLE,KNOWN
Spain_296,NOT_APPLICABLE,NOT_APPLICABLE,KNOWN
Spain_290,NOT_APPLICABLE,NOT_APPLICABLE,KNOWN
Spain_297,NOT_APPLICABLE,NOT_APPLICABLE,KNOWN
Spain_291,NOT_APPLICABLE,NOT_APPLICABLE,KNOWN
Spain_292,NOT_APPLICABLE,NOT_APPLICABLE,KNOWN
Spain_294,NOT_APPLICABLE,NOT_APPLICABLE,KNOWN
Spain_293,NOT_APPLICABLE,NOT_APPLICABLE,KNOWN
Spain_295,NOT_APPLICABLE,NOT_APPLICABLE,KNOWN
Spain_298,NOT_APPLICABLE,NOT_APPLICABLE,KNOWN
Spain_300,NOT_APPLICABLE,NOT_APPLICABLE,KNOWN
Spain_299,NOT_APPLICABLE,NOT_APPLICABLE,KNOWN
Spain_303,NOT_APPLICABLE,NOT_APPLICABLE,KNOWN
Spain_301,TECHNICAL_FAILURE,DISCUSSED,KNOWN
Spain_301,ORGANIZATIONAL_FAILURE,DISCUSSED,KNOWN
Spain_301,HUMAN_ERROR,DISCUSSED,KNOWN
Spain_302,NOT_APPLICABLE,NOT_APPLICABLE,KNOWN
Spain_304,NOT_APPLICABLE,NOT_APPLICABLE,KNOWN
Spain_305,NOT_APPLICABLE,NOT_APPLICABLE,KNOWN
Spain_309,HUMAN_ERROR,DISCUSSED,KNOWN
Spain_309,ORGANIZATIONAL_FAILURE,DISCUSSED,KNOWN
Spain_306,NOT_APPLICABLE,NOT_APPLICABLE,KNOWN
Spain_312,NOT_APPLICABLE,NOT_APPLICABLE,KNOWN
Spain_307,NOT_APPLICABLE,NOT_APPLICABLE,KNOWN
Spain_308,HUMAN_ERROR,DISCUSSED,KNOWN
Spain_311,HUMAN_ERROR,DISCUSSED,KNOWN
Spain_310,NOT_APPLICABLE,NOT_APPLICABLE,KNOWN
Spain_313,NOT_APPLICABLE,NOT_APPLICABLE,KNOWN
Spain_314,HUMAN_ERROR,DISCUSSED,KNOWN
Spain_315,NOT_APPLICABLE,NOT_APPLICABLE,KNOWN
Spain_320,NOT_APPLICABLE,NOT_APPLICABLE,KNOWN
Spain_318,HUMAN_ERROR,DISCUSSED,KNOWN
Spain_318,ORGANIZATIONAL_FAILURE,DISCUSSED,KNOWN
Spain_317,NOT_APPLICABLE,NOT_APPLICABLE,KNOWN
Spain_316,NOT_APPLICABLE,NOT_APPLICABLE,KNOWN
Spain_319,NOT_APPLICABLE,NOT_APPLICABLE,KNOWN
Spain_321,NOT_APPLICABLE,NOT_APPLICABLE,KNOWN
Spain_323,NOT_APPLICABLE,NOT_APPLICABLE,KNOWN
Spain_325,NOT_APPLICABLE,NOT_APPLICABLE,KNOWN
Spain_322,NOT_APPLICABLE,NOT_APPLICABLE,KNOWN
Spain_327,NOT_APPLICABLE,NOT_APPLICABLE,KNOWN
Spain_324,NOT_APPLICABLE,NOT_APPLICABLE,KNOWN
Spain_326,NOT_APPLICABLE,NOT_APPLICABLE,KNOWN
Spain_328,NOT_APPLICABLE,NOT_APPLICABLE,KNOWN
Spain_329,NOT_APPLICABLE,NOT_APPLICABLE,KNOWN
Spain_332,NOT_APPLICABLE,NOT_APPLICABLE,KNOWN
Spain_330,NOT_APPLICABLE,NOT_APPLICABLE,KNOWN
Spain_331,NOT_APPLICABLE,NOT_APPLICABLE,KNOWN
Spain_334,NOT_APPLICABLE,NOT_APPLICABLE,KNOWN
Spain_335,NOT_APPLICABLE,NOT_APPLICABLE,KNOWN
Spain_333,NOT_APPLICABLE,NOT_APPLICABLE,KNOWN
Spain_336,NOT_APPLICABLE,NOT_APPLICABLE,KNOWN
Spain_340,NOT_APPLICABLE,NOT_APPLICABLE,KNOWN
Spain_337,NOT_APPLICABLE,NOT_APPLICABLE,KNOWN
Spain_341,NOT_APPLICABLE,NOT_APPLICABLE,KNOWN
Spain_338,NOT_APPLICABLE,NOT_APPLICABLE,KNOWN
Spain_342,NOT_APPLICABLE,NOT_APPLICABLE,KNOWN
Spain_343,NOT_APPLICABLE,NOT_APPLICABLE,KNOWN
Spain_344,NOT_APPLICABLE,NOT_APPLICABLE,KNOWN
Spain_345,NOT_APPLICABLE,NOT_APPLICABLE,KNOWN
Spain_346,NOT_APPLICABLE,NOT_APPLICABLE,KNOWN
Spain_347,NOT_APPLICABLE,NOT_APPLICABLE,KNOWN
Spain_349,HUMAN_ERROR,DISCUSSED,KNOWN
Spain_350,NOT_APPLICABLE,NOT_APPLICABLE,KNOWN
Spain_348,HUMAN_ERROR,MIXED_CONTRADICTORY,KNOWN
Spain_348,NOT_APPLICABLE,MIXED_CONTRADICTORY,KNOWN
Spain_351,NOT_APPLICABLE,NOT_APPLICABLE,KNOWN
Spain_352,NOT_APPLICABLE,NOT_APPLICABLE,KNOWN
Spain_353,NOT_APPLICABLE,NOT_APPLICABLE,KNOWN
Spain_354,NOT_APPLICABLE,NOT_APPLICABLE,KNOWN
Spain_355,NOT_APPLICABLE,NOT_APPLICABLE,KNOWN
Spain_357,NOT_APPLICABLE,NOT_APPLICABLE,KNOWN
Spain_356,NOT_APPLICABLE,NOT_APPLICABLE,KNOWN
Spain_358,NOT_APPLICABLE,NOT_APPLICABLE,KNOWN
Spain_360,NOT_APPLICABLE,NOT_APPLICABLE,KNOWN
Spain_359,CYBER_ATTACK,DISCUSSED,KNOWN
Spain_362,NOT_APPLICABLE,NOT_APPLICABLE,KNOWN
Spain_361,NOT_APPLICABLE,NOT_APPLICABLE,KNOWN
Spain_365,NOT_DISCUSSED,NOT_DISCUSSED,UNKNOWN
Spain_364,NOT_APPLICABLE,NOT_APPLICABLE,KNOWN
Spain_363,NOT_APPLICABLE,NOT_APPLICABLE,KNOWN
Spain_367,NOT_APPLICABLE,NOT_APPLICABLE,KNOWN
Spain_366,TECHNICAL_FAILURE,DISCUSSED,KNOWN
Spain_368,NOT_APPLICABLE,NOT_APPLICABLE,KNOWN
Spain_370,NOT_APPLICABLE,NOT_APPLICABLE,KNOWN
Spain_369,NOT_APPLICABLE,NOT_APPLICABLE,KNOWN
Spain_371,NOT_APPLICABLE,NOT_APPLICABLE,KNOWN
Spain_372,NOT_APPLICABLE,NOT_APPLICABLE,KNOWN
Spain_373,NOT_APPLICABLE,NOT_APPLICABLE,KNOWN
Spain_375,NOT_APPLICABLE,NOT_APPLICABLE,KNOWN
Spain_374,NOT_APPLICABLE,NOT_APPLICABLE,KNOWN
Spain_376,NOT_APPLICABLE,NOT_APPLICABLE,KNOWN
Spain_378,NOT_APPLICABLE,NOT_APPLICABLE,KNOWN
Spain_377,NOT_APPLICABLE,NOT_APPLICABLE,KNOWN
Spain_379,NOT_APPLICABLE,NOT_APPLICABLE,KNOWN
Spain_381,NOT_APPLICABLE,NOT_APPLICABLE,KNOWN
Spain_380,NOT_APPLICABLE,NOT_APPLICABLE,KNOWN
Spain_382,NOT_APPLICABLE,NOT_APPLICABLE,KNOWN
Spain_383,NOT_APPLICABLE,NOT_APPLICABLE,KNOWN
Spain_384,NOT_APPLICABLE,NOT_APPLICABLE,KNOWN
Spain_387,NOT_APPLICABLE,NOT_APPLICABLE,KNOWN
Spain_389,HUMAN_ERROR,DISCUSSED,KNOWN
Spain_388,NOT_APPLICABLE,NOT_APPLICABLE,KNOWN
Spain_385,NOT_APPLICABLE,NOT_APPLICABLE,KNOWN
Spain_386,NOT_APPLICABLE,NOT_APPLICABLE,KNOWN
Spain_391,NOT_APPLICABLE,NOT_APPLICABLE,KNOWN
Spain_390,NOT_APPLICABLE,NOT_APPLICABLE,KNOWN
Spain_392,NOT_APPLICABLE,NOT_APPLICABLE,KNOWN
Spain_393,NOT_APPLICABLE,NOT_APPLICABLE,KNOWN
Spain_394,NOT_APPLICABLE,NOT_APPLICABLE,KNOWN
Spain_396,NOT_APPLICABLE,NOT_APPLICABLE,KNOWN
Spain_397,NOT_APPLICABLE,NOT_APPLICABLE,KNOWN
Spain_395,NOT_APPLICABLE,NOT_APPLICABLE,KNOWN
Spain_398,NOT_APPLICABLE,NOT_APPLICABLE,KNOWN
Spain_406,NO,DISCUSSED,UNKNOWN
Spain_401,NOT_APPLICABLE,NOT_APPLICABLE,KNOWN
Spain_400,TECHNICAL_FAILURE,MIXED_CONTRADICTORY,KNOWN
Spain_400,ORGANIZATIONAL_FAILURE,MIXED_CONTRADICTORY,KNOWN
Spain_400,CYBER_ATTACK,MIXED_CONTRADICTORY,KNOWN
Spain_400,HUMAN_ERROR,MIXED_CONTRADICTORY,KNOWN
Spain_400,SYSTEM_MALFUNCTION,MIXED_CONTRADICTORY,KNOWN
Spain_400,NOT_APPLICABLE,MIXED_CONTRADICTORY,KNOWN
Spain_400,NOT_MENTIONED,MIXED_CONTRADICTORY,KNOWN
Spain_400,UNCLEAR,MIXED_CONTRADICTORY,KNOWN
Spain_402,NOT_APPLICABLE,NOT_APPLICABLE,KNOWN
Spain_399,NOT_APPLICABLE,NOT_APPLICABLE,KNOWN
Spain_405,NOT_APPLICABLE,NOT_APPLICABLE,KNOWN
Spain_403,NOT_APPLICABLE,NOT_APPLICABLE,KNOWN
Spain_404,NOT_APPLICABLE,NOT_APPLICABLE,KNOWN
Spain_408,NOT_APPLICABLE,NOT_APPLICABLE,KNOWN
Spain_410,NOT_APPLICABLE,NOT_APPLICABLE,KNOWN
Spain_409,NOT_APPLICABLE,NOT_APPLICABLE,KNOWN
Spain_411,NOT_APPLICABLE,NOT_APPLICABLE,KNOWN
Spain_417,CYBER_ATTACK,DISCUSSED,KNOWN
Spain_412,NOT_APPLICABLE,NOT_APPLICABLE,KNOWN
Spain_415,NOT_APPLICABLE,NOT_APPLICABLE,KNOWN
Spain_414,ORGANIZATIONAL_FAILURE,DISCUSSED,KNOWN
Spain_418,NOT_APPLICABLE,NOT_APPLICABLE,KNOWN
Spain_416,NOT_APPLICABLE,NOT_APPLICABLE,KNOWN
Spain_419,NOT_APPLICABLE,NOT_APPLICABLE,KNOWN
Spain_421,NOT_APPLICABLE,NOT_APPLICABLE,KNOWN
Spain_420,NOT_APPLICABLE,NOT_APPLICABLE,KNOWN
Spain_422,NOT_APPLICABLE,NOT_APPLICABLE,KNOWN
Spain_423,NOT_APPLICABLE,NOT_APPLICABLE,KNOWN
Spain_424,NOT_APPLICABLE,NOT_APPLICABLE,KNOWN
Spain_426,NOT_APPLICABLE,NOT_APPLICABLE,KNOWN
Spain_425,NOT_APPLICABLE,NOT_APPLICABLE,KNOWN
Spain_427,NOT_APPLICABLE,NOT_APPLICABLE,KNOWN
Spain_428,NOT_APPLICABLE,NOT_APPLICABLE,KNOWN
Spain_429,TECHNICAL_FAILURE,DISCUSSED,KNOWN
Spain_430,NOT_APPLICABLE,NOT_APPLICABLE,KNOWN
Spain_431,NOT_APPLICABLE,NOT_APPLICABLE,KNOWN
Spain_432,NOT_APPLICABLE,NOT_APPLICABLE,KNOWN
Spain_435,NOT_APPLICABLE,NOT_APPLICABLE,KNOWN
Spain_433,NOT_APPLICABLE,NOT_APPLICABLE,KNOWN
Spain_436,NOT_APPLICABLE,NOT_APPLICABLE,KNOWN
Spain_434,NOT_APPLICABLE,NOT_APPLICABLE,KNOWN
Spain_438,NOT_APPLICABLE,NOT_APPLICABLE,KNOWN
Spain_440,NOT_APPLICABLE,NOT_APPLICABLE,KNOWN
Spain_437,NOT_APPLICABLE,NOT_APPLICABLE,KNOWN
Spain_441,NOT_APPLICABLE,NOT_APPLICABLE,KNOWN
Spain_439,NOT_APPLICABLE,NOT_APPLICABLE,KNOWN
Spain_443,NOT_APPLICABLE,NOT_APPLICABLE,KNOWN
Spain_442,NOT_APPLICABLE,NOT_APPLICABLE,KNOWN
Spain_446,NOT_APPLICABLE,NOT_APPLICABLE,KNOWN
Spain_444,TECHNICAL_FAILURE,DISCUSSED,KNOWN
Spain_447,NOT_APPLICABLE,NOT_APPLICABLE,KNOWN
Spain_445,NOT_APPLICABLE,NOT_APPLICABLE,KNOWN
Spain_448,NOT_DISCUSSED,NOT_DISCUSSED,UNKNOWN
Spain_449,NOT_APPLICABLE,NOT_APPLICABLE,KNOWN
Spain_451,NOT_APPLICABLE,NOT_APPLICABLE,KNOWN
Spain_452,NOT_APPLICABLE,NOT_APPLICABLE,KNOWN
Spain_450,NOT_APPLICABLE,NOT_APPLICABLE,KNOWN
Spain_453,NOT_APPLICABLE,NOT_APPLICABLE,KNOWN
Spain_455,NOT_APPLICABLE,NOT_APPLICABLE,KNOWN
Spain_454,NOT_APPLICABLE,NOT_APPLICABLE,KNOWN
Spain_457,NOT_APPLICABLE,NOT_APPLICABLE,KNOWN
Spain_456,NOT_APPLICABLE,NOT_APPLICABLE,KNOWN
Spain_459,NOT_APPLICABLE,NOT_APPLICABLE,KNOWN
Spain_458,NOT_APPLICABLE,NOT_APPLICABLE,KNOWN
Spain_461,HUMAN_ERROR,DISCUSSED,KNOWN
Spain_466,NOT_APPLICABLE,NOT_APPLICABLE,KNOWN
Spain_467,NOT_APPLICABLE,NOT_APPLICABLE,KNOWN
Spain_463,NOT_APPLICABLE,NOT_APPLICABLE,KNOWN
Spain_462,NOT_APPLICABLE,NOT_APPLICABLE,KNOWN
Spain_460,NOT_APPLICABLE,NOT_APPLICABLE,KNOWN
Spain_464,NOT_APPLICABLE,NOT_APPLICABLE,KNOWN
Spain_465,NOT_APPLICABLE,NOT_APPLICABLE,KNOWN
Spain_469,NOT_APPLICABLE,NOT_APPLICABLE,KNOWN
Spain_471,NOT_APPLICABLE,NOT_APPLICABLE,KNOWN
Spain_470,NOT_APPLICABLE,NOT_APPLICABLE,KNOWN
Spain_468,NOT_APPLICABLE,NOT_APPLICABLE,KNOWN
Spain_479,NOT_APPLICABLE,NOT_APPLICABLE,KNOWN
Spain_472,NOT_APPLICABLE,NOT_APPLICABLE,KNOWN
Spain_473,NOT_APPLICABLE,NOT_APPLICABLE,KNOWN
Spain_476,NOT_APPLICABLE,NOT_APPLICABLE,KNOWN
Spain_474,TECHNICAL_FAILURE,DISCUSSED,KNOWN
Spain_474,ORGANIZATIONAL_FAILURE,DISCUSSED,KNOWN
Spain_475,UNCLEAR,DISCUSSED,KNOWN
Spain_478,NOT_APPLICABLE,NOT_APPLICABLE,KNOWN
Spain_480,NOT_APPLICABLE,NOT_APPLICABLE,KNOWN
Spain_482,NOT_APPLICABLE,NOT_APPLICABLE,KNOWN
Spain_481,NOT_APPLICABLE,NOT_APPLICABLE,KNOWN
Spain_484,NOT_APPLICABLE,NOT_APPLICABLE,KNOWN
Spain_485,NOT_APPLICABLE,NOT_APPLICABLE,KNOWN
Spain_487,NOT_APPLICABLE,NOT_APPLICABLE,KNOWN
Spain_483,NOT_APPLICABLE,NOT_APPLICABLE,KNOWN
Spain_486,NOT_APPLICABLE,NOT_APPLICABLE,KNOWN
Spain_490,NOT_APPLICABLE,NOT_APPLICABLE,KNOWN
Spain_488,NOT_APPLICABLE,NOT_APPLICABLE,KNOWN
Spain_489,NOT_APPLICABLE,NOT_APPLICABLE,KNOWN
Spain_492,NOT_APPLICABLE,NOT_APPLICABLE,KNOWN
Spain_491,NOT_APPLICABLE,NOT_APPLICABLE,KNOWN
Spain_493,NOT_APPLICABLE,NOT_APPLICABLE,KNOWN
Spain_494,NOT_APPLICABLE,NOT_APPLICABLE,KNOWN
Spain_496,NOT_APPLICABLE,NOT_APPLICABLE,KNOWN
Spain_495,NOT_APPLICABLE,NOT_APPLICABLE,KNOWN
Spain_497,NOT_APPLICABLE,NOT_APPLICABLE,KNOWN
Spain_498,NOT_APPLICABLE,NOT_APPLICABLE,KNOWN
Spain_499,ORGANIZATIONAL_FAILURE,DISCUSSED,KNOWN
Spain_501,NOT_APPLICABLE,NOT_APPLICABLE,KNOWN
Spain_500,NOT_APPLICABLE,NOT_APPLICABLE,KNOWN
Spain_503,NOT_APPLICABLE,NOT_APPLICABLE,KNOWN
Spain_506,NOT_APPLICABLE,NOT_APPLICABLE,KNOWN
Spain_502,NOT_APPLICABLE,NOT_APPLICABLE,KNOWN
Spain_504,HUMAN_ERROR,DISCUSSED,KNOWN
Spain_505,NOT_APPLICABLE,NOT_APPLICABLE,KNOWN
Spain_509,NOT_APPLICABLE,NOT_APPLICABLE,KNOWN
Spain_507,NOT_APPLICABLE,NOT_APPLICABLE,KNOWN
Spain_508,NOT_APPLICABLE,NOT_APPLICABLE,KNOWN
Spain_510,NOT_APPLICABLE,NOT_APPLICABLE,KNOWN
Spain_511,NOT_APPLICABLE,NOT_APPLICABLE,KNOWN
Spain_514,NOT_APPLICABLE,NOT_APPLICABLE,KNOWN
Spain_512,NOT_APPLICABLE,NOT_APPLICABLE,KNOWN
Spain_513,NOT_APPLICABLE,NOT_APPLICABLE,KNOWN
Spain_515,NOT_APPLICABLE,NOT_APPLICABLE,KNOWN
Spain_516,NOT_APPLICABLE,NOT_APPLICABLE,KNOWN
Spain_522,NOT_APPLICABLE,NOT_APPLICABLE,KNOWN
Spain_517,NOT_APPLICABLE,NOT_APPLICABLE,KNOWN
Spain_518,NOT_APPLICABLE,NOT_APPLICABLE,KNOWN
Spain_519,NOT_APPLICABLE,NOT_APPLICABLE,KNOWN
Spain_524,NOT_APPLICABLE,NOT_APPLICABLE,KNOWN
Spain_525,NOT_APPLICABLE,NOT_APPLICABLE,KNOWN
Spain_521,NOT_APPLICABLE,NOT_APPLICABLE,KNOWN
Spain_520,NOT_APPLICABLE,NOT_APPLICABLE,KNOWN
Spain_523,HUMAN_ERROR,DISCUSSED,KNOWN
Spain_531,NOT_APPLICABLE,MIXED_CONTRADICTORY,KNOWN
Spain_531,NOT_MENTIONED,MIXED_CONTRADICTORY,KNOWN
Spain_526,NOT_APPLICABLE,NOT_APPLICABLE,KNOWN
Spain_528,NOT_APPLICABLE,NOT_APPLICABLE,KNOWN
Spain_527,NOT_APPLICABLE,NOT_APPLICABLE,KNOWN
Spain_536,NOT_APPLICABLE,NOT_APPLICABLE,KNOWN
Spain_532,NOT_APPLICABLE,NOT_APPLICABLE,KNOWN
Spain_529,NOT_APPLICABLE,NOT_APPLICABLE,KNOWN
Spain_533,NOT_APPLICABLE,NOT_APPLICABLE,KNOWN
Spain_530,NOT_APPLICABLE,NOT_APPLICABLE,KNOWN
Spain_534,NOT_APPLICABLE,NOT_APPLICABLE,KNOWN
Spain_535,NOT_APPLICABLE,NOT_APPLICABLE,KNOWN
Spain_537,NOT_APPLICABLE,NOT_APPLICABLE,KNOWN
Spain_539,NOT_APPLICABLE,NOT_APPLICABLE,KNOWN
Spain_541,NOT_APPLICABLE,NOT_APPLICABLE,KNOWN
Spain_542,NOT_APPLICABLE,NOT_APPLICABLE,KNOWN
Spain_544,NOT_APPLICABLE,NOT_APPLICABLE,KNOWN
Spain_543,NOT_APPLICABLE,NOT_APPLICABLE,KNOWN
Spain_540,NOT_APPLICABLE,NOT_APPLICABLE,KNOWN
Spain_545,TECHNICAL_FAILURE,DISCUSSED,KNOWN
Spain_545,ORGANIZATIONAL_FAILURE,DISCUSSED,KNOWN
Spain_545,UNCLEAR,DISCUSSED,KNOWN
Spain_546,NOT_APPLICABLE,NOT_APPLICABLE,KNOWN
Spain_547,NOT_APPLICABLE,NOT_APPLICABLE,KNOWN
Spain_549,NOT_APPLICABLE,NOT_APPLICABLE,KNOWN
Spain_551,ORGANIZATIONAL_FAILURE,DISCUSSED,KNOWN
Spain_551,HUMAN_ERROR,DISCUSSED,KNOWN
Spain_550,NOT_APPLICABLE,NOT_APPLICABLE,KNOWN
Spain_552,NOT_APPLICABLE,NOT_APPLICABLE,KNOWN
Spain_558,NOT_APPLICABLE,NOT_APPLICABLE,KNOWN
Spain_553,NOT_APPLICABLE,NOT_APPLICABLE,KNOWN
Spain_554,NOT_APPLICABLE,NOT_APPLICABLE,KNOWN
Spain_555,NOT_APPLICABLE,NOT_APPLICABLE,KNOWN
Spain_556,NOT_APPLICABLE,NOT_APPLICABLE,KNOWN
Spain_559,NOT_APPLICABLE,NOT_APPLICABLE,KNOWN
Spain_557,NOT_APPLICABLE,NOT_APPLICABLE,KNOWN
Spain_562,NOT_APPLICABLE,NOT_APPLICABLE,KNOWN
Spain_561,HUMAN_ERROR,DISCUSSED,KNOWN
Spain_563,NOT_APPLICABLE,NOT_APPLICABLE,KNOWN
Spain_560,NOT_APPLICABLE,NOT_APPLICABLE,KNOWN
Spain_564,NOT_APPLICABLE,NOT_APPLICABLE,KNOWN
Spain_565,NOT_APPLICABLE,NOT_APPLICABLE,KNOWN
Spain_568,NOT_APPLICABLE,NOT_APPLICABLE,KNOWN
Spain_566,NOT_APPLICABLE,NOT_APPLICABLE,KNOWN
Spain_567,NOT_APPLICABLE,NOT_APPLICABLE,KNOWN
Spain_575,HUMAN_ERROR,DISCUSSED,KNOWN
Spain_575,ORGANIZATIONAL_FAILURE,DISCUSSED,KNOWN
Spain_572,NOT_DISCUSSED,NOT_DISCUSSED,UNKNOWN
Spain_570,NOT_APPLICABLE,NOT_APPLICABLE,KNOWN
Spain_569,NOT_APPLICABLE,NOT_APPLICABLE,KNOWN
Spain_571,NOT_APPLICABLE,NOT_APPLICABLE,KNOWN
Spain_573,HUMAN_ERROR,DISCUSSED,KNOWN
Spain_574,NOT_APPLICABLE,NOT_APPLICABLE,KNOWN
Spain_578,NOT_APPLICABLE,NOT_APPLICABLE,KNOWN
Spain_576,NOT_APPLICABLE,NOT_APPLICABLE,KNOWN
Spain_581,NOT_APPLICABLE,NOT_APPLICABLE,KNOWN
Spain_577,HUMAN_ERROR,DISCUSSED,KNOWN
Spain_582,NOT_APPLICABLE,NOT_APPLICABLE,KNOWN
Spain_580,NOT_APPLICABLE,NOT_APPLICABLE,KNOWN
Spain_579,NOT_APPLICABLE,NOT_APPLICABLE,KNOWN
Spain_583,NOT_APPLICABLE,NOT_APPLICABLE,KNOWN
Spain_584,NOT_APPLICABLE,NOT_APPLICABLE,KNOWN
Spain_586,NOT_DISCUSSED,NOT_DISCUSSED,UNKNOWN
Spain_590,NOT_APPLICABLE,NOT_APPLICABLE,KNOWN
Spain_585,HUMAN_ERROR,DISCUSSED,KNOWN
Spain_587,NOT_APPLICABLE,NOT_APPLICABLE,KNOWN
Spain_588,NOT_APPLICABLE,NOT_APPLICABLE,KNOWN
Spain_589,NOT_APPLICABLE,NOT_APPLICABLE,KNOWN
Spain_591,NOT_APPLICABLE,NOT_APPLICABLE,KNOWN
Spain_592,NOT_APPLICABLE,NOT_APPLICABLE,KNOWN
Spain_593,NOT_APPLICABLE,NOT_APPLICABLE,KNOWN
Spain_595,NOT_APPLICABLE,NOT_APPLICABLE,KNOWN
Spain_596,NOT_APPLICABLE,NOT_APPLICABLE,KNOWN
Spain_597,NOT_APPLICABLE,NOT_APPLICABLE,KNOWN
Spain_594,NOT_APPLICABLE,NOT_APPLICABLE,KNOWN
Spain_598,NOT_APPLICABLE,NOT_APPLICABLE,KNOWN
Spain_599,NOT_APPLICABLE,NOT_APPLICABLE,KNOWN
Spain_600,NOT_APPLICABLE,NOT_APPLICABLE,KNOWN
Spain_605,NOT_APPLICABLE,NOT_APPLICABLE,KNOWN
Spain_603,NOT_APPLICABLE,NOT_APPLICABLE,KNOWN
Spain_601,NOT_APPLICABLE,NOT_APPLICABLE,KNOWN
Spain_602,NOT_APPLICABLE,NOT_APPLICABLE,KNOWN
Spain_604,NOT_APPLICABLE,NOT_APPLICABLE,KNOWN
Spain_606,NOT_APPLICABLE,NOT_APPLICABLE,KNOWN
Spain_607,NOT_APPLICABLE,NOT_APPLICABLE,KNOWN
Spain_611,NOT_APPLICABLE,NOT_APPLICABLE,KNOWN
Spain_612,NOT_APPLICABLE,NOT_APPLICABLE,KNOWN
Spain_610,NOT_APPLICABLE,NOT_APPLICABLE,KNOWN
Spain_615,NOT_APPLICABLE,NOT_APPLICABLE,KNOWN
Spain_614,NOT_APPLICABLE,NOT_APPLICABLE,KNOWN
Spain_613,NOT_APPLICABLE,NOT_APPLICABLE,KNOWN
Spain_616,NOT_APPLICABLE,NOT_APPLICABLE,KNOWN
Spain_617,NOT_APPLICABLE,NOT_APPLICABLE,KNOWN
Spain_619,NOT_APPLICABLE,NOT_APPLICABLE,KNOWN
Spain_621,NOT_APPLICABLE,NOT_APPLICABLE,KNOWN
Spain_620,NOT_APPLICABLE,NOT_APPLICABLE,KNOWN
Spain_624,NOT_APPLICABLE,NOT_APPLICABLE,KNOWN
Spain_630,NOT_APPLICABLE,NOT_APPLICABLE,KNOWN
Spain_625,CYBER_ATTACK,DISCUSSED,KNOWN
Spain_618,NOT_APPLICABLE,NOT_APPLICABLE,KNOWN
Spain_631,NOT_APPLICABLE,NOT_APPLICABLE,KNOWN
Spain_623,NOT_DISCUSSED,NOT_DISCUSSED,UNKNOWN
Slovenia_1,NOT_APPLICABLE,NOT_APPLICABLE,KNOWN
Slovenia_3,HUMAN_ERROR,DISCUSSED,KNOWN
Slovenia_3,ORGANIZATIONAL_FAILURE,DISCUSSED,KNOWN
Spain_627,HUMAN_ERROR,DISCUSSED,KNOWN
Spain_626,NOT_APPLICABLE,NOT_APPLICABLE,KNOWN
Spain_628,NOT_APPLICABLE,NOT_APPLICABLE,KNOWN
Spain_629,NOT_APPLICABLE,NOT_APPLICABLE,KNOWN
Slovenia_4,NOT_APPLICABLE,NOT_APPLICABLE,KNOWN
Slovenia_5,NOT_APPLICABLE,NOT_APPLICABLE,KNOWN
Slovenia_8,NOT_APPLICABLE,NOT_APPLICABLE,KNOWN
Slovenia_6,NOT_APPLICABLE,NOT_APPLICABLE,KNOWN
Slovenia_9,NOT_APPLICABLE,NOT_APPLICABLE,KNOWN
Slovenia_7,NOT_APPLICABLE,NOT_APPLICABLE,KNOWN
Slovenia_10,NOT_APPLICABLE,NOT_APPLICABLE,KNOWN
Slovenia_12,NOT_APPLICABLE,NOT_APPLICABLE,KNOWN
Slovenia_11,NOT_APPLICABLE,NOT_APPLICABLE,KNOWN
Slovenia_14,NOT_APPLICABLE,NOT_APPLICABLE,KNOWN
Slovenia_18,NOT_APPLICABLE,NOT_APPLICABLE,KNOWN
Slovenia_13,NOT_APPLICABLE,NOT_APPLICABLE,KNOWN
Slovenia_16,NOT_APPLICABLE,NOT_APPLICABLE,KNOWN
Slovenia_15,NOT_APPLICABLE,NOT_APPLICABLE,KNOWN
Slovenia_17,NOT_APPLICABLE,NOT_APPLICABLE,KNOWN
Slovenia_19,NOT_APPLICABLE,NOT_APPLICABLE,KNOWN
Slovenia_21,NOT_APPLICABLE,NOT_APPLICABLE,KNOWN
Slovenia_20,NOT_APPLICABLE,NOT_APPLICABLE,KNOWN
Slovenia_24,NOT_APPLICABLE,NOT_APPLICABLE,KNOWN
Slovenia_23,NOT_APPLICABLE,NOT_APPLICABLE,KNOWN
Slovenia_25,NOT_APPLICABLE,NOT_APPLICABLE,KNOWN
Slovenia_22,NOT_APPLICABLE,NOT_APPLICABLE,KNOWN
Slovenia_26,NOT_APPLICABLE,NOT_APPLICABLE,KNOWN
Slovenia_34,NOT_APPLICABLE,NOT_APPLICABLE,KNOWN
Slovenia_27,NOT_APPLICABLE,NOT_APPLICABLE,KNOWN
Slovenia_28,NOT_APPLICABLE,NOT_APPLICABLE,KNOWN
Slovenia_29,NOT_APPLICABLE,NOT_APPLICABLE,KNOWN
Slovenia_30,NOT_APPLICABLE,NOT_APPLICABLE,KNOWN
Slovenia_31,NOT_APPLICABLE,NOT_APPLICABLE,KNOWN
Slovenia_32,NOT_APPLICABLE,NOT_APPLICABLE,KNOWN
Slovenia_33,NOT_APPLICABLE,NOT_APPLICABLE,KNOWN
Slovenia_35,NOT_APPLICABLE,NOT_APPLICABLE,KNOWN
Slovenia_36,NOT_APPLICABLE,NOT_APPLICABLE,KNOWN
Slovenia_37,NOT_APPLICABLE,NOT_APPLICABLE,KNOWN
Slovenia_38,NOT_APPLICABLE,NOT_APPLICABLE,KNOWN
Slovenia_41,NOT_APPLICABLE,NOT_APPLICABLE,KNOWN
Slovenia_39,NOT_APPLICABLE,NOT_APPLICABLE,KNOWN
Slovenia_42,NOT_APPLICABLE,NOT_APPLICABLE,KNOWN
Slovenia_43,NOT_APPLICABLE,NOT_APPLICABLE,KNOWN
Slovenia_44,NOT_APPLICABLE,NOT_APPLICABLE,KNOWN
Slovenia_45,NOT_APPLICABLE,NOT_APPLICABLE,KNOWN
Slovenia_46,NOT_APPLICABLE,NOT_APPLICABLE,KNOWN
Slovenia_47,NOT_APPLICABLE,NOT_APPLICABLE,KNOWN
Slovenia_50,NOT_APPLICABLE,NOT_APPLICABLE,KNOWN
Slovenia_48,NOT_APPLICABLE,NOT_APPLICABLE,KNOWN
Slovenia_51,NOT_APPLICABLE,NOT_APPLICABLE,KNOWN
Slovenia_55,NOT_APPLICABLE,NOT_APPLICABLE,KNOWN
Slovenia_56,NOT_DISCUSSED,NOT_DISCUSSED,UNKNOWN
Slovenia_53,NOT_APPLICABLE,NOT_APPLICABLE,KNOWN
Slovenia_54,NOT_APPLICABLE,NOT_APPLICABLE,KNOWN
Slovenia_57,NOT_APPLICABLE,NOT_APPLICABLE,KNOWN
Slovenia_58,NOT_APPLICABLE,NOT_APPLICABLE,KNOWN
Slovenia_59,NOT_DISCUSSED,NOT_DISCUSSED,UNKNOWN
Slovenia_61,NOT_APPLICABLE,NOT_APPLICABLE,KNOWN
Slovenia_62,NOT_APPLICABLE,NOT_APPLICABLE,KNOWN
Slovenia_63,HUMAN_ERROR,DISCUSSED,KNOWN
Slovenia_63,ORGANIZATIONAL_FAILURE,DISCUSSED,KNOWN
Slovenia_65,NOT_APPLICABLE,NOT_APPLICABLE,KNOWN
Slovenia_64,NOT_APPLICABLE,NOT_APPLICABLE,KNOWN
Slovenia_66,NOT_APPLICABLE,NOT_APPLICABLE,KNOWN
Slovenia_67,NOT_APPLICABLE,NOT_APPLICABLE,KNOWN
Slovenia_68,NOT_APPLICABLE,NOT_APPLICABLE,KNOWN
Slovenia_69,NOT_APPLICABLE,NOT_APPLICABLE,KNOWN
Slovenia_72,NOT_APPLICABLE,NOT_APPLICABLE,KNOWN
Slovenia_73,NOT_APPLICABLE,NOT_APPLICABLE,KNOWN
Slovenia_74,NOT_APPLICABLE,NOT_APPLICABLE,KNOWN
Slovenia_75,NOT_APPLICABLE,NOT_APPLICABLE,KNOWN
Slovenia_76,NOT_DISCUSSED,NOT_DISCUSSED,UNKNOWN
Slovakia_1,NOT_APPLICABLE,NOT_APPLICABLE,KNOWN
Slovenia_77,NOT_APPLICABLE,NOT_APPLICABLE,KNOWN
Romania_1,NOT_APPLICABLE,NOT_APPLICABLE,KNOWN
Slovenia_78,NOT_APPLICABLE,NOT_APPLICABLE,KNOWN
Romania_2,NOT_APPLICABLE,NOT_APPLICABLE,KNOWN
Romania_4,HUMAN_ERROR,DISCUSSED,KNOWN
Romania_3,HUMAN_ERROR,DISCUSSED,KNOWN
Romania_5,ORGANIZATIONAL_FAILURE,DISCUSSED,KNOWN
Romania_6,CYBER_ATTACK,DISCUSSED,KNOWN
Romania_7,NOT_APPLICABLE,NOT_APPLICABLE,KNOWN
Romania_9,HUMAN_ERROR,DISCUSSED,KNOWN
Romania_11,NOT_APPLICABLE,NOT_APPLICABLE,KNOWN
Romania_10,NOT_APPLICABLE,NOT_APPLICABLE,KNOWN
Romania_13,CYBER_ATTACK,DISCUSSED,KNOWN
Romania_12,ORGANIZATIONAL_FAILURE,DISCUSSED,KNOWN
Romania_12,HUMAN_ERROR,DISCUSSED,KNOWN
Romania_14,CYBER_ATTACK,DISCUSSED,KNOWN
Romania_15,NOT_APPLICABLE,NOT_APPLICABLE,KNOWN
Romania_16,NOT_APPLICABLE,NOT_APPLICABLE,KNOWN
Romania_17,TECHNICAL_FAILURE,DISCUSSED,KNOWN
Romania_17,ORGANIZATIONAL_FAILURE,DISCUSSED,KNOWN
Romania_20,NOT_APPLICABLE,NOT_APPLICABLE,KNOWN
Romania_19,HUMAN_ERROR,DISCUSSED,KNOWN
Romania_19,ORGANIZATIONAL_FAILURE,DISCUSSED,KNOWN
Romania_18,NOT_APPLICABLE,NOT_APPLICABLE,KNOWN
Romania_21,TECHNICAL_FAILURE,DISCUSSED,KNOWN
Romania_21,ORGANIZATIONAL_FAILURE,DISCUSSED,KNOWN
Romania_24,HUMAN_ERROR,DISCUSSED,KNOWN
Romania_26,NOT_APPLICABLE,NOT_APPLICABLE,KNOWN
Romania_25,HUMAN_ERROR,MIXED_CONTRADICTORY,KNOWN
Romania_25,NOT_APPLICABLE,MIXED_CONTRADICTORY,KNOWN
Romania_28,ORGANIZATIONAL_FAILURE,DISCUSSED,KNOWN
Romania_29,HUMAN_ERROR,DISCUSSED,KNOWN
Romania_27,CYBER_ATTACK,DISCUSSED,KNOWN
Romania_30,NOT_APPLICABLE,NOT_APPLICABLE,KNOWN
Romania_34,TECHNICAL_FAILURE,DISCUSSED,KNOWN
Romania_33,ORGANIZATIONAL_FAILURE,DISCUSSED,KNOWN
Romania_36,NOT_APPLICABLE,NOT_APPLICABLE,KNOWN
Romania_32,NOT_APPLICABLE,NOT_APPLICABLE,KNOWN
Romania_31,NOT_APPLICABLE,NOT_APPLICABLE,KNOWN
Romania_37,TECHNICAL_FAILURE,DISCUSSED,KNOWN
Romania_38,NOT_APPLICABLE,NOT_APPLICABLE,KNOWN
Romania_43,TECHNICAL_FAILURE,DISCUSSED,KNOWN
Romania_43,ORGANIZATIONAL_FAILURE,DISCUSSED,KNOWN
Romania_40,NOT_APPLICABLE,NOT_APPLICABLE,KNOWN
Romania_42,ORGANIZATIONAL_FAILURE,DISCUSSED,KNOWN
Romania_42,HUMAN_ERROR,DISCUSSED,KNOWN
Romania_41,NOT_APPLICABLE,NOT_APPLICABLE,KNOWN
Romania_45,NOT_APPLICABLE,NOT_APPLICABLE,KNOWN
Romania_48,TECHNICAL_FAILURE,DISCUSSED,KNOWN
Romania_48,ORGANIZATIONAL_FAILURE,DISCUSSED,KNOWN
Romania_49,NOT_APPLICABLE,NOT_APPLICABLE,KNOWN
Romania_47,NOT_APPLICABLE,NOT_APPLICABLE,KNOWN
Romania_50,NOT_APPLICABLE,NOT_APPLICABLE,KNOWN
Romania_46,NOT_APPLICABLE,NOT_APPLICABLE,KNOWN
Romania_52,NOT_APPLICABLE,NOT_APPLICABLE,KNOWN
Romania_51,NOT_APPLICABLE,NOT_APPLICABLE,KNOWN
Romania_53,CYBER_ATTACK,DISCUSSED,KNOWN
Romania_54,CYBER_ATTACK,DISCUSSED,KNOWN
Romania_57,TECHNICAL_FAILURE,DISCUSSED,KNOWN
Romania_57,ORGANIZATIONAL_FAILURE,DISCUSSED,KNOWN
Romania_56,NOT_APPLICABLE,NOT_APPLICABLE,KNOWN
Romania_58,NOT_APPLICABLE,NOT_APPLICABLE,KNOWN
Romania_59,HUMAN_ERROR,DISCUSSED,KNOWN
Romania_59,ORGANIZATIONAL_FAILURE,DISCUSSED,KNOWN
Romania_60,NOT_APPLICABLE,NOT_APPLICABLE,KNOWN
Romania_61,TECHNICAL_FAILURE,DISCUSSED,KNOWN
Romania_61,SYSTEM_MALFUNCTION,DISCUSSED,KNOWN
Romania_62,NOT_APPLICABLE,NOT_APPLICABLE,KNOWN
Romania_63,NOT_APPLICABLE,NOT_APPLICABLE,KNOWN
Romania_65,ORGANIZATIONAL_FAILURE,DISCUSSED,KNOWN
Romania_65,HUMAN_ERROR,DISCUSSED,KNOWN
Romania_67,NOT_APPLICABLE,NOT_APPLICABLE,KNOWN
Romania_68,CYBER_ATTACK,DISCUSSED,KNOWN
Romania_68,ORGANIZATIONAL_FAILURE,DISCUSSED,KNOWN
Romania_69,NOT_APPLICABLE,NOT_APPLICABLE,KNOWN
Romania_70,NOT_APPLICABLE,NOT_APPLICABLE,KNOWN
Romania_72,HUMAN_ERROR,DISCUSSED,KNOWN
Romania_71,TECHNICAL_FAILURE,DISCUSSED,KNOWN
Romania_71,ORGANIZATIONAL_FAILURE,DISCUSSED,KNOWN
Romania_74,NOT_APPLICABLE,NOT_APPLICABLE,KNOWN
Romania_73,HUMAN_ERROR,DISCUSSED,KNOWN
Romania_79,NOT_APPLICABLE,NOT_APPLICABLE,KNOWN
Romania_77,NOT_APPLICABLE,NOT_APPLICABLE,KNOWN
Romania_76,NOT_APPLICABLE,NOT_APPLICABLE,KNOWN
Romania_78,NOT_APPLICABLE,NOT_APPLICABLE,KNOWN
Romania_80,NOT_APPLICABLE,NOT_APPLICABLE,KNOWN
Romania_75,CYBER_ATTACK,DISCUSSED,KNOWN
Romania_82,NOT_APPLICABLE,NOT_APPLICABLE,KNOWN
Romania_81,HUMAN_ERROR,DISCUSSED,KNOWN
Romania_84,NOT_APPLICABLE,NOT_APPLICABLE,KNOWN
Romania_87,HUMAN_ERROR,DISCUSSED,KNOWN
Romania_86,ORGANIZATIONAL_FAILURE,DISCUSSED,KNOWN
Romania_86,HUMAN_ERROR,DISCUSSED,KNOWN
Romania_85,NOT_APPLICABLE,NOT_APPLICABLE,KNOWN
Romania_92,HUMAN_ERROR,DISCUSSED,KNOWN
Romania_91,HUMAN_ERROR,DISCUSSED,KNOWN
Romania_93,HUMAN_ERROR,DISCUSSED,KNOWN
Romania_94,TECHNICAL_FAILURE,DISCUSSED,KNOWN
Romania_94,ORGANIZATIONAL_FAILURE,DISCUSSED,KNOWN
Romania_96,NOT_APPLICABLE,NOT_APPLICABLE,KNOWN
Romania_95,CYBER_ATTACK,DISCUSSED,KNOWN
Romania_100,NOT_APPLICABLE,NOT_APPLICABLE,KNOWN
Romania_99,ORGANIZATIONAL_FAILURE,DISCUSSED,KNOWN
Romania_99,HUMAN_ERROR,DISCUSSED,KNOWN
Romania_102,NOT_APPLICABLE,NOT_APPLICABLE,KNOWN
Romania_101,TECHNICAL_FAILURE,DISCUSSED,KNOWN
Romania_101,ORGANIZATIONAL_FAILURE,DISCUSSED,KNOWN
Romania_98,NOT_APPLICABLE,NOT_APPLICABLE,KNOWN
Romania_103,NOT_APPLICABLE,NOT_APPLICABLE,KNOWN
Romania_107,NOT_APPLICABLE,NOT_APPLICABLE,KNOWN
Romania_108,NOT_APPLICABLE,NOT_APPLICABLE,KNOWN
Romania_110,ORGANIZATIONAL_FAILURE,DISCUSSED,KNOWN
Romania_110,HUMAN_ERROR,DISCUSSED,KNOWN
Romania_109,NOT_APPLICABLE,NOT_APPLICABLE,KNOWN
Romania_113,HUMAN_ERROR,DISCUSSED,KNOWN
Romania_113,ORGANIZATIONAL_FAILURE,DISCUSSED,KNOWN
Romania_112,NOT_APPLICABLE,NOT_APPLICABLE,KNOWN
Romania_116,ORGANIZATIONAL_FAILURE,DISCUSSED,KNOWN
Romania_114,NOT_APPLICABLE,NOT_APPLICABLE,KNOWN
Romania_117,TECHNICAL_FAILURE,DISCUSSED,KNOWN
Romania_117,ORGANIZATIONAL_FAILURE,DISCUSSED,KNOWN
Romania_121,ORGANIZATIONAL_FAILURE,DISCUSSED,KNOWN
Romania_120,NOT_APPLICABLE,NOT_APPLICABLE,KNOWN
Romania_119,HUMAN_ERROR,DISCUSSED,KNOWN
Romania_122,NOT_APPLICABLE,NOT_APPLICABLE,KNOWN
Romania_123,HUMAN_ERROR,DISCUSSED,KNOWN
Romania_125,HUMAN_ERROR,DISCUSSED,KNOWN
Romania_125,ORGANIZATIONAL_FAILURE,DISCUSSED,KNOWN
Romania_124,CYBER_ATTACK,DISCUSSED,KNOWN
Romania_127,HUMAN_ERROR,DISCUSSED,KNOWN
Romania_128,TECHNICAL_FAILURE,DISCUSSED,KNOWN
Romania_128,ORGANIZATIONAL_FAILURE,DISCUSSED,KNOWN
Romania_126,NOT_APPLICABLE,NOT_APPLICABLE,KNOWN
Romania_130,NOT_APPLICABLE,NOT_APPLICABLE,KNOWN
Romania_131,HUMAN_ERROR,DISCUSSED,KNOWN
Romania_129,HUMAN_ERROR,DISCUSSED,KNOWN
Romania_132,NOT_APPLICABLE,NOT_APPLICABLE,KNOWN
Romania_134,ORGANIZATIONAL_FAILURE,DISCUSSED,KNOWN
Romania_133,NOT_APPLICABLE,NOT_APPLICABLE,KNOWN
Romania_135,NOT_APPLICABLE,NOT_APPLICABLE,KNOWN
Romania_138,HUMAN_ERROR,DISCUSSED,KNOWN
Romania_136,CYBER_ATTACK,DISCUSSED,KNOWN
Romania_137,NOT_APPLICABLE,NOT_APPLICABLE,KNOWN
Romania_139,NOT_APPLICABLE,NOT_APPLICABLE,KNOWN
Romania_142,NOT_APPLICABLE,NOT_APPLICABLE,KNOWN
Romania_143,NOT_APPLICABLE,NOT_APPLICABLE,KNOWN
Romania_141,TECHNICAL_FAILURE,MIXED_CONTRADICTORY,KNOWN
Romania_141,ORGANIZATIONAL_FAILURE,MIXED_CONTRADICTORY,KNOWN
Romania_141,CYBER_ATTACK,MIXED_CONTRADICTORY,KNOWN
Romania_141,HUMAN_ERROR,MIXED_CONTRADICTORY,KNOWN
Romania_141,SYSTEM_MALFUNCTION,MIXED_CONTRADICTORY,KNOWN
Romania_141,NOT_APPLICABLE,MIXED_CONTRADICTORY,KNOWN
Romania_141,NOT_MENTIONED,MIXED_CONTRADICTORY,KNOWN
Romania_141,UNCLEAR NOT_APPLICABLE,MIXED_CONTRADICTORY,UNKNOWN
Romania_140,NOT_APPLICABLE,NOT_APPLICABLE,KNOWN
Romania_145,TECHNICAL_FAILURE,MIXED_CONTRADICTORY,KNOWN
Romania_145,ORGANIZATIONAL_FAILURE,MIXED_CONTRADICTORY,KNOWN
Romania_145,CYBER_ATTACK,MIXED_CONTRADICTORY,KNOWN
Romania_145,HUMAN_ERROR,MIXED_CONTRADICTORY,KNOWN
Romania_145,SYSTEM_MALFUNCTION,MIXED_CONTRADICTORY,KNOWN
Romania_145,NOT_APPLICABLE,MIXED_CONTRADICTORY,KNOWN
Romania_145,NOT_MENTIONED,MIXED_CONTRADICTORY,KNOWN
Romania_145,UNCLEAR ORGANIZATIONAL_FAILURE,MIXED_CONTRADICTORY,UNKNOWN
Romania_144,NOT_APPLICABLE,NOT_APPLICABLE,KNOWN
Romania_146,HUMAN_ERROR,DISCUSSED,KNOWN
Romania_146,ORGANIZATIONAL_FAILURE,DISCUSSED,KNOWN
Romania_148,NOT_APPLICABLE,NOT_APPLICABLE,KNOWN
Romania_153,HUMAN_ERROR,DISCUSSED,KNOWN
Romania_153,ORGANIZATIONAL_FAILURE,DISCUSSED,KNOWN
Romania_150,NOT_APPLICABLE,NOT_APPLICABLE,KNOWN
Romania_156,ORGANIZATIONAL_FAILURE,DISCUSSED,KNOWN
Romania_156,HUMAN_ERROR,DISCUSSED,KNOWN
Romania_151,NOT_APPLICABLE,NOT_APPLICABLE,KNOWN
Romania_152,TECHNICAL_FAILURE,DISCUSSED,KNOWN
Romania_152,ORGANIZATIONAL_FAILURE,DISCUSSED,KNOWN
Romania_154,NOT_APPLICABLE,NOT_APPLICABLE,KNOWN
Romania_158,ORGANIZATIONAL_FAILURE,DISCUSSED,KNOWN
Romania_158,HUMAN_ERROR,DISCUSSED,KNOWN
Romania_159,ORGANIZATIONAL_FAILURE,DISCUSSED,KNOWN
Romania_159,HUMAN_ERROR,DISCUSSED,KNOWN
Romania_157,NOT_APPLICABLE,NOT_APPLICABLE,KNOWN
Romania_155,NOT_APPLICABLE,NOT_APPLICABLE,KNOWN
Romania_161,CYBER_ATTACK,DISCUSSED,KNOWN
Romania_162,HUMAN_ERROR,DISCUSSED,KNOWN
Romania_163,NOT_APPLICABLE,NOT_APPLICABLE,KNOWN
Romania_165,HUMAN_ERROR,DISCUSSED,KNOWN
Romania_165,ORGANIZATIONAL_FAILURE,DISCUSSED,KNOWN
Romania_167,HUMAN_ERROR,DISCUSSED,KNOWN
Romania_164,NOT_APPLICABLE,NOT_APPLICABLE,KNOWN
Romania_166,TECHNICAL_FAILURE,DISCUSSED,KNOWN
Romania_166,ORGANIZATIONAL_FAILURE,DISCUSSED,KNOWN
Romania_170,NOT_APPLICABLE,NOT_APPLICABLE,KNOWN
Romania_171,HUMAN_ERROR,DISCUSSED,KNOWN
Romania_174,NOT_APPLICABLE,NOT_APPLICABLE,KNOWN
Romania_175,NOT_APPLICABLE,NOT_APPLICABLE,KNOWN
Romania_172,NOT_APPLICABLE,NOT_APPLICABLE,KNOWN
Romania_176,CYBER_ATTACK,DISCUSSED,KNOWN
Portugal_11,NOT_APPLICABLE,NOT_APPLICABLE,KNOWN
Portugal_1,NOT_APPLICABLE,NOT_APPLICABLE,KNOWN
Romania_177,CYBER_ATTACK,DISCUSSED,KNOWN
Portugal_3,NOT_APPLICABLE,NOT_APPLICABLE,KNOWN
Portugal_5,NOT_APPLICABLE,NOT_APPLICABLE,KNOWN
Portugal_10,NOT_APPLICABLE,NOT_APPLICABLE,KNOWN
Poland_1,TECHNICAL_FAILURE,DISCUSSED,KNOWN
Poland_1,CYBER_ATTACK,DISCUSSED,KNOWN
Portugal_4,NOT_APPLICABLE,NOT_APPLICABLE,KNOWN
Poland_4,ORGANIZATIONAL_FAILURE,DISCUSSED,KNOWN
Poland_5,NOT_APPLICABLE,NOT_APPLICABLE,KNOWN
Portugal_12,NOT_APPLICABLE,NOT_APPLICABLE,KNOWN
Portugal_13,NOT_APPLICABLE,NOT_APPLICABLE,KNOWN
Poland_8,NOT_APPLICABLE,NOT_APPLICABLE,KNOWN
Poland_3,NOT_APPLICABLE,NOT_APPLICABLE,KNOWN
Poland_2,NOT_APPLICABLE,NOT_APPLICABLE,KNOWN
Poland_7,NOT_APPLICABLE,NOT_APPLICABLE,KNOWN
Poland_9,NOT_APPLICABLE,NOT_APPLICABLE,KNOWN
Poland_10,NOT_APPLICABLE,NOT_APPLICABLE,KNOWN
Poland_6,HUMAN_ERROR,DISCUSSED,KNOWN
Poland_13,NOT_APPLICABLE,NOT_APPLICABLE,KNOWN
Poland_12,NOT_APPLICABLE,NOT_APPLICABLE,KNOWN
Poland_14,HUMAN_ERROR,DISCUSSED,KNOWN
Poland_15,HUMAN_ERROR,DISCUSSED,KNOWN
Poland_16,HUMAN_ERROR,DISCUSSED,KNOWN
Poland_19,NOT_APPLICABLE,NOT_APPLICABLE,KNOWN
Poland_18,NOT_APPLICABLE,NOT_APPLICABLE,KNOWN
Poland_17,TECHNICAL_FAILURE,DISCUSSED,KNOWN
Poland_20,NOT_APPLICABLE,NOT_APPLICABLE,KNOWN
Poland_21,NOT_APPLICABLE,NOT_APPLICABLE,KNOWN
Poland_24,TECHNICAL_FAILURE,DISCUSSED,KNOWN
Poland_24,ORGANIZATIONAL_FAILURE,DISCUSSED,KNOWN
Poland_24,HUMAN_ERROR,DISCUSSED,KNOWN
Poland_22,CYBER_ATTACK,DISCUSSED,KNOWN
