feature,coef,std_err,p_value,conf_low,conf_high
breach_case,-0.008907301009891698,0.06993981459744698,0.8986581191726428,-0.14598681870629654,0.12817221668651313
n_principles_discussed,-0.567635456456605,0.07952844650477942,9.503345753200842e-13,-0.7235083473523929,-0.411762565560817
n_principles_violated,0.5882097352705343,0.08690939097926331,1.3050234254522328e-11,0.417870459032868,0.7585490115082006
n_corrective_measures,2.3167749878162036,0.09550177262834525,5.3168990499538964e-130,2.1295949530049136,2.5039550226274936
turnover_log1p,0.20923097687932513,0.06136335455961628,0.0006503302646803623,0.08896101197191551,0.3295009417867347
decision_year_centered,0.021454664272894934,0.05003092502136044,0.6680483604173766,-0.07660414688219536,0.11951347542798524
art33_required_flag,0.22039270293678115,0.35362890230977534,0.5331323456332862,-0.47270720948281164,0.9134926153563739
art33_submitted_flag,0.2145953881727889,0.4327801661944191,0.6199980558957061,-0.6336381507915316,1.0628289271371094
art33_timely_flag,-0.30868270201854314,0.3140661833464309,0.3256769533287751,-0.9242411101395009,0.3068757061024147
art34_required_flag,-0.24115704741408514,0.3745194984641547,0.5196334554415771,-0.9752017759118325,0.4928876810836622
subjects_notified_flag,0.31687070860360844,0.39837140363457146,0.42637196420901835,-0.4639228949908204,1.0976643121980372
q15_case_initiation_BREACH_NOTIFICATION,0.7826979381929872,0.3408003670985668,0.021638949091751236,0.11474149276176704,1.4506543836242072
q15_case_initiation_EX_OFFICIO_DPA_INITIATIVE,-0.1404214268666297,0.15933452758794175,0.37815577954434676,-0.45271136243269916,0.1718685086994398
q15_case_initiation_MEDIA_PUBLIC_ATTENTION,0.5130647832423626,0.4444125536722532,0.24830400674181807,-0.35796781623272733,1.3840973827174525
q25_sensitive_data_ARTICLE_9_SPECIAL_CATEGORY,-0.062306572121201054,0.17106916761404733,0.7156947813624192,-0.39759597950997966,0.27298283526757755
q25_sensitive_data_ARTICLE_10_CRIMINAL,-1.9146364270621021,0.5958830246589885,0.0013130697070212409,-3.0825456943925125,-0.7467271597316918
q28_mitigations_IMMEDIATE_CONTAINMENT,-0.04819563378595111,0.2760919250233217,0.861422457210939,-0.5893258632539946,0.49293459568209236
q28_mitigations_SECURITY_IMPROVEMENTS,-0.4607778210007458,0.3098483529647129,0.13698641124745456,-1.0680694334806375,0.146513791479146
q28_mitigations_COOPERATION_WITH_DPA,0.04138315954094513,0.3042694098079587,0.8918147341136589,-0.5549739252799122,0.6377402443618025
q41_aggrav_PREVIOUS_INFRINGEMENTS,0.5800604567112241,0.23363977496344007,0.0130386168684136,0.1221349124268385,1.0379860009956097
q41_aggrav_INTENT_NEGLIGENCE,1.2746912889224409,0.1724531525612984,1.4515742724388552e-13,0.9366893208819047,1.612693256962977
q42_mitig_COOPERATION_WITH_AUTHORITY,0.7983500758390318,0.156819803322349,3.564142244441289e-07,0.4909889092645731,1.1057112424134905
q46_vuln_CHILDREN,0.08483170187575989,0.20202368125279047,0.6745514268536612,-0.31112743740390914,0.4807908411554289
q46_vuln_EMPLOYEES,0.3672097113881893,0.16247459674720602,0.023814710880338565,0.04876535336099691,0.6856540694153817
q46_vuln_FINANCIALLY_VULNERABLE,0.26201207978049296,0.33301643850989476,0.4314081907939121,-0.39068814595869833,0.9147123055196842
q21_breach_types_count,0.2031774462056522,0.07956933192869062,0.010665722054965845,0.04722442135150559,0.3591304710597988
q25_sensitive_data_count,0.34006443392022734,0.11559967187788259,0.0032637150016944557,0.11349324041492975,0.5666356274255249
q28_mitigations_count,-0.27367511921477317,0.14021292374027677,0.050955572170496954,-0.5484873999127768,0.0011371614832304533
q41_aggrav_count,0.4639398950381548,0.11282385996988642,3.9212306412354464e-05,0.2428091929003871,0.6850705971759226
q42_mitig_count,-0.02066436272987975,0.09990322447688212,0.8361318471646819,-0.2164710846439891,0.17514235918422957
q46_vuln_count,0.06496982691353388,0.09702462688074233,0.5030987714379328,-0.12519494738615788,0.2551346012132257
q47_remedial_count,0.04676897927171881,0.07835641213928166,0.5505908755756549,-0.10680676647905032,0.20034472502248793
country_group_EU,1.1293215359336097,0.18631714365023097,1.350372812651385e-09,0.7641466446767814,1.494496427190438
country_group_EU_INSTITUTION,-2.4336754233424536,7.054600347907185,0.7301116022889833,-16.26043803056427,11.393087183879363
country_group_NON_EEA,-0.13999726218412736,0.2955958115728188,0.6357777297632046,-0.7193544068477402,0.43935988247948554
country_group_UNKNOWN,-10.364467903936527,80.83251485480204,0.8979736702986292,-168.79328579914744,148.0643499912744
isic_section_C,1.6175324150459203,2.2212243308203603,0.4664810099040645,-2.7359872749460683,5.971052105037908
isic_section_D,0.5964483602400773,2.178351614976067,0.7842327888158871,-3.673042350777677,4.865939071257832
isic_section_E,0.9645041528880852,2.2660399770516246,0.670374402691433,-3.4768525896610694,5.40586089543724
isic_section_F,-0.28936862505384864,2.5381850952670817,0.9092329449867799,-5.264119997873695,4.685382747765998
isic_section_G,0.7088338294846688,2.157771534026942,0.7425315840359781,-3.520320664073881,4.937988323043219
isic_section_H,0.8329589992097612,2.1591517256475585,0.6996591123808937,-3.398900620216961,5.064818618636483
isic_section_I,1.2454039362237548,2.2001328818418533,0.571354008027076,-3.0667772733885954,5.557585145836105
isic_section_J,0.194401732826681,2.1391805911474933,0.9275905419898514,-3.9983151822495078,4.38711864790287
isic_section_K,0.532677866955006,2.1423450183123274,0.8036373861108645,-3.666241211395958,4.73159694530597
isic_section_L,2.7182048041873177,2.2588972429440357,0.22884761937189557,-1.7091524367598172,7.145562045134453
isic_section_M,0.9406233502247696,2.1855385750846974,0.6669154948929853,-3.342953543764226,5.224200244213765
isic_section_N,1.3260946200826367,2.175242131262819,0.542106398110878,-2.9373016148466378,5.589490855011912
isic_section_O,0.005742937055579239,2.13823168512108,0.9978570164622055,-4.1851141563841265,4.1966000304952855
isic_section_P,0.026782829112881632,2.1712797702484363,0.9901583092885214,-4.228847320934457,4.2824129791602195
isic_section_Q,0.561700243895004,2.145220735230135,0.7934463636715827,-3.642855136044596,4.766255623834604
isic_section_R,0.3192770422882487,2.192190118704019,0.8842032579536859,-3.9773366376362143,4.615890722212712
isic_section_S,0.639971770908974,2.1750087905319724,0.7685755063057662,-3.622967124591714,4.902910666409662
isic_section_UNKNOWN,0.386218075795288,2.1359367948462507,0.8565096048126746,-3.800141115357282,4.5725772669478575
0/2,-1.2093260845297595,2.1289795555354853,0.570014014595962,-5.382049337201403,2.9633971681418836
2/3,0.9956178498718842,0.043996137503085946,2.212784783009321e-113,0.9093870049069638,1.0818486948368047
3/4,0.9769163210197019,0.037557862789886674,3.72177405927933e-149,0.903304262615227,1.0505283794241769
