decision_id,fine_imposed,fine_amount_log,fine_category,severe_measures,remedy_only,article5_violation,rights_violation,enforcement_outcome,fine_amount_log_missing
Norway_62,1,10.192456296870509,2,0,0,0,1,1,0
Spain_190,1,6.2166061010848646,1,1,0,0,1,2,0
Netherlands_19,1,6.3306117741784975,1,0,0,0,1,1,0
Italy_222,1,9.798182590890704,2,1,0,1,0,2,0
Spain_9,0,0.0,0,0,0,0,1,0,0
Greece_104,1,9.90353755128617,2,1,0,1,1,2,0
United Kingdom_39,0,0.0,0,1,1,1,1,1,0
Iceland_89,0,0.0,0,1,1,1,1,1,0
Italy_218,1,9.61587214452889,2,1,0,1,1,2,0
Spain_202,1,10.645448706505872,2,0,0,0,1,1,0
Spain_70,0,0.0,0,0,0,0,1,0,0
Italy_300,1,9.210440366976517,1,1,0,1,1,2,0
Germany_39,1,10.915106645867503,2,1,0,1,1,2,0
Iceland_11,0,0.0,0,1,1,1,1,1,0
Italy_3,1,3.4339872044851463,1,1,0,1,1,2,0
Malta_12,1,9.90353755128617,2,1,0,1,1,2,0
Italy_133,0,0.0,0,1,1,1,1,1,0
Germany_4,1,12.429220196836383,3,0,0,0,1,1,0
Romania_27,1,9.221042895109319,2,1,0,1,1,2,0
Iceland_77,0,0.0,0,1,1,1,1,1,0
Italy_176,1,10.714439990727769,2,1,0,1,1,2,0
Italy_117,1,9.90353755128617,2,1,0,1,1,2,0
Spain_523,1,10.778977123006351,2,1,0,1,1,2,0
Sweden_26,0,0.0,0,1,1,0,1,1,0
Spain_25,0,0.0,0,0,0,0,1,0,0
Netherlands_29,1,16.118095750958314,4,1,0,1,1,2,0
Romania_66,1,8.001991339249267,1,0,0,0,0,1,0
Greece_26,1,12.035936543600021,3,1,0,1,1,2,0
Germany_24,0,,-1,1,0,1,1,1,1
Spain_355,1,8.006700845440367,1,1,0,1,0,2,0
Slovenia_23,0,,-1,0,0,0,1,0,1
Spain_384,0,0.0,0,1,1,1,1,1,0
United Kingdom_43,0,0.0,0,1,1,1,1,1,0
Greece_88,1,7.601402334583733,1,1,0,1,1,2,0
France_61,1,12.644330802262578,3,1,0,1,1,2,0
Spain_631,0,0.0,0,0,0,0,1,0,0
Spain_532,0,,-1,0,0,0,1,0,1
Italy_165,1,10.596659732783579,2,1,0,1,1,2,0
Spain_187,1,10.819798284210286,2,0,0,0,1,1,0
Iceland_23,0,0.0,0,0,0,0,1,0,0
Italy_64,1,8.517393171418904,1,1,0,1,1,2,0
Romania_87,1,7.313886831633462,1,1,0,1,0,2,0
Italy_96,1,9.90353755128617,2,1,0,1,1,2,0
Spain_553,1,7.313886831633462,1,1,0,0,1,2,0
Spain_11,0,0.0,0,1,1,1,0,1,0
Italy_8,1,1.6094379124341003,1,0,0,0,0,1,0
Spain_357,1,7.601402334583733,1,1,0,1,1,2,0
Spain_600,0,0.0,0,0,1,1,1,0,0
Finland_2,0,0.0,0,0,1,1,0,0,0
Romania_82,1,8.006700845440367,1,1,0,0,1,2,0
Romania_145,1,6.90875477931522,1,1,0,1,1,2,0
Slovenia_10,0,0.0,0,0,0,1,1,0,0
Finland_19,0,0.0,0,1,1,1,1,1,0
France_21,1,8.006700845440367,1,1,0,1,0,2,0
Germany_1,0,0.0,0,1,1,1,1,1,0
United Kingdom_34,1,9.367429587218957,2,1,0,1,1,2,0
Spain_397,1,14.508658238524095,4,1,0,1,1,2,0
Greece_102,1,8.517393171418904,1,0,0,1,1,1,0
Slovenia_67,0,0.0,0,1,1,1,1,1,0
Greece_61,0,,-1,0,0,0,0,0,1
Romania_137,1,6.904148783388026,1,1,0,0,1,2,0
Romania_176,1,9.898706139779097,2,1,0,1,1,2,0
Ireland_21,0,0.0,0,1,1,1,1,1,0
Spain_162,0,0.0,0,0,0,0,1,0,0
Iceland_17,0,,-1,0,0,0,0,0,1
Italy_43,1,11.225256725762893,2,1,0,1,1,2,0
Poland_64,1,9.127067452782361,1,1,0,1,1,2,0
France_1,0,0.0,0,1,1,1,1,1,0
Sweden_42,1,14.081714365022162,4,1,0,1,0,2,0
Italy_14,1,13.304686600863562,3,1,0,1,0,2,0
Spain_456,0,0.0,0,1,1,0,1,1,0
Romania_33,1,1.0986122886681098,1,1,0,0,1,2,0
France_56,1,11.225256725762893,2,1,0,1,1,2,0
Spain_62,1,11.156264806643742,2,1,0,1,1,2,0
Slovenia_35,0,0.0,0,1,1,0,1,1,0
Italy_171,1,12.611541086966115,3,1,0,1,1,2,0
Greece_66,0,,-1,0,0,0,0,0,1
Latvia_14,1,11.082157933374816,2,1,0,1,1,2,0
Italy_179,0,0.0,0,0,1,0,1,0,0
Spain_628,0,0.0,0,1,1,1,1,1,0
United Kingdom_49,0,0.0,0,1,1,0,1,1,0
Slovenia_36,0,0.0,0,0,0,0,1,0,0
Finland_16,0,0.0,0,0,1,1,1,0,0
Greece_15,1,3.4339872044851463,1,0,0,0,0,1,0
Iceland_103,0,0.0,0,1,1,1,1,1,0
Romania_105,1,7.601402334583733,1,0,0,0,0,1,0
Spain_317,0,0.0,0,1,1,1,1,1,0
Spain_225,1,11.51293546492023,2,1,0,1,1,2,0
Norway_57,1,2.9338568698359038,1,1,0,1,1,2,0
Spain_22,0,0.0,0,0,0,0,0,0,0
Spain_544,1,8.517393171418904,1,1,0,1,1,2,0
Italy_225,1,8.517393171418904,1,1,0,0,1,2,0
Italy_58,1,10.596659732783579,2,1,0,1,1,2,0
Spain_539,0,0.0,0,0,1,1,1,0,0
Italy_142,0,0.0,0,1,1,1,1,1,0
Spain_367,1,9.392745258631441,2,1,0,1,1,2,0
Italy_304,1,11.156264806643742,2,1,0,1,1,2,0
Spain_182,1,14.914123179965662,4,1,0,1,0,2,0
Italy_98,1,3.044522437723423,1,1,0,1,1,2,0
Spain_388,1,8.517393171418904,1,1,0,1,1,2,0
Italy_18,1,8.294299608857235,1,1,0,1,1,2,0
Slovenia_22,0,,-1,0,0,0,1,0,1
Spain_124,1,5.707110264748875,1,1,0,1,1,2,0
Spain_529,0,0.0,0,1,1,1,1,1,0
Iceland_22,0,,-1,0,0,0,0,0,1
Italy_210,1,9.90353755128617,2,1,0,1,1,2,0
Germany_37,1,16.15731646026544,4,1,0,1,1,2,0
Sweden_9,1,10.775847295304315,2,1,0,1,1,2,0
Spain_436,1,10.819798284210286,2,1,0,1,0,2,0
Spain_119,0,0.0,0,1,1,1,1,1,0
Italy_160,1,9.61587214452889,2,1,0,1,1,2,0
Norway_2,0,,-1,0,0,0,0,0,1
Spain_414,0,0.0,0,1,1,1,1,1,0
Slovenia_43,0,0.0,0,1,1,1,1,1,0
Spain_535,1,7.601402334583733,1,1,0,1,1,2,0
Spain_485,0,0.0,0,1,1,1,1,1,0
Sweden_54,0,0.0,0,1,1,0,1,1,0
Spain_426,1,12.04355959836804,3,1,0,1,1,2,0
United Kingdom_55,0,0.0,0,1,1,1,0,1,0
Italy_115,1,8.517393171418904,1,1,0,1,1,2,0
Spain_601,0,0.0,0,0,1,0,1,0,0
Italy_259,1,8.853808274977197,1,1,0,1,1,2,0
Iceland_29,0,0.0,0,0,0,0,1,0,0
Italy_261,1,15.424948670398354,4,1,0,1,1,2,0
Spain_389,1,10.778977123006351,2,1,0,1,0,2,0
Spain_288,0,0.0,0,1,1,1,1,1,0
Netherlands_3,1,13.527829818844937,3,1,0,1,1,2,0
Italy_215,1,14.845130332288226,4,1,0,1,1,2,0
Iceland_31,0,0.0,0,0,0,0,1,0,0
Spain_566,1,11.225256725762893,2,1,0,1,1,2,0
Spain_383,1,7.601402334583733,1,1,0,1,1,2,0
Hungary_32,1,8.962007209588313,1,1,0,1,1,2,0
Finland_41,0,0.0,0,1,1,1,1,1,0
Lithuania_10,1,9.90353755128617,2,1,0,1,1,2,0
United Kingdom_21,1,9.955178267941482,2,1,0,1,0,2,0
Greece_109,0,,-1,0,1,1,1,0,1
Slovenia_73,0,0.0,0,0,0,0,1,0,0
Spain_511,1,8.006700845440367,1,1,0,1,0,2,0
Romania_117,1,1.3827480804932308,1,1,0,1,1,2,0
Poland_57,1,8.93508213639452,1,1,0,1,1,2,0
Italy_92,0,0.0,0,1,1,1,1,1,0
Poland_46,1,6.272877006546167,1,1,0,1,0,2,0
Italy_37,1,8.987321812850125,1,1,0,1,1,2,0
Sweden_11,1,10.169728906753061,2,1,0,0,0,2,0
Spain_51,0,0.0,0,0,0,0,1,0,0
Spain_424,1,7.313886831633462,1,1,0,1,1,2,0
Romania_175,0,0.0,0,1,1,1,1,1,0
Italy_146,0,0.0,0,1,1,1,1,1,0
Spain_163,1,11.156264806643742,2,1,0,1,1,2,0
Malta_11,0,0.0,0,0,1,1,1,0,0
Greece_89,1,8.987321812850125,1,1,0,1,1,2,0
Greece_83,1,9.90353755128617,2,0,0,0,1,1,0
Luxembourg_8,1,7.313886831633462,1,1,0,1,1,2,0
Spain_546,1,11.225256725762893,2,1,0,1,1,2,0
Norway_12,1,9.093918908958932,1,0,0,0,0,1,0
Italy_126,1,7.824445930877619,1,1,0,0,1,2,0
Romania_96,1,1.0887100899899032,1,1,1,0,1,2,0
Romania_4,1,7.990414321968981,1,1,0,1,1,2,0
Spain_326,1,14.962913328262083,4,1,0,1,1,2,0
Italy_258,1,8.294299608857235,1,1,0,1,1,2,0
Spain_69,1,11.002116507732017,2,1,0,1,1,2,0
Hungary_31,0,0.0,0,1,1,1,1,1,0
Luxembourg_16,0,,-1,0,0,0,1,0,1
Finland_34,1,8.77971129020447,1,1,0,1,1,2,0
Romania_101,1,8.021190496541886,1,1,0,1,1,2,0
Spain_59,1,11.289794413577894,2,1,0,1,0,2,0
Germany_18,0,0.0,0,1,1,1,1,1,0
Spain_294,0,0.0,0,1,1,1,1,1,0
Luxembourg_22,1,9.798182590890704,2,1,0,1,1,2,0
Spain_602,0,0.0,0,0,1,0,1,0,0
Spain_464,1,9.210440366976517,1,1,0,1,0,2,0
Luxembourg_11,1,8.216358332386156,1,1,0,1,1,2,0
Netherlands_37,0,0.0,0,1,1,0,1,1,0
Romania_99,1,6.90875477931522,1,1,0,1,1,2,0
Norway_71,1,12.782688818818986,3,1,0,1,0,2,0
Hungary_7,1,13.304686600863562,3,1,0,1,1,2,0
Slovenia_6,0,,-1,0,0,0,1,0,1
Greece_116,1,11.225256725762893,2,1,0,1,1,2,0
Luxembourg_4,1,7.937731775260109,1,1,0,1,1,2,0
Slovenia_38,0,0.0,0,0,0,0,1,0,0
Italy_100,1,8.006700845440367,1,1,0,1,1,2,0
Spain_479,1,10.308985993422082,2,1,0,1,1,2,0
Spain_107,1,10.308985993422082,2,1,0,1,1,2,0
United Kingdom_44,1,14.27261953233582,4,1,0,1,1,2,0
Norway_42,1,10.703266939811954,2,1,0,1,1,2,0
Netherlands_30,1,11.918397239722838,3,1,0,1,0,2,0
Italy_295,1,9.90353755128617,2,1,0,1,1,2,0
Germany_8,1,17.622173069956816,4,1,0,1,0,2,0
Romania_108,1,8.699681400989514,1,1,0,1,1,2,0
Norway_4,1,11.866402300407264,3,1,0,1,0,2,0
Spain_24,0,0.0,0,0,0,0,1,0,0
Spain_517,1,7.313886831633462,1,1,0,1,1,2,0
Spain_528,1,0.9162907318741551,1,0,0,0,1,1,0
Romania_98,1,6.90875477931522,1,1,0,1,1,2,0
Spain_416,1,8.517393171418904,1,1,0,1,1,2,0
Greece_91,1,8.517393171418904,1,1,0,1,1,2,0
Romania_162,1,9.210440366976517,1,1,0,1,1,2,0
Italy_243,1,11.225256725762893,2,1,0,1,1,2,0
Romania_25,1,5.303304908059076,1,1,1,1,1,2,0
France_57,0,0.0,0,1,1,0,1,1,0
Italy_149,0,0.0,0,1,1,1,0,1,0
Slovenia_47,0,0.0,0,0,0,0,1,0,0
Greece_65,0,,-1,0,0,0,0,0,1
Romania_64,1,8.294299608857235,1,0,0,0,0,1,0
Spain_433,1,6.90875477931522,1,1,0,0,1,2,0
Romania_115,1,8.305533448043313,1,0,0,0,0,1,0
Spain_35,0,0.0,0,0,0,0,0,0,0
Spain_527,1,1.791759469228055,1,1,0,1,1,2,0
Spain_164,0,0.0,0,0,1,0,1,0,0
Iceland_75,0,0.0,0,1,1,1,1,1,0
Iceland_41,0,0.0,0,1,1,1,0,1,0
Romania_174,0,0.0,0,1,1,1,1,1,0
Sweden_50,0,0.0,0,1,1,0,1,1,0
Italy_131,0,0.0,0,1,1,1,1,1,0
Italy_201,0,0.0,0,1,1,1,1,1,0
Italy_25,1,7.601402334583733,1,1,0,1,1,2,0
Greece_16,1,2.3978952727983707,1,1,0,1,1,2,0
Spain_285,1,6.90875477931522,1,1,0,1,1,2,0
Spain_526,1,0.9162907318741551,1,1,0,1,1,2,0
Slovenia_45,0,0.0,0,0,0,0,1,0,0
Hungary_40,1,10.165890277802454,2,1,1,1,1,2,0
Italy_227,0,0.0,0,1,1,1,1,1,0
Spain_179,1,9.90353755128617,2,1,0,0,1,2,0
Spain_487,1,9.90353755128617,2,1,0,0,1,2,0
France_45,1,15.894952224644102,4,1,0,1,1,2,0
Spain_272,0,0.0,0,1,1,1,1,1,0
Spain_188,1,13.122365377402328,3,1,0,1,0,2,0
Netherlands_5,1,13.171155446333852,3,1,0,0,1,2,0
Romania_107,1,7.58643835693126,1,1,0,1,1,2,0
Spain_604,0,0.0,0,0,0,0,1,0,0
Spain_8,0,0.0,0,0,0,0,1,0,0
Spain_189,1,8.922791623969637,1,1,0,1,1,2,0
Spain_211,1,10.085850775128717,2,1,0,1,1,2,0
Spain_359,1,13.304686600863562,3,1,0,1,0,2,0
Norway_11,1,9.499346567390095,2,1,0,1,1,2,0
Greece_70,0,0.0,0,0,0,0,0,0,0
Spain_176,1,12.793862088206213,3,1,0,1,0,2,0
Netherlands_17,1,9.392745258631441,2,1,0,1,1,2,0
Norway_20,1,11.108724557423686,2,1,0,1,0,2,0
Spain_283,1,15.910456409256991,4,1,0,1,1,2,0
Spain_344,0,0.0,0,1,1,1,1,1,0
United Kingdom_60,1,11.649735227861635,3,1,0,1,0,2,0
Romania_92,1,9.61587214452889,2,1,0,1,1,2,0
Romania_63,1,8.853808274977197,1,1,0,1,1,2,0
Slovenia_51,0,0.0,0,0,0,1,1,0,0
Spain_374,1,3.9318256327243257,1,0,1,1,1,1,0
Spain_299,1,10.308985993422082,2,1,0,1,1,2,0
Iceland_81,1,11.309596795779068,2,1,0,1,0,2,0
Lithuania_3,1,9.61587214452889,2,1,0,1,1,2,0
Greece_76,1,8.517393171418904,1,0,0,0,1,1,0
Spain_27,0,0.0,0,0,0,0,0,0,0
Portugal_1,1,12.899222326086994,3,1,0,1,1,2,0
Norway_47,1,9.093918908958932,1,1,1,1,1,2,0
Germany_36,1,6.803505257608338,1,1,0,1,1,2,0
Spain_116,1,8.006700845440367,1,1,0,1,0,2,0
Italy_78,0,0.0,0,1,1,1,0,1,0
Greece_50,0,,-1,0,0,0,1,0,1
Norway_27,1,10.010142230404668,2,1,0,1,1,2,0
Iceland_98,1,10.434145214930487,2,1,0,1,1,2,0
Greece_71,1,6.90875477931522,1,1,0,1,1,2,0
Italy_89,1,10.819798284210286,2,1,0,1,1,2,0
Spain_575,1,10.915106645867503,2,1,0,1,1,2,0
Spain_237,1,10.645448706505872,2,1,0,1,1,2,0
Hungary_54,0,0.0,0,0,0,0,1,0,0
Slovenia_37,0,0.0,0,0,0,0,1,0,0
Hungary_57,1,7.0909098220799835,1,1,0,1,1,2,0
Spain_627,0,0.0,0,1,1,1,0,1,0
Spain_419,1,9.392745258631441,2,1,0,1,1,2,0
Italy_59,1,3.044522437723423,1,1,0,1,1,2,0
Romania_91,1,9.205307729448108,1,1,0,1,1,2,0
Spain_395,1,11.51293546492023,2,1,0,0,1,2,0
Greece_110,0,,-1,0,0,0,1,0,1
Iceland_80,0,0.0,0,0,0,0,1,0,0
Spain_123,1,7.601402334583733,1,1,0,1,1,2,0
France_4,0,,-1,0,0,0,1,0,1
Poland_53,1,7.751475318021456,1,1,0,1,0,2,0
Italy_114,1,14.508658238524095,4,1,0,1,1,2,0
Norway_23,0,0.0,0,0,0,0,1,0,0
Spain_592,0,0.0,0,0,1,1,1,0,0
Spain_512,1,1.252762968495368,1,0,0,0,1,1,0
Spain_255,1,11.225256725762893,2,1,0,1,1,2,0
Spain_612,0,0.0,0,0,0,0,1,0,0
Greece_55,0,,-1,0,0,0,0,0,1
Spain_364,1,8.006700845440367,1,1,0,1,1,2,0
Italy_247,1,8.412054873292933,1,1,0,1,1,2,0
Spain_360,1,7.3783837129967145,1,1,0,0,1,2,0
Germany_14,0,0.0,0,0,0,0,1,0,0
Italy_232,1,11.51293546492023,2,1,0,1,1,2,0
Greece_79,1,3.713572066704308,1,0,0,0,0,1,0
Spain_105,0,0.0,0,1,1,1,1,1,0
Romania_113,1,7.972810784121404,1,1,0,1,1,2,0
Italy_256,1,13.815511557963774,3,1,0,1,1,2,0
Poland_40,1,7.438971592395862,1,1,0,1,0,2,0
Italy_314,0,,-1,1,1,1,1,1,1
Spain_513,1,3.9318256327243257,1,1,0,1,1,2,0
Spain_399,1,9.392745258631441,2,1,0,1,1,2,0
Spain_95,0,0.0,0,0,0,0,1,0,0
Finland_36,0,0.0,0,1,1,1,1,1,0
Spain_545,1,4.2626798770413155,1,1,0,1,1,2,0
Netherlands_31,1,15.373655386537118,4,1,0,1,1,2,0
Romania_159,1,8.695874798289596,1,1,1,1,1,2,0
Netherlands_16,1,13.017005083966255,3,1,0,1,0,2,0
Spain_306,1,8.006700845440367,1,1,0,0,1,2,0
Spain_567,1,14.914123179965662,4,1,0,1,1,2,0
Italy_284,1,8.517393171418904,1,1,0,1,1,2,0
Spain_429,0,0.0,0,1,1,1,0,1,0
Italy_22,1,6.90875477931522,1,1,0,1,1,2,0
Romania_146,1,10.239995502805316,2,1,0,1,1,2,0
Romania_58,1,7.601402334583733,1,1,0,1,1,2,0
Spain_497,1,8.699681400989514,1,1,0,1,1,2,0
Spain_40,1,7.313886831633462,1,1,0,1,1,2,0
Iceland_58,0,0.0,0,1,1,1,1,1,0
Romania_55,1,9.90353755128617,2,0,0,0,0,1,0
Iceland_4,0,0.0,0,1,1,1,1,1,0
Hungary_36,1,10.165890277802454,2,1,0,1,1,2,0
United Kingdom_25,0,0.0,0,1,1,1,0,1,0
Germany_16,0,0.0,0,1,1,1,1,1,0
Luxembourg_1,0,0.0,0,1,1,0,1,1,0
Spain_434,1,8.006700845440367,1,1,0,1,1,2,0
Romania_129,1,8.517393171418904,1,1,0,1,1,2,0
Romania_7,1,8.006700845440367,1,1,0,0,1,2,0
Italy_272,1,9.210440366976517,1,1,0,1,1,2,0
Slovenia_21,0,0.0,0,0,0,0,1,0,0
Slovenia_76,0,,-1,0,0,0,0,0,1
Romania_15,1,6.89235733680204,1,1,0,1,1,2,0
Spain_334,1,10.819798284210286,2,1,0,1,1,2,0
Spain_587,0,0.0,0,1,1,0,1,1,0
Iceland_72,0,0.0,0,1,1,1,1,1,0
Romania_167,1,7.596693614768028,1,1,1,1,1,2,0
Spain_23,0,,-1,0,0,0,1,0,1
Romania_164,1,9.611342201123678,2,1,0,1,1,2,0
Spain_291,0,0.0,0,1,1,1,1,1,0
Spain_157,1,11.695255355062795,3,1,0,1,1,2,0
Ireland_29,0,,-1,1,1,1,1,1,1
Greece_123,1,11.918397239722838,3,1,0,1,1,2,0
Spain_83,0,0.0,0,1,1,1,0,1,0
Romania_132,1,7.596291846984399,1,1,0,1,1,2,0
Finland_40,0,,-1,1,1,1,1,1,1
France_68,1,11.289794413577894,2,1,0,1,1,2,0
Hungary_18,1,12.245298166364206,3,1,0,1,1,2,0
Spain_304,0,0.0,0,1,1,1,1,1,0
Greece_64,1,1.3862943611198906,1,1,1,0,1,2,0
Greece_22,0,0.0,0,1,1,1,1,1,0
United Kingdom_40,1,12.041498664683656,3,1,0,0,1,2,0
Spain_64,1,11.156264806643742,2,1,0,1,1,2,0
Romania_51,1,6.2166061010848646,1,1,0,0,1,2,0
Ireland_18,1,11.002116507732017,2,0,0,0,0,1,0
Spain_586,0,,-1,0,0,0,0,0,1
Norway_13,1,13.005831808336863,3,1,0,1,0,2,0
Greece_1,1,6.90875477931522,1,1,0,0,1,2,0
Malta_7,1,11.082157933374816,2,1,0,1,1,2,0
Ireland_17,1,10.021315031649332,2,1,0,1,1,2,0
Spain_109,1,8.517393171418904,1,1,0,0,1,2,0
Spain_543,1,8.006700845440367,1,1,0,1,1,2,0
Italy_244,1,9.61587214452889,2,1,0,1,1,2,0
United Kingdom_29,1,11.775297421715827,3,1,0,1,1,2,0
Greece_11,0,,-1,0,0,0,1,0,1
Iceland_86,0,0.0,0,0,0,0,1,0,0
Italy_250,0,0.0,0,1,1,1,1,1,0
Hungary_15,0,0.0,0,1,1,1,1,1,0
Spain_504,0,0.0,0,1,1,1,0,1,0
Finland_31,0,,-1,0,0,0,1,0,1
Spain_98,0,0.0,0,1,1,1,1,1,0
Spain_153,1,11.184435286790631,2,1,0,1,1,2,0
Greece_38,0,0.0,0,0,1,1,1,0,0
Iceland_63,0,0.0,0,0,1,1,0,0,0
Germany_27,0,0.0,0,1,1,1,1,1,0
Spain_307,1,8.006700845440367,1,1,0,1,1,2,0
Sweden_43,1,11.843674210764698,3,1,0,1,1,2,0
Spain_193,1,11.51293546492023,2,1,0,1,1,2,0
Spain_21,0,0.0,0,0,0,0,1,0,0
Spain_161,1,12.206077645517674,3,1,0,1,1,2,0
Norway_37,0,0.0,0,0,1,1,1,0,0
Italy_139,1,8.853808274977197,1,0,0,0,0,1,0
Greece_9,1,8.517393171418904,1,1,0,0,1,2,0
Spain_135,1,6.398594934535208,1,1,0,1,1,2,0
Spain_584,1,7.601402334583733,1,0,0,0,1,1,0
Poland_52,1,7.741099090035366,1,1,0,1,1,2,0
Iceland_37,0,0.0,0,0,0,0,1,0,0
Italy_238,1,9.90353755128617,2,1,0,1,1,2,0
France_26,0,0.0,0,1,1,1,1,1,0
Hungary_55,0,0.0,0,1,1,1,1,1,0
Spain_86,1,7.0909098220799835,1,1,0,1,1,2,0
Slovenia_77,0,0.0,0,1,1,0,1,1,0
Netherlands_14,1,12.994532278619134,3,1,0,1,1,2,0
Spain_583,1,11.156264806643742,2,1,0,1,1,2,0
France_9,0,0.0,0,1,1,1,1,1,0
Spain_562,1,8.987321812850125,1,1,0,1,1,2,0
Spain_100,1,8.699681400989514,1,1,0,1,1,2,0
Romania_148,1,8.511557339797609,1,1,0,1,1,2,0
Spain_26,0,0.0,0,0,0,0,0,0,0
Spain_371,1,4.04305126783455,1,1,0,1,1,2,0
Slovenia_41,0,0.0,0,0,0,0,1,0,0
Sweden_14,1,9.76428295481558,2,1,0,1,1,2,0
France_54,1,11.561725152903833,3,1,0,1,1,2,0
Greece_20,0,0.0,0,0,0,0,1,0,0
Sweden_24,1,13.938613639271164,4,1,0,1,1,2,0
Spain_54,1,10.933124826700707,2,1,0,1,1,2,0
Romania_168,1,7.591155108087202,1,0,0,0,0,1,0
Italy_1,1,11.407576060361786,2,1,0,1,1,2,0
Italy_166,1,12.384223015005313,3,1,0,1,0,2,0
Italy_71,0,0.0,0,0,1,1,1,0,0
Greece_28,1,14.899056923420016,4,1,0,1,1,2,0
Romania_36,1,8.517393171418904,1,1,0,1,0,2,0
Spain_256,1,10.085850775128717,2,1,0,1,1,2,0
Spain_250,0,0.0,0,1,1,1,1,1,0
Spain_581,1,9.210440366976517,1,1,0,1,1,2,0
Italy_220,1,8.517393171418904,1,1,0,1,1,2,0
Italy_252,1,9.90353755128617,2,1,0,1,1,2,0
Slovenia_72,0,0.0,0,1,1,0,1,1,0
Spain_61,1,9.210440366976517,1,1,0,1,1,2,0
Spain_57,1,8.517393171418904,1,1,0,1,1,2,0
Spain_97,1,12.793862088206213,3,1,0,1,1,2,0
Spain_578,0,0.0,0,0,0,0,1,0,0
Spain_47,1,1.3862943611198906,1,1,0,1,1,2,0
Spain_3,0,0.0,0,1,1,1,1,1,0
Spain_252,0,0.0,0,1,1,0,1,1,0
Romania_69,1,10.596659732783579,2,1,0,1,1,2,0
Italy_42,0,0.0,0,1,1,1,1,1,0
Romania_143,1,5.69439185380283,1,1,0,0,1,2,0
Spain_455,1,10.308985993422082,2,1,0,1,1,2,0
Spain_226,1,11.472113887062386,2,1,0,0,1,2,0
Greece_46,1,8.517393171418904,1,1,0,1,1,2,0
Italy_116,1,11.51293546492023,2,1,0,1,1,2,0
Iceland_26,0,0.0,0,0,0,0,1,0,0
Italy_288,1,10.12667110305036,2,1,0,1,0,2,0
Poland_44,1,7.741099090035366,1,1,0,1,1,2,0
Greece_32,1,7.601402334583733,1,1,0,1,1,2,0
Sweden_51,0,0.0,0,1,1,1,0,1,0
Spain_597,0,0.0,0,0,1,0,1,0,0
Spain_297,1,10.596659732783579,2,1,0,1,1,2,0
Slovenia_3,0,0.0,0,0,1,1,1,0,0
Slovenia_42,0,0.0,0,0,0,0,1,0,0
Italy_267,1,13.710151153416941,3,1,0,1,1,2,0
Spain_177,1,12.506180941677357,3,1,0,1,1,2,0
Spain_325,0,0.0,0,1,1,1,1,1,0
Italy_263,0,,-1,0,0,0,0,0,1
Luxembourg_15,1,9.83633227734872,2,1,0,0,1,2,0
Slovenia_74,0,0.0,0,0,1,1,1,0,0
Spain_576,1,6.175867270105761,1,1,0,1,1,2,0
Slovenia_29,0,0.0,0,0,0,0,1,0,0
France_15,1,13.122365377402328,3,0,0,0,0,1,0
Spain_172,1,12.100717685412471,3,1,0,1,1,2,0
Sweden_48,0,0.0,0,1,1,1,1,1,0
United Kingdom_51,1,10.060534035475412,2,1,0,0,1,2,0
Romania_26,1,7.601402334583733,1,1,0,1,1,2,0
Slovenia_55,0,0.0,0,0,0,0,1,0,0
Spain_445,1,8.699681400989514,1,1,0,1,1,2,0
Finland_4,1,12.994532278619134,3,1,0,1,1,2,0
Norway_8,1,12.495007682693725,3,0,0,0,0,1,0
Netherlands_7,1,13.171155446333852,3,1,0,1,1,2,0
Romania_124,1,7.824445930877619,1,1,0,1,1,2,0
Spain_473,1,8.294299608857235,1,1,0,1,1,2,0
France_14,1,12.899222326086994,3,1,0,1,1,2,0
Romania_138,1,8.002091772787459,1,1,0,1,1,2,0
Spain_233,1,11.695255355062795,3,1,0,1,1,2,0
Italy_266,1,9.99884318585288,2,1,0,1,1,2,0
Italy_273,0,0.0,0,0,0,1,1,0,0
Norway_6,1,11.39640288460621,2,1,0,1,1,2,0
Spain_420,1,10.819798284210286,2,1,0,1,1,2,0
Romania_88,1,8.294299608857235,1,0,0,0,0,1,0
Iceland_97,0,0.0,0,0,0,0,1,0,0
Spain_82,1,11.156264806643742,2,1,0,1,1,2,0
Lithuania_9,0,0.0,0,0,0,0,1,0,0
Iceland_33,0,0.0,0,0,0,0,1,0,0
Spain_195,1,9.210440366976517,1,1,0,1,0,2,0
Spain_481,1,11.156264806643742,2,1,0,1,1,2,0
Norway_56,0,0.0,0,0,0,1,0,0,0
Spain_347,1,8.006700845440367,1,1,0,1,1,2,0
Italy_257,1,9.210440366976517,1,1,0,0,1,2,0
France_17,1,14.626441218624949,4,0,0,0,0,1,0
Iceland_13,0,0.0,0,0,0,0,1,0,0
Latvia_5,0,,-1,0,0,0,0,0,1
Italy_301,1,9.90353755128617,2,1,0,1,1,2,0
United Kingdom_36,1,2.337952236831337,1,0,0,0,0,1,0
Spain_156,1,15.201805169084134,4,1,0,1,1,2,0
Hungary_6,1,10.883710371704016,2,1,0,1,1,2,0
Spain_253,0,0.0,0,1,1,1,1,1,0
Norway_17,1,3.6000482404073204,1,1,0,1,0,2,0
Spain_593,0,0.0,0,0,0,0,1,0,0
Germany_9,1,12.278397958261774,3,1,0,1,1,2,0
Romania_173,1,7.601402334583733,1,0,0,0,0,1,0
Iceland_6,0,0.0,0,0,0,0,1,0,0
Spain_146,1,9.210440366976517,1,1,0,1,1,2,0
Iceland_84,0,0.0,0,0,0,1,1,0,0
Romania_46,1,9.392745258631441,2,1,0,1,1,2,0
Italy_106,0,0.0,0,1,1,1,1,1,0
Slovenia_52,0,,-1,0,0,0,0,0,1
Sweden_41,0,0.0,0,1,1,1,0,1,0
Romania_119,1,7.601402334583733,1,1,0,1,1,2,0
Italy_12,0,0.0,0,0,0,0,1,0,0
Poland_41,1,8.05169778484652,1,1,0,1,1,2,0
Germany_21,1,8.517393171418904,1,0,1,0,1,1,0
Italy_255,1,13.815511557963774,3,1,0,1,1,2,0
Romania_73,1,8.294299608857235,1,1,0,1,1,2,0
Italy_180,1,10.596659732783579,2,1,0,1,1,2,0
Italy_53,1,10.819778284410283,2,1,0,1,1,2,0
Spain_557,1,11.918397239722838,3,1,0,1,0,2,0
Slovenia_7,0,0.0,0,0,0,0,1,0,0
Spain_332,0,0.0,0,0,0,1,0,0,0
Spain_498,0,0.0,0,1,1,1,0,1,0
Spain_494,1,9.90353755128617,2,1,0,1,1,2,0
Greece_10,0,0.0,0,1,1,0,1,1,0
Spain_477,0,,-1,0,0,0,0,0,1
Iceland_25,0,0.0,0,1,1,1,1,1,0
Italy_280,1,15.424948670398354,4,1,0,1,1,2,0
Romania_172,1,8.006700845440367,1,1,0,1,1,2,0
Germany_42,1,14.45736497045232,4,1,0,1,1,2,0
Latvia_9,1,13.997832948091215,4,1,0,1,1,2,0
Sweden_49,1,9.76428295481558,2,1,0,1,1,2,0
Ireland_8,1,10.819798284210286,2,0,0,0,0,1,0
Spain_447,1,0.6931471805599453,1,0,0,0,1,1,0
Ireland_32,0,0.0,0,0,0,0,1,0,0
Poland_47,1,10.911816754367589,2,1,0,1,0,2,0
Germany_38,0,,-1,0,0,1,1,0,1
Spain_87,0,0.0,0,0,0,0,1,0,0
Spain_531,1,4.110873864173311,1,0,0,0,1,1,0
Romania_80,1,6.90875477931522,1,1,0,0,1,2,0
France_58,0,0.0,0,0,0,0,1,0,0
Germany_2,0,0.0,0,0,0,1,1,0,0
Italy_265,0,0.0,0,1,1,1,1,1,0
Spain_422,1,9.61587214452889,2,1,0,1,1,2,0
Spain_525,0,0.0,0,0,0,0,1,0,0
Spain_530,1,11.002116507732017,2,1,0,1,1,2,0
Spain_599,0,0.0,0,0,1,0,1,0,0
Germany_35,0,0.0,0,1,1,1,1,1,0
Iceland_90,0,0.0,0,0,1,0,1,0,0
Spain_1,0,0.0,0,0,0,0,1,0,0
Italy_191,0,0.0,0,1,1,1,1,1,0
France_29,1,14.375126917328105,4,1,0,1,1,2,0
Spain_266,1,9.210440366976517,1,1,0,1,0,2,0
Italy_9,0,0.0,0,0,0,0,1,0,0
Spain_300,1,11.002116507732017,2,1,0,1,1,2,0
Italy_241,1,10.308985993422082,2,1,0,1,1,2,0
Spain_247,1,8.699681400989514,1,1,0,1,1,2,0
Spain_314,1,3.2188758248682006,1,1,0,1,1,2,0
Spain_382,1,8.006700845440367,1,1,0,1,1,2,0
Spain_7,0,0.0,0,0,0,0,1,0,0
Romania_166,1,9.611221657068029,2,1,0,1,0,2,0
Norway_29,1,9.787009914477434,2,1,0,1,1,2,0
Slovenia_66,0,0.0,0,1,1,1,1,1,0
Spain_533,1,11.695255355062795,3,1,0,1,1,2,0
Romania_12,1,11.51293546492023,2,1,0,1,1,2,0
Spain_48,0,0.0,0,0,0,0,1,0,0
Spain_80,1,9.546884034617925,2,1,0,1,1,2,0
Netherlands_4,1,13.07107218827772,3,1,0,1,0,2,0
Norway_48,1,9.317039990635239,2,1,0,1,1,2,0
Italy_15,1,16.63269022330622,4,1,0,1,1,2,0
Spain_10,0,0.0,0,1,1,0,1,1,0
Greece_108,1,2.772588722239781,1,1,0,1,1,2,0
Poland_30,1,15.175078968850721,4,1,0,1,1,2,0
Poland_65,1,1.7227665977411035,1,1,0,1,1,2,0
Iceland_45,1,8.824824939175638,1,1,0,1,1,2,0
Spain_617,0,0.0,0,0,0,0,1,0,0
Spain_168,0,0.0,0,0,1,1,0,0,0
Luxembourg_3,1,8.581294116822761,1,1,0,1,0,2,0
Spain_166,1,12.100717685412471,3,1,0,1,1,2,0
Slovenia_8,0,0.0,0,0,0,0,1,0,0
Hungary_24,1,7.170888478512505,1,1,1,1,1,2,0
Italy_292,0,0.0,0,1,1,1,1,1,0
Poland_26,1,5.864785764485566,1,1,0,1,0,2,0
Poland_27,1,9.24483841238375,2,1,0,1,0,2,0
Italy_40,1,9.798182590890704,2,1,0,1,1,2,0
Spain_358,1,9.90353755128617,2,1,0,1,1,2,0
Greece_40,1,6.089044875446846,1,1,0,1,1,2,0
Norway_10,1,11.619544188752133,3,1,0,1,1,2,0
Iceland_73,0,0.0,0,0,0,0,1,0,0
Spain_582,1,7.0909098220799835,1,1,0,1,1,2,0
Spain_38,1,11.884495917930655,3,1,0,1,0,2,0
Greece_107,0,,-1,0,0,0,0,0,1
France_30,1,12.899222326086994,3,1,0,1,1,2,0
Norway_69,0,0.0,0,1,1,1,1,1,0
Hungary_16,0,0.0,0,1,1,1,1,1,0
Spain_134,1,11.472113887062386,2,1,0,1,1,2,0
Romania_130,1,7.601402334583733,1,1,0,0,1,2,0
Poland_9,1,8.339300213972926,1,1,0,0,1,2,0
Spain_132,1,9.90353755128617,2,1,0,1,1,2,0
Norway_76,0,0.0,0,1,1,1,1,1,0
Norway_21,0,0.0,0,1,1,1,1,1,0
Italy_271,1,8.294299608857235,1,1,0,1,1,2,0
Spain_461,1,9.210440366976517,1,1,0,1,1,2,0
Spain_463,0,0.0,0,0,0,0,1,0,0
Spain_128,0,0.0,0,0,0,0,1,0,0
Iceland_10,0,0.0,0,0,1,1,1,0,0
Spain_316,1,4.02535169073515,1,1,0,1,1,2,0
France_65,1,11.918397239722838,3,0,0,0,1,1,0
Italy_275,1,8.517393171418904,1,0,0,0,0,1,0
Lithuania_11,1,4.709530201312334,1,1,0,1,1,2,0
Greece_100,1,11.918397239722838,3,1,0,1,1,2,0
Malta_1,0,0.0,0,1,1,1,1,1,0
Italy_49,0,0.0,0,1,1,0,1,1,0
Sweden_45,0,,-1,1,1,0,1,1,1
Hungary_22,1,9.65509029374725,2,1,0,1,1,2,0
Norway_14,0,0.0,0,1,1,1,1,1,0
Spain_29,0,0.0,0,0,0,0,1,0,0
Finland_25,0,0.0,0,1,1,1,0,1,0
Romania_56,1,8.853808274977197,1,1,0,1,1,2,0
United Kingdom_59,1,10.97679912709094,2,1,0,1,1,2,0
Latvia_6,1,6.90875477931522,1,1,0,0,1,2,0
Italy_230,1,9.90353755128617,2,1,0,1,1,2,0
Hungary_1,0,0.0,0,1,1,0,1,1,0
Italy_101,1,7.601402334583733,1,1,0,1,1,2,0
Spain_55,1,7.601402334583733,1,1,0,1,1,2,0
Norway_7,0,0.0,0,1,1,0,1,1,0
Ireland_13,1,4.836281906951478,1,1,0,1,0,2,0
Norway_44,1,9.093918908958932,1,1,0,1,1,2,0
Italy_120,1,8.699681400989514,1,1,0,1,1,2,0
Spain_405,1,9.61587214452889,2,1,0,1,1,2,0
Romania_151,1,7.5688956634069955,1,1,0,0,1,2,0
Spain_376,1,10.819798284210286,2,1,0,1,1,2,0
Spain_81,0,0.0,0,1,1,1,0,1,0
Spain_457,0,0.0,0,1,1,1,1,1,0
Spain_209,1,7.0909098220799835,1,1,0,1,1,2,0
Norway_43,1,9.499346567390095,2,1,0,1,1,2,0
Romania_135,1,6.904208998355477,1,1,0,0,1,2,0
Spain_218,1,12.206077645517674,3,1,0,1,1,2,0
Spain_19,0,0.0,0,0,0,0,1,0,0
Spain_607,0,0.0,0,1,1,1,1,1,0
Iceland_7,0,0.0,0,1,1,1,1,1,0
Greece_74,0,0.0,0,0,0,0,0,0,0
France_19,1,18.420680753952364,4,1,1,1,1,2,0
France_70,0,,-1,0,0,0,0,0,1
United Kingdom_37,0,0.0,0,1,1,1,1,1,0
Hungary_10,0,0.0,0,1,1,1,1,1,0
Spain_36,1,10.596659732783579,2,1,0,1,1,2,0
Italy_251,1,10.085850775128717,2,1,0,1,1,2,0
Sweden_13,0,0.0,0,1,1,1,0,1,0
Greece_115,0,0.0,0,1,1,1,1,1,0
Luxembourg_18,1,8.824824939175638,1,1,0,1,1,2,0
Sweden_33,0,0.0,0,0,1,1,0,0,0
Spain_340,1,9.105090961257085,1,1,0,1,0,2,0
Spain_428,1,7.601402334583733,1,1,0,1,1,2,0
Spain_117,0,0.0,0,0,1,1,1,0,0
Spain_230,1,6.398594934535208,1,1,0,1,0,2,0
Finland_28,1,11.51293546492023,2,0,0,0,0,1,0
Spain_5,0,0.0,0,0,0,0,1,0,0
Romania_153,1,7.601402334583733,1,1,0,1,1,2,0
Netherlands_35,0,0.0,0,0,1,1,0,0,0
Italy_103,1,9.210440366976517,1,1,0,0,1,2,0
Italy_26,1,9.210440366976517,1,1,0,1,1,2,0
Spain_138,1,7.313886831633462,1,1,0,1,1,2,0
Spain_391,1,7.601402334583733,1,1,0,1,0,2,0
Netherlands_24,1,13.493928313146206,3,1,0,1,1,2,0
Italy_302,1,10.596659732783579,2,1,0,1,0,2,0
Romania_171,1,9.609532512767432,2,1,0,1,1,2,0
Italy_293,1,9.210440366976517,1,1,0,1,0,2,0
Greece_21,1,3.713572066704308,1,0,0,0,0,1,0
Italy_69,1,7.601402334583733,1,1,0,1,1,2,0
Romania_109,1,8.006700845440367,1,1,0,1,1,2,0
Spain_550,1,8.006700845440367,1,1,0,1,1,2,0
Italy_121,1,8.699681400989514,1,1,0,1,1,2,0
Spain_208,1,10.933124826700707,2,1,0,1,1,2,0
United Kingdom_26,1,12.200562492481511,3,0,1,0,1,1,0
Iceland_43,0,0.0,0,1,1,1,1,1,0
Spain_356,1,7.601402334583733,1,1,0,1,1,2,0
Lithuania_8,0,0.0,0,1,1,1,1,1,0
Italy_235,1,8.006700845440367,1,1,0,1,1,2,0
Greece_33,1,7.601402334583733,1,1,0,1,1,2,0
Greece_24,1,7.601402334583733,1,0,0,0,0,1,0
Greece_85,1,5.017279836814924,1,1,1,1,1,2,0
Spain_238,0,0.0,0,1,1,1,1,1,0
France_33,1,12.100717685412471,3,1,0,1,0,2,0
Spain_589,0,0.0,0,0,1,0,1,0,0
Spain_20,0,0.0,0,0,0,0,1,0,0
Spain_368,1,7.496097345175956,1,1,0,1,1,2,0
Romania_45,1,6.90875477931522,1,1,0,0,1,2,0
Iceland_44,0,0.0,0,0,0,0,1,0,0
Norway_77,0,0.0,0,1,1,1,1,1,0
Greece_106,0,,-1,0,0,0,0,0,1
United Kingdom_27,1,12.075400019877522,3,1,0,1,1,2,0
France_24,1,9.90353755128617,2,1,0,1,1,2,0
Spain_449,1,3.4339872044851463,1,1,0,0,1,2,0
Spain_85,1,6.90875477931522,1,1,0,1,1,2,0
Spain_580,0,0.0,0,1,1,1,1,1,0
Spain_484,1,7.313886831633462,1,1,0,1,1,2,0
Poland_51,1,9.88078171500049,2,1,0,1,1,2,0
Italy_181,0,,-1,0,0,0,0,0,1
Spain_483,1,10.645448706505872,2,1,0,1,0,2,0
Sweden_6,0,0.0,0,1,1,1,1,1,0
Spain_522,1,3.258096538021482,1,1,0,0,1,2,0
Slovenia_13,0,0.0,0,0,0,0,1,0,0
Poland_19,0,0.0,0,1,1,1,1,1,0
Hungary_39,1,9.472781556562168,2,1,0,1,1,2,0
Romania_106,1,6.90875477931522,1,0,0,0,0,1,0
Greece_42,1,9.61587214452889,2,1,0,1,1,2,0
Ireland_15,1,11.608244735642321,3,0,0,0,1,1,0
Italy_122,1,9.90353755128617,2,1,0,1,1,2,0
Spain_378,1,12.206077645517674,3,1,0,1,1,2,0
Italy_88,1,10.596659732783579,2,1,0,1,1,2,0
Italy_231,1,11.918397239722838,3,1,0,1,1,2,0
Greece_121,0,0.0,0,1,1,0,1,1,0
Spain_240,0,0.0,0,0,0,0,1,0,0
Italy_173,1,9.90353755128617,2,0,0,0,0,1,0
Spain_244,0,0.0,0,0,0,0,1,0,0
Spain_312,1,8.006700845440367,1,1,0,0,1,2,0
Germany_6,1,12.468440756144114,3,0,0,0,1,1,0
Spain_222,1,11.695255355062795,3,1,0,1,1,2,0
Italy_75,1,8.160803920954665,1,1,0,1,1,2,0
Spain_435,1,7.313886831633462,1,1,0,0,1,2,0
Spain_624,0,0.0,0,1,1,1,1,1,0
Hungary_48,0,,-1,1,1,1,1,1,1
Finland_44,1,11.350418300109132,2,1,0,1,1,2,0
Netherlands_38,0,0.0,0,0,0,1,1,0,0
Hungary_49,0,0.0,0,1,1,1,1,1,0
Italy_123,1,10.915106645867503,2,1,0,1,1,2,0
Slovenia_78,0,0.0,0,1,1,0,1,1,0
Romania_149,1,8.006700845440367,1,0,0,0,0,1,0
Spain_425,1,14.508658238524095,4,1,0,1,1,2,0
Hungary_20,0,0.0,0,1,1,1,1,1,0
Spain_541,0,0.0,0,1,1,0,1,1,0
Poland_17,1,13.023120819927751,3,1,0,1,1,2,0
Italy_245,1,15.674871353150966,4,1,0,1,1,2,0
Iceland_34,0,0.0,0,1,1,1,1,1,0
Spain_232,1,9.210440366976517,1,1,0,1,1,2,0
Italy_268,1,8.987321812850125,1,1,0,1,1,2,0
Poland_43,1,11.334783481577926,2,1,0,1,1,2,0
Slovenia_18,0,0.0,0,0,0,0,1,0,0
Italy_178,1,11.51293546492023,2,1,0,1,1,2,0
Spain_568,1,10.933124826700707,2,1,0,1,1,2,0
Poland_59,0,0.0,0,1,1,1,1,1,0
Iceland_96,0,0.0,0,1,1,1,1,1,0
Hungary_26,1,10.165890277802454,2,1,0,1,1,2,0
Sweden_38,0,0.0,0,1,1,1,1,1,0
Spain_563,1,11.51293546492023,2,1,0,1,1,2,0
Hungary_53,0,0.0,0,1,1,1,1,1,0
Spain_262,0,0.0,0,1,1,1,0,1,0
Spain_476,0,0.0,0,0,0,0,1,0,0
United Kingdom_61,1,10.64830170765649,2,1,0,0,1,2,0
Greece_118,1,10.12667110305036,2,1,0,1,1,2,0
Spain_130,0,0.0,0,0,0,0,1,0,0
Spain_621,0,0.0,0,1,1,1,1,1,0
Spain_142,1,12.206077645517674,3,1,0,1,1,2,0
Sweden_40,0,0.0,0,1,1,1,1,1,0
Spain_169,1,8.006700845440367,1,1,0,1,1,2,0
Hungary_42,1,10.165890277802454,2,1,0,1,1,2,0
Greece_60,1,10.239995502805316,2,1,0,1,1,2,0
Italy_90,0,0.0,0,1,1,1,1,1,0
United Kingdom_28,1,11.159117834926688,2,1,0,1,1,2,0
Greece_96,1,8.006700845440367,1,1,0,1,1,2,0
Spain_409,0,,-1,1,1,1,1,1,1
Greece_17,0,0.0,0,1,1,1,1,1,0
Iceland_48,0,0.0,0,1,1,1,1,1,0
Spain_572,1,4.330733340286331,1,0,0,0,0,1,0
Poland_42,1,8.839421607620602,1,1,0,1,0,2,0
Spain_155,1,14.285514812209815,4,1,0,1,1,2,0
Italy_242,0,0.0,0,1,1,1,1,1,0
Spain_147,1,9.210440366976517,1,1,0,1,1,2,0
Iceland_8,0,0.0,0,1,1,1,0,1,0
Spain_534,1,3.2188758248682006,1,1,0,0,1,2,0
Spain_111,0,0.0,0,0,0,0,1,0,0
Poland_13,1,8.562352008313065,1,1,0,1,1,2,0
Slovenia_27,0,,-1,0,0,0,1,0,1
Italy_4,1,3.4339872044851463,1,1,0,1,0,2,0
Ireland_20,1,11.407576060361786,2,0,0,0,1,1,0
Ireland_11,1,10.292179440058462,2,0,0,0,1,1,0
Spain_569,1,9.392745258631441,2,1,0,1,1,2,0
Sweden_15,0,0.0,0,1,1,1,1,1,0
Norway_3,0,0.0,0,0,0,0,1,0,0
Spain_385,1,9.210440366976517,1,1,0,1,1,2,0
Greece_73,1,9.210440366976517,1,1,0,1,1,2,0
Hungary_21,1,13.384729180332174,3,1,0,1,1,2,0
Romania_134,1,5.017279836814924,1,1,0,1,1,2,0
Italy_269,1,5.993961427306569,1,1,0,1,1,2,0
Italy_196,1,10.596659732783579,2,1,0,0,1,2,0
Romania_53,1,8.512863833255008,1,1,0,1,0,2,0
Spain_267,1,8.006700845440367,1,1,0,1,1,2,0
Sweden_4,1,12.289958727201455,3,1,0,1,1,2,0
Italy_183,1,6.90875477931522,1,1,0,1,1,2,0
Italy_281,0,0.0,0,1,1,1,1,1,0
Ireland_31,1,19.659054977894186,4,0,0,0,1,1,0
Italy_74,1,9.210440366976517,1,1,0,1,1,2,0
Ireland_25,1,7.313886831633462,1,0,0,0,1,1,0
Spain_333,0,0.0,0,1,1,1,1,1,0
Spain_390,1,10.596659732783579,2,1,0,1,1,2,0
Spain_305,1,11.918397239722838,3,0,0,0,1,1,0
Germany_5,0,,-1,0,0,0,1,0,1
Ireland_2,0,,-1,0,0,0,0,0,1
Norway_25,1,11.39640288460621,2,1,0,1,1,2,0
Spain_554,1,10.819798284210286,2,1,0,0,1,2,0
Italy_2,1,17.140652580236743,4,1,0,1,1,2,0
Spain_501,1,8.006700845440367,1,1,0,0,1,2,0
Italy_189,1,9.210440366976517,1,1,0,1,1,2,0
Sweden_31,0,0.0,0,1,1,1,1,1,0
Italy_83,1,10.819798284210286,2,0,0,0,0,1,0
Italy_279,1,8.987321812850125,1,1,0,1,0,2,0
Ireland_28,1,11.51293546492023,2,0,0,0,1,1,0
France_36,1,18.826145858727198,4,1,0,1,1,2,0
Norway_51,1,9.499346567390095,2,1,0,1,1,2,0
Italy_164,1,9.61587214452889,2,1,0,1,1,2,0
Norway_78,1,9.499346567390095,2,1,0,1,1,2,0
Spain_514,0,0.0,0,1,1,0,1,1,0
Spain_141,1,12.206077645517674,3,0,0,0,1,1,0
Italy_290,0,0.0,0,1,1,1,1,1,0
Portugal_4,1,7.601402334583733,1,1,0,1,1,2,0
Greece_86,0,0.0,0,0,1,1,1,0,0
Germany_22,0,0.0,0,0,1,0,1,0,0
Sweden_18,1,10.323874113321294,2,1,0,1,1,2,0
Romania_160,1,7.596372213455551,1,0,0,0,0,1,0
Spain_406,1,13.815511557963774,3,1,1,0,1,2,0
Slovenia_20,0,0.0,0,0,0,0,1,0,0
Ireland_30,1,9.61587214452889,2,0,0,0,0,1,0
Hungary_47,1,7.244941546337007,1,1,0,1,1,2,0
Sweden_22,1,15.434106606359894,4,1,0,1,1,2,0
Italy_270,0,0.0,0,1,1,1,1,1,0
Spain_115,1,15.068273812173887,4,1,0,1,0,2,0
Romania_85,1,2.4849066497880004,1,1,0,0,1,2,0
Poland_18,1,9.1838937219612,1,1,0,1,1,2,0
United Kingdom_18,1,7.9023764842622475,1,1,0,1,1,2,0
Italy_236,1,8.699681400989514,1,1,0,1,1,2,0
Norway_68,1,10.192456296870509,2,1,0,1,1,2,0
Spain_118,1,8.517393171418904,1,1,0,1,1,2,0
Romania_62,1,6.90392796414775,1,1,0,0,1,2,0
Iceland_12,0,0.0,0,1,1,1,1,1,0
France_31,1,8.006700845440367,1,1,0,1,1,2,0
Greece_47,1,1.791759469228055,1,1,0,1,1,2,0
Greece_92,1,9.210440366976517,1,1,0,1,1,2,0
Iceland_2,0,0.0,0,0,0,0,1,0,0
Slovenia_56,1,10.12667110305036,2,0,0,0,0,1,0
Slovenia_4,0,0.0,0,0,0,0,1,0,0
Finland_42,0,0.0,0,1,1,1,1,1,0
Romania_61,1,7.601402334583733,1,1,0,1,1,2,0
Italy_105,1,6.90875477931522,1,1,0,1,1,2,0
Iceland_101,0,0.0,0,1,1,1,1,1,0
Romania_122,1,1.3862943611198906,1,1,0,1,1,2,0
Italy_62,1,13.592368256649284,3,1,0,1,1,2,0
Norway_34,1,16.001561947061912,4,1,0,1,1,2,0
Spain_263,1,6.90875477931522,1,1,0,1,1,2,0
Spain_125,1,10.819798284210286,2,1,0,1,1,2,0
Germany_25,0,,-1,1,0,1,0,1,1
Italy_197,1,6.90875477931522,1,1,0,1,1,2,0
Ireland_34,0,0.0,0,1,1,1,1,1,0
Spain_58,1,8.517393171418904,1,1,0,1,0,2,0
Ireland_35,0,0.0,0,1,1,1,1,1,0
Germany_29,0,,-1,1,0,1,1,1,1
Spain_444,1,8.006700845440367,1,1,0,1,1,2,0
Finland_32,0,0.0,0,1,1,1,1,1,0
Iceland_55,0,0.0,0,1,1,1,1,1,0
Romania_111,1,9.61067902892581,2,0,0,0,0,1,0
United Kingdom_53,1,12.075400019877522,3,1,1,1,1,2,0
Italy_73,1,16.811242881518265,4,1,0,1,1,2,0
Spain_591,0,0.0,0,0,1,0,1,0,0
Spain_203,1,8.294299608857235,1,1,0,1,1,2,0
Iceland_53,0,0.0,0,1,1,1,1,1,0
Spain_149,1,8.517393171418904,1,1,0,1,1,2,0
Italy_86,0,,-1,1,1,1,0,1,1
Spain_243,1,6.803505257608338,1,1,0,1,0,2,0
Romania_144,1,8.517393171418904,1,1,0,1,1,2,0
Sweden_16,0,0.0,0,1,1,1,1,1,0
United Kingdom_7,0,,-1,0,0,0,0,0,1
Spain_518,1,4.61512051684126,1,1,0,1,1,2,0
Slovenia_11,0,0.0,0,0,0,0,1,0,0
Poland_2,0,0.0,0,0,0,1,1,0,0
Italy_217,1,12.611541086966115,3,1,0,1,1,2,0
Hungary_35,1,11.205054290550551,2,1,0,1,1,2,0
Latvia_2,0,,-1,0,0,0,0,0,1
Spain_276,1,7.313886831633462,1,1,0,1,1,2,0
Italy_60,1,14.731801689838349,4,1,0,1,1,2,0
Spain_268,1,14.220976332738882,4,1,0,1,1,2,0
Iceland_56,0,0.0,0,0,0,0,1,0,0
Italy_108,1,14.151983508870947,4,1,0,1,1,2,0
Spain_246,0,0.0,0,1,1,1,1,1,0
Norway_83,0,0.0,0,0,0,0,1,0,0
Spain_231,1,9.798182590890704,2,1,0,1,1,2,0
Sweden_3,1,12.626429650198945,3,1,0,1,1,2,0
Greece_5,1,8.517393171418904,1,0,0,0,0,1,0
Spain_626,1,8.006700845440367,1,1,0,1,1,2,0
Romania_57,1,9.798182590890704,2,1,0,1,1,2,0
Netherlands_21,1,8.922791623969637,1,1,0,1,1,2,0
Poland_10,0,0.0,0,1,1,1,1,1,0
Spain_341,1,10.12667110305036,2,1,0,1,1,2,0
Spain_537,0,0.0,0,0,0,0,1,0,0
Iceland_49,0,0.0,0,1,1,1,1,1,0
Spain_60,1,2.3978952727983707,1,1,0,1,1,2,0
Iceland_19,0,,-1,0,0,1,1,0,1
Poland_8,1,8.501533211495113,1,1,0,0,1,2,0
Italy_157,1,7.601402334583733,1,1,0,1,1,2,0
Spain_396,1,7.313886831633462,1,1,0,1,1,2,0
Italy_24,0,0.0,0,0,0,0,1,0,0
Slovenia_31,0,0.0,0,0,0,0,1,0,0
Spain_277,0,0.0,0,1,1,1,1,1,0
Romania_169,1,1.0955409101436233,1,0,0,0,0,1,0
Iceland_52,0,0.0,0,1,1,1,1,1,0
Spain_129,1,8.294299608857235,1,1,0,1,1,2,0
Italy_67,1,12.899222326086994,3,1,0,1,1,2,0
Spain_610,0,0.0,0,0,0,0,1,0,0
Spain_615,0,0.0,0,0,0,0,1,0,0
Poland_7,1,7.990827442968514,1,1,0,0,1,2,0
Iceland_78,0,0.0,0,1,1,1,1,1,0
Norway_39,1,9.787009914477434,2,1,0,1,1,2,0
Germany_23,1,11.225256725762893,2,1,0,1,1,2,0
Spain_570,1,7.601402334583733,1,1,0,1,1,2,0
Spain_259,1,8.294299608857235,1,1,0,1,1,2,0
Greece_94,0,,-1,1,1,1,1,1,1
France_35,1,11.695255355062795,3,1,0,1,1,2,0
France_11,0,0.0,0,0,1,1,1,0,0
Romania_54,1,10.135689948338683,2,1,0,1,1,2,0
Spain_278,0,,-1,1,1,1,1,1,1
Spain_65,1,11.289794413577894,2,1,0,1,1,2,0
Italy_50,0,0.0,0,1,1,1,1,1,0
Spain_67,1,9.741027444837728,2,1,0,1,1,2,0
Poland_50,1,4.840416522240434,1,1,0,1,1,2,0
Spain_460,1,8.699681400989514,1,1,0,1,0,2,0
Iceland_24,0,0.0,0,1,1,1,1,1,0
Italy_190,1,11.156264806643742,2,1,0,1,1,2,0
Norway_49,1,10.480129006333248,2,1,0,1,1,2,0
Spain_470,1,8.987321812850125,1,1,0,1,1,2,0
Hungary_41,0,0.0,0,1,1,1,1,1,0
Poland_58,0,0.0,0,1,1,1,0,1,0
Spain_93,1,10.085850775128717,2,1,0,1,1,2,0
Germany_43,0,0.0,0,1,1,1,1,1,0
Netherlands_1,1,9.392745258631441,2,1,0,1,0,2,0
Norway_73,1,14.392124484065864,4,0,0,0,0,1,0
Poland_14,1,9.53249633228804,2,1,0,1,1,2,0
Spain_560,0,0.0,0,1,1,1,1,1,0
Poland_28,0,0.0,0,1,1,1,0,1,0
Norway_65,1,8.400884069015854,1,1,0,1,1,2,0
Spain_154,1,15.068273812173887,4,1,0,1,1,2,0
Spain_515,0,0.0,0,1,1,1,1,1,0
Spain_452,1,7.601402334583733,1,1,0,1,1,2,0
Romania_114,1,8.00202481821611,1,1,1,0,1,2,0
France_40,1,12.429220196836383,3,1,0,1,1,2,0
Norway_30,1,11.39640288460621,2,1,0,1,1,2,0
Romania_177,1,9.205749851641805,1,1,0,1,1,2,0
Finland_12,0,0.0,0,0,1,0,1,0,0
Spain_200,1,7.601402334583733,1,1,0,1,1,2,0
Greece_43,0,,-1,0,1,0,1,0,1
Romania_38,1,8.512703126143373,1,1,0,1,1,2,0
Norway_18,0,0.0,0,1,1,1,1,1,0
Greece_35,1,9.90353755128617,2,1,0,1,1,2,0
Italy_219,1,7.601402334583733,1,1,0,1,1,2,0
Spain_198,1,9.61587214452889,2,1,0,1,1,2,0
France_67,1,10.596659732783579,2,0,0,0,0,1,0
Spain_519,1,11.225256725762893,2,1,0,1,1,2,0
Spain_92,0,0.0,0,0,1,1,1,0,0
Greece_44,1,7.824445930877619,1,0,0,0,0,1,0
Germany_34,0,0.0,0,0,0,0,0,0,0
Hungary_51,0,,-1,0,0,0,0,0,1
Ireland_7,1,10.596659732783579,2,1,0,1,1,2,0
Romania_140,1,10.591747811522678,2,1,0,1,1,2,0
Italy_282,0,0.0,0,1,1,1,1,1,0
Italy_129,1,3.4339872044851463,1,1,0,1,1,2,0
Spain_585,0,,-1,1,1,1,1,1,1
Spain_46,0,0.0,0,1,1,1,1,1,0
Spain_366,0,0.0,0,1,1,1,1,1,0
Italy_153,1,8.517393171418904,1,1,0,1,1,2,0
Sweden_21,0,0.0,0,1,1,1,1,1,0
Iceland_67,0,0.0,0,0,0,0,1,0,0
Spain_402,1,11.695255355062795,3,1,0,1,1,2,0
Ireland_39,1,18.326370075470134,4,0,0,0,0,1,0
Spain_227,1,10.308985993422082,2,1,0,1,1,2,0
Italy_156,0,0.0,0,0,1,1,1,0,0
Spain_33,0,0.0,0,0,0,0,1,0,0
Spain_144,0,0.0,0,0,0,0,1,0,0
Spain_491,1,12.206077645517674,3,1,0,1,1,2,0
Spain_122,1,8.853808274977197,1,1,0,1,1,2,0
United Kingdom_45,0,0.0,0,1,1,0,1,1,0
Spain_28,0,0.0,0,0,0,0,1,0,0
Finland_13,0,0.0,0,1,1,1,1,1,0
Italy_130,0,0.0,0,1,1,1,0,1,0
Greece_30,0,0.0,0,0,1,0,1,0,0
Spain_6,0,0.0,0,0,0,0,1,0,0
Spain_113,1,11.156264806643742,2,1,0,1,1,2,0
Iceland_87,0,0.0,0,0,0,0,1,0,0
Spain_181,1,11.695255355062795,3,1,0,1,1,2,0
Iceland_60,0,,-1,1,1,1,1,1,1
Romania_131,1,7.596010513461654,1,1,0,1,1,2,0
Spain_474,1,1.791759469228055,1,1,0,1,0,2,0
Iceland_38,0,0.0,0,1,1,1,1,1,0
United Kingdom_35,0,0.0,0,1,1,0,1,1,0
Italy_150,1,6.90875477931522,1,1,0,1,1,2,0
Iceland_61,0,0.0,0,1,1,0,1,1,0
France_8,0,0.0,0,0,1,1,1,0,0
Spain_175,1,11.184435286790631,2,1,0,1,1,2,0
Spain_120,1,11.156264806643742,2,1,0,1,1,2,0
Spain_542,1,11.918397239722838,3,1,0,1,1,2,0
Poland_55,1,9.387019372783948,2,1,0,1,1,2,0
Luxembourg_25,0,0.0,0,0,0,0,1,0,0
Spain_4,1,9.952325334619427,2,1,0,1,1,2,0
Iceland_3,1,9.087155271405804,1,1,0,1,1,2,0
Spain_555,1,8.294299608857235,1,1,0,0,1,2,0
Spain_112,1,8.987321812850125,1,1,0,0,1,2,0
Spain_467,0,0.0,0,1,1,0,1,1,0
United Kingdom_50,0,0.0,0,1,1,1,1,1,0
Ireland_3,1,11.082157933374816,2,0,0,0,0,1,0
Iceland_39,0,0.0,0,1,1,1,1,1,0
Italy_118,1,13.815511557963774,3,1,0,1,1,2,0
Spain_630,0,0.0,0,0,0,0,1,0,0
Spain_499,0,0.0,0,1,1,1,0,1,0
Romania_35,1,8.512783482927537,1,0,0,0,0,1,0
Slovenia_9,0,0.0,0,0,0,0,1,0,0
Sweden_52,0,0.0,0,1,1,1,1,1,0
Sweden_44,0,0.0,0,1,1,0,1,1,0
Romania_139,1,7.600802454541749,1,1,0,1,1,2,0
Norway_38,1,8.400884069015854,1,1,0,1,0,2,0
Romania_1,1,6.2015228588735365,1,1,0,1,1,2,0
Slovenia_16,0,0.0,0,0,0,0,1,0,0
Slovenia_57,0,,-1,1,1,1,1,1,1
Spain_249,1,11.156264806643742,2,1,0,1,1,2,0
Italy_113,1,6.803505257608338,1,1,0,1,1,2,0
Greece_112,1,10.308985993422082,2,0,0,0,0,1,0
France_44,0,0.0,0,0,0,0,1,0,0
Malta_13,1,8.987321812850125,1,1,0,0,1,2,0
Spain_106,1,7.601402334583733,1,1,0,1,1,2,0
Greece_105,1,6.90875477931522,1,1,0,1,1,2,0
Spain_96,0,0.0,0,1,1,1,1,1,0
Spain_437,0,0.0,0,0,0,0,1,0,0
Ireland_42,1,16.648723960844016,4,1,0,1,0,2,0
Iceland_28,0,0.0,0,0,0,0,1,0,0
Netherlands_11,1,13.244582780038517,3,1,0,1,1,2,0
Romania_42,1,7.601402334583733,1,1,0,1,1,2,0
Finland_37,0,,-1,0,1,1,1,0,1
Spain_324,1,9.105090961257085,1,1,0,1,1,2,0
France_39,1,13.304686600863562,3,1,0,1,1,2,0
Norway_60,1,13.005831808336863,3,1,0,1,1,2,0
Poland_22,1,12.710861897004365,3,1,0,1,1,2,0
Spain_588,0,0.0,0,0,1,0,1,0,0
Spain_623,1,10.34177474101152,2,0,0,0,0,1,0
Spain_565,1,8.699681400989514,1,1,0,1,0,2,0
Greece_62,0,,-1,0,0,0,0,0,1
Slovenia_34,0,0.0,0,0,0,1,1,0,0
Spain_351,1,9.61587214452889,2,1,0,1,1,2,0
Hungary_38,1,6.660575149839686,1,0,0,0,0,1,0
Italy_10,0,,-1,0,0,0,0,0,1
Romania_97,1,8.517393171418904,1,0,0,0,0,1,0
Iceland_62,0,0.0,0,0,0,0,1,0,0
Spain_492,1,8.77971129020447,1,1,0,1,1,2,0
Italy_151,0,0.0,0,1,1,1,1,1,0
Romania_152,1,9.610015416638706,2,1,0,1,1,2,0
Ireland_33,0,,-1,0,0,0,0,0,1
Romania_40,1,7.601402334583733,1,1,1,0,1,2,0
Spain_343,1,8.987321812850125,1,1,0,1,1,2,0
Italy_311,1,11.51293546492023,2,0,0,0,0,1,0
Ireland_45,1,15.520258832020865,4,0,0,0,0,1,0
Spain_381,0,0.0,0,1,1,1,0,1,0
Norway_54,1,12.08954444723597,3,1,0,1,1,2,0
Spain_596,0,0.0,0,0,1,0,1,0,0
Italy_163,0,0.0,0,1,1,1,1,1,0
Romania_128,1,9.90353755128617,2,1,0,1,1,2,0
Italy_277,0,0.0,0,1,1,1,1,1,0
Poland_34,1,10.513280297700861,2,1,0,1,1,2,0
Spain_319,0,0.0,0,1,1,1,1,1,0
Hungary_46,1,10.165890277802454,2,1,0,1,1,2,0
Romania_136,1,10.122120948372451,2,1,0,1,0,2,0
Hungary_25,1,8.962007209588313,1,1,0,1,1,2,0
Spain_488,0,0.0,0,1,1,1,0,1,0
Spain_264,1,11.51293546492023,2,1,0,1,1,2,0
Italy_233,1,9.210440366976517,1,1,0,0,1,2,0
United Kingdom_41,1,10.283669040109793,2,1,0,1,1,2,0
Ireland_14,1,13.122365377402328,3,1,0,1,1,2,0
Italy_195,1,9.90353755128617,2,1,0,1,1,2,0
Spain_561,1,8.006700845440367,1,1,0,1,1,2,0
Finland_15,0,0.0,0,1,1,1,1,1,0
Spain_139,1,7.601402334583733,1,1,0,1,1,2,0
Romania_21,1,8.006700845440367,1,1,0,1,1,2,0
Spain_292,1,11.002116507732017,2,1,0,1,1,2,0
Iceland_16,0,0.0,0,1,1,1,1,1,0
Spain_219,1,13.122365377402328,3,0,0,0,0,1,0
Iceland_15,0,,-1,0,0,0,1,0,1
Spain_328,1,8.699681400989514,1,1,0,1,1,2,0
Spain_595,0,0.0,0,0,1,1,1,0,0
Italy_186,1,11.407576060361786,2,1,0,1,1,2,0
Italy_136,1,1.791759469228055,1,1,1,1,1,2,0
Spain_295,0,0.0,0,1,1,1,1,1,0
Spain_509,1,9.90353755128617,2,1,0,1,1,2,0
Romania_30,1,7.601402334583733,1,1,0,1,1,2,0
Romania_32,1,6.2166061010848646,1,1,0,1,1,2,0
Romania_103,1,6.90875477931522,1,1,0,1,1,2,0
Ireland_23,0,,-1,0,0,0,1,0,1
Poland_56,1,12.706850963741102,3,1,0,1,1,2,0
Iceland_46,0,0.0,0,0,0,0,1,0,0
Spain_564,1,8.987321812850125,1,1,0,1,1,2,0
Norway_5,1,11.578722568760277,3,1,0,1,1,2,0
Italy_223,1,11.156264806643742,2,1,0,1,1,2,0
Romania_127,1,8.006700845440367,1,1,0,1,1,2,0
United Kingdom_63,1,12.04355959836804,3,0,0,0,0,1,0
Finland_10,1,6.411818267709897,1,1,0,1,0,2,0
Greece_57,1,5.351858133476067,1,1,1,1,1,2,0
Spain_127,1,7.313886831633462,1,1,0,1,1,2,0
Latvia_8,1,6.68586094706836,1,0,0,0,0,1,0
Spain_454,1,10.819798284210286,2,1,0,1,0,2,0
Italy_202,1,11.002116507732017,2,1,0,1,1,2,0
Italy_209,1,8.987321812850125,1,1,0,1,1,2,0
Slovenia_75,0,0.0,0,0,0,0,1,0,0
Spain_53,1,5.707110264748875,1,1,0,1,1,2,0
Spain_94,0,0.0,0,0,1,0,1,0,0
Netherlands_33,1,19.48539148439307,4,1,0,0,1,2,0
Latvia_4,0,0.0,0,1,1,1,1,1,0
Netherlands_12,1,9.61587214452889,2,1,0,1,1,2,0
Romania_141,1,8.001689978099135,1,1,0,1,1,2,0
Greece_27,1,6.90875477931522,1,1,0,1,1,2,0
Italy_168,1,10.613024681075675,2,1,0,1,1,2,0
Ireland_12,0,,-1,0,0,0,1,0,1
Italy_194,1,9.90353755128617,2,1,0,1,1,2,0
Spain_439,1,7.0909098220799835,1,1,0,1,0,2,0
Spain_552,1,11.002116507732017,2,1,0,1,1,2,0
Spain_293,1,15.424948670398354,4,1,0,1,1,2,0
Germany_32,1,13.710151153416941,3,1,0,1,1,2,0
Slovenia_25,0,0.0,0,0,0,0,1,0,0
Norway_22,0,0.0,0,1,1,1,1,1,0
Slovenia_64,0,0.0,0,1,1,1,1,1,0
Spain_411,1,8.294299608857235,1,1,0,1,1,2,0
Greece_93,0,,-1,0,0,0,0,0,1
Spain_2,0,0.0,0,1,1,1,1,1,0
Italy_161,1,13.122365377402328,3,1,0,1,1,2,0
Italy_262,1,11.289794413577894,2,1,0,1,1,2,0
Spain_251,1,4.330733340286331,1,1,0,1,0,2,0
Spain_201,1,8.006700845440367,1,1,0,1,1,2,0
Spain_393,1,11.51293546492023,2,1,0,1,1,2,0
Luxembourg_10,1,8.936035096566041,1,1,0,1,1,2,0
Italy_316,0,0.0,0,1,1,1,1,1,0
Spain_493,0,0.0,0,1,1,1,1,1,0
Italy_47,0,,-1,1,1,1,1,1,1
Italy_144,0,0.0,0,1,1,1,1,1,0
Finland_39,0,0.0,0,1,1,1,1,1,0
Norway_59,1,12.782688818818986,3,1,0,1,1,2,0
Italy_224,1,10.819798284210286,2,1,0,1,1,2,0
Italy_155,1,10.819798284210286,2,1,0,1,1,2,0
Spain_274,0,0.0,0,1,1,1,1,1,0
Spain_352,1,4.330733340286331,1,1,0,1,1,2,0
Greece_99,1,10.819798284210286,2,1,0,1,1,2,0
Italy_82,1,10.819798284210286,2,1,0,1,1,2,0
Ireland_41,1,19.00846741441004,4,0,0,0,1,1,0
Poland_31,1,11.306226826800692,2,1,0,1,1,2,0
Greece_124,0,0.0,0,0,1,1,1,0,0
Iceland_71,0,0.0,0,1,1,0,1,1,0
France_59,0,0.0,0,0,0,0,1,0,0
Hungary_50,1,1.0367368849500223,1,0,0,0,0,1,0
Spain_490,1,8.699681400989514,1,1,0,0,1,2,0
Luxembourg_23,1,9.433563920090563,2,1,0,1,1,2,0
United Kingdom_24,0,0.0,0,1,1,1,1,1,0
Norway_81,0,0.0,0,0,1,0,1,0,0
Spain_281,1,1.9459101490553132,1,1,0,0,1,2,0
Italy_54,1,14.77102238760702,4,1,0,1,1,2,0
Italy_237,1,10.308985993422082,2,1,0,0,1,2,0
Norway_61,0,,-1,0,0,0,1,0,1
Slovenia_60,0,,-1,0,0,0,0,0,1
Greece_82,1,9.61587214452889,2,1,0,1,1,2,0
Spain_90,1,12.611541086966115,3,1,0,1,1,2,0
Spain_606,0,0.0,0,0,1,1,1,0,0
Italy_213,1,18.186313213789617,4,1,0,1,0,2,0
Romania_71,1,8.294299608857235,1,1,0,1,1,2,0
Italy_94,0,0.0,0,0,1,1,1,0,0
Netherlands_23,1,11.918397239722838,3,1,0,1,1,2,0
Italy_200,0,0.0,0,1,1,1,1,1,0
Iceland_32,0,0.0,0,0,0,0,1,0,0
Slovenia_19,0,0.0,0,0,0,0,0,0,0
Norway_64,0,0.0,0,1,1,1,1,1,0
Romania_60,1,6.904168855446716,1,1,0,0,1,2,0
Iceland_79,0,0.0,0,0,0,0,1,0,0
Greece_48,1,5.017279836814924,1,1,0,0,1,2,0
Romania_77,1,8.507142855562735,1,1,0,1,1,2,0
Spain_121,1,9.210440366976517,1,1,0,1,1,2,0
Spain_375,1,10.308985993422082,2,1,0,1,0,2,0
Spain_350,1,8.517393171418904,1,1,0,0,1,2,0
Spain_559,1,8.006700845440367,1,1,0,1,1,2,0
Spain_114,1,10.819798284210286,2,1,0,1,0,2,0
Iceland_21,0,0.0,0,0,1,0,1,0,0
Norway_67,1,12.312686874960354,3,1,0,1,0,2,0
Greece_58,1,1.791759469228055,1,0,0,0,0,1,0
Spain_442,1,10.819798284210286,2,1,0,1,1,2,0
Sweden_47,0,0.0,0,1,1,0,1,1,0
Spain_611,0,0.0,0,0,1,0,1,0,0
Slovenia_24,0,0.0,0,0,0,0,1,0,0
Spain_236,1,12.100717685412471,3,1,0,0,1,2,0
Romania_13,1,8.294299608857235,1,1,0,1,1,2,0
Sweden_8,1,9.76428295481558,2,0,0,0,0,1,0
Netherlands_36,1,8.699681400989514,1,1,0,1,1,2,0
Spain_18,0,0.0,0,0,0,0,1,0,0
Spain_618,0,,-1,1,1,1,1,1,1
Iceland_47,0,0.0,0,1,1,1,1,1,0
France_34,1,12.611541086966115,3,1,0,1,1,2,0
Spain_468,1,14.058457520888082,4,1,0,1,1,2,0
Italy_264,1,9.210440366976517,1,1,0,1,1,2,0
Iceland_92,0,0.0,0,1,1,1,1,1,0
Portugal_10,1,12.04355959836804,3,1,0,1,1,2,0
Iceland_95,1,10.839600519357369,2,1,0,1,1,2,0
Slovenia_63,0,0.0,0,0,0,1,0,0,0
Finland_30,1,10.12667110305036,2,1,0,1,1,2,0
France_37,1,14.220976332738882,4,1,0,1,0,2,0
Italy_177,1,9.210440366976517,1,1,0,1,1,2,0
Spain_415,1,10.819798284210286,2,1,0,1,0,2,0
Luxembourg_24,0,0.0,0,1,1,0,1,1,0
Spain_241,1,8.517393171418904,1,1,0,1,1,2,0
Spain_99,0,0.0,0,0,0,0,1,0,0
Spain_214,0,0.0,0,0,1,1,1,0,0
Italy_29,1,7.601402334583733,1,1,0,1,1,2,0
Italy_145,1,5.707110264748875,1,1,0,1,1,2,0
Norway_79,0,0.0,0,0,0,0,1,0,0
Romania_83,1,7.601402334583733,1,0,0,0,0,1,0
Spain_609,0,,-1,0,0,0,0,0,1
Spain_196,0,0.0,0,0,0,1,1,0,0
Hungary_27,1,7.170888478512505,1,1,0,1,1,2,0
Italy_167,1,12.388398368982115,3,1,0,1,1,2,0
Greece_41,1,8.517393171418904,1,1,0,1,1,2,0
Norway_80,0,0.0,0,0,0,0,1,0,0
Italy_228,1,11.225256725762893,2,1,0,1,1,2,0
Germany_17,1,6.90875477931522,1,0,0,0,1,1,0
Italy_66,1,17.093182623590266,4,1,0,1,1,2,0
Italy_303,1,9.210440366976517,1,1,0,1,1,2,0
Norway_26,1,8.806274284781725,1,1,0,1,1,2,0
Spain_235,1,6.90875477931522,1,1,0,1,0,2,0
Norway_66,0,0.0,0,0,0,0,1,0,0
Sweden_32,0,0.0,0,1,1,0,1,1,0
Spain_72,0,0.0,0,1,1,1,1,1,0
Slovenia_40,0,,-1,0,0,0,0,0,1
Spain_421,1,10.165890277802454,2,1,0,1,1,2,0
Spain_496,0,0.0,0,1,1,1,1,1,0
Italy_51,0,,-1,1,1,1,1,1,1
United Kingdom_30,0,0.0,0,1,1,1,1,1,0
Romania_78,1,7.59653292702414,1,1,0,1,1,2,0
Spain_387,1,9.90353755128617,2,1,0,1,1,2,0
Spain_199,1,6.398594934535208,1,1,0,1,1,2,0
Sweden_53,1,14.98458162093638,4,1,0,1,1,2,0
Poland_20,1,10.043292972227004,2,1,0,1,1,2,0
Italy_32,1,9.210440366976517,1,1,0,1,1,2,0
Iceland_50,0,0.0,0,1,1,1,1,1,0
Italy_143,1,8.517393171418904,1,1,0,1,1,2,0
Spain_220,1,6.2166061010848646,1,1,0,1,1,2,0
Italy_13,1,8.006700845440367,1,1,0,1,1,2,0
Romania_86,1,6.90875477931522,1,1,0,1,0,2,0
Romania_5,1,6.2166061010848646,1,1,0,1,1,2,0
France_69,1,11.918397239722838,3,1,0,1,0,2,0
Spain_210,1,12.206077645517674,3,1,0,1,1,2,0
Spain_186,0,0.0,0,0,0,0,1,0,0
Greece_2,0,,-1,0,0,0,1,0,1
Spain_427,1,6.803505257608338,1,1,0,1,1,2,0
Spain_403,1,4.330733340286331,1,1,0,1,1,2,0
Greece_37,0,0.0,0,1,1,0,1,1,0
Hungary_34,1,11.418625774449596,2,1,0,1,1,2,0
Italy_296,1,6.795412667344654,1,1,0,1,1,2,0
Romania_70,1,7.824445930877619,1,1,0,1,1,2,0
Hungary_19,1,9.472781556562168,2,1,1,1,1,2,0
Ireland_22,1,10.596659732783579,2,0,0,0,1,1,0
Spain_349,0,0.0,0,1,1,1,0,1,0
Spain_63,1,9.210440366976517,1,1,0,1,1,2,0
Italy_207,1,8.517393171418904,1,1,0,0,1,2,0
Romania_59,1,4.61512051684126,1,1,0,1,1,2,0
Ireland_19,0,0.0,0,1,1,1,1,1,0
Spain_180,1,10.645448706505872,2,1,0,1,1,2,0
Latvia_1,1,6.90875477931522,1,1,0,1,1,2,0
United Kingdom_23,1,13.279368835614243,3,1,0,1,0,2,0
Netherlands_26,1,13.171155446333852,3,1,0,1,1,2,0
Italy_48,0,0.0,0,0,0,1,1,0,0
Iceland_68,0,0.0,0,0,0,0,1,0,0
Romania_121,1,1.791759469228055,1,1,0,1,0,2,0
Italy_253,0,0.0,0,1,1,1,1,1,0
Spain_245,0,0.0,0,1,1,1,1,1,0
Netherlands_22,1,13.038983942375959,3,1,0,1,0,2,0
Romania_16,1,8.006700845440367,1,1,1,1,1,2,0
Spain_438,1,11.225256725762893,2,1,0,1,1,2,0
Spain_398,1,11.002116507732017,2,1,0,1,1,2,0
Spain_91,1,1.791759469228055,1,1,0,1,1,2,0
Italy_306,1,8.987321812850125,1,1,0,1,1,2,0
Italy_307,1,10.819798284210286,2,1,0,1,1,2,0
Spain_603,0,0.0,0,0,1,0,1,0,0
Finland_38,1,10.859018228147887,2,1,0,1,1,2,0
United Kingdom_17,1,14.195658541848598,4,1,0,1,1,2,0
Hungary_3,0,0.0,0,0,0,0,0,0,0
Finland_24,0,0.0,0,0,1,1,1,0,0
Spain_110,1,9.210440366976517,1,1,0,1,0,2,0
Romania_163,1,7.601402334583733,1,1,0,1,1,2,0
Spain_556,1,9.90353755128617,2,1,0,1,1,2,0
Italy_291,0,0.0,0,1,1,1,1,1,0
Spain_289,0,0.0,0,1,1,1,1,1,0
Romania_90,1,7.596151190116595,1,0,0,0,0,1,0
Norway_41,1,10.010142230404668,2,1,0,1,1,2,0
Spain_320,0,0.0,0,1,1,1,1,1,0
Italy_110,1,10.596659732783579,2,1,0,0,1,2,0
France_27,0,,-1,0,1,0,1,0,1
Italy_254,0,,-1,1,1,1,1,1,1
Spain_342,1,10.12667110305036,2,1,0,1,1,2,0
Greece_81,1,6.90875477931522,1,1,0,1,1,2,0
Italy_204,1,6.2166061010848646,1,1,0,1,1,2,0
Iceland_9,0,0.0,0,1,1,1,1,1,0
Italy_286,1,8.517393171418904,1,1,0,1,1,2,0
Iceland_42,1,10.068408594649915,2,1,0,1,0,2,0
Spain_269,0,0.0,0,1,1,0,1,1,0
Spain_308,1,10.691967639914864,2,1,0,1,1,2,0
Italy_276,0,0.0,0,0,1,1,1,0,0
Romania_18,1,8.517393171418904,1,1,0,1,1,2,0
Lithuania_2,1,9.61587214452889,2,1,0,1,0,2,0
Romania_154,1,6.90875477931522,1,1,0,0,1,2,0
Spain_412,1,7.496097345175956,1,1,0,1,1,2,0
Italy_141,0,0.0,0,1,1,0,1,1,0
United Kingdom_62,1,12.36308066783498,3,1,0,0,1,2,0
Greece_56,1,9.90353755128617,2,1,0,1,1,2,0
Romania_125,1,6.90875477931522,1,1,0,1,1,2,0
Italy_211,1,7.601402334583733,1,1,0,1,1,2,0
Greece_63,0,0.0,0,1,1,1,1,1,0
Greece_31,1,8.517393171418904,1,0,0,0,0,1,0
Italy_287,1,16.52356082573315,4,1,0,1,1,2,0
Slovenia_33,0,0.0,0,0,0,0,1,0,0
Italy_72,1,9.210440366976517,1,1,0,1,1,2,0
Spain_191,1,10.596659732783579,2,1,0,1,1,2,0
Spain_183,0,,-1,1,1,1,1,1,1
United Kingdom_54,1,11.669937760751914,3,0,0,0,1,1,0
Romania_157,1,7.601402334583733,1,1,1,0,1,2,0
Spain_280,0,0.0,0,0,0,0,1,0,0
Spain_212,1,10.819798284210286,2,1,0,1,0,2,0
Spain_32,0,0.0,0,0,0,0,1,0,0
Romania_8,1,10.085850775128717,2,0,0,0,0,1,0
Spain_574,1,7.496097345175956,1,1,0,1,1,2,0
Finland_27,0,0.0,0,0,0,0,1,0,0
Spain_495,1,11.156264806643742,2,1,0,1,1,2,0
Poland_24,1,9.99884318585288,2,1,0,1,0,2,0
United Kingdom_33,0,0.0,0,0,1,0,1,0,0
Germany_31,0,0.0,0,1,0,1,1,1,0
Romania_29,1,6.90875477931522,1,1,0,1,0,2,0
Romania_120,0,0.0,0,1,1,1,0,1,0
Spain_77,0,0.0,0,0,0,0,1,0,0
Italy_226,0,0.0,0,1,1,1,1,1,0
Slovenia_5,0,0.0,0,1,1,0,1,1,0
Netherlands_9,1,11.918397239722838,3,1,0,1,1,2,0
Spain_71,1,10.348205424565993,2,1,1,1,1,2,0
Spain_486,1,11.695255355062795,3,1,0,1,1,2,0
Romania_23,1,10.404293143019792,2,0,0,0,0,1,0
Spain_178,1,11.51293546492023,2,1,0,1,1,2,0
France_43,1,12.611541086966115,3,1,0,1,1,2,0
Italy_16,1,13.592368256649284,3,1,0,1,1,2,0
Slovenia_59,0,,-1,0,0,0,1,0,1
Hungary_44,1,7.170888478512505,1,0,0,0,1,1,0
Finland_5,1,9.680406499268875,2,0,0,0,0,1,0
France_25,0,0.0,0,1,1,0,1,1,0
Spain_446,0,0.0,0,1,1,0,1,1,0
Finland_43,0,0.0,0,1,1,1,1,1,0
Hungary_60,0,0.0,0,1,1,1,1,1,0
Greece_67,1,8.987321812850125,1,0,0,0,0,1,0
Greece_4,1,12.206077645517674,3,1,1,1,1,2,0
Romania_43,1,7.569576897499173,1,1,0,1,1,2,0
Spain_629,0,0.0,0,1,1,1,1,1,0
Germany_33,1,13.711693295323142,3,1,0,1,1,2,0
France_23,1,8.895766604056085,1,0,0,0,1,1,0
Netherlands_28,1,10.596659732783579,2,0,1,1,1,1,0
Romania_20,1,6.90875477931522,1,1,0,0,1,2,0
Hungary_5,1,6.255750041753367,1,1,0,1,1,2,0
Spain_56,0,0.0,0,0,0,0,1,0,0
Slovenia_44,0,0.0,0,0,0,0,1,0,0
Italy_305,1,11.51293546492023,2,1,0,1,1,2,0
Spain_140,1,12.429220196836383,3,1,0,1,1,2,0
Italy_135,1,10.819798284210286,2,1,0,1,1,2,0
Poland_61,1,13.386257701502586,3,1,0,1,1,2,0
Romania_165,1,8.517393171418904,1,1,0,1,1,2,0
Italy_102,1,7.601402334583733,1,1,0,0,1,2,0
Spain_273,0,0.0,0,1,1,1,1,1,0
Spain_282,1,8.517393171418904,1,1,0,1,0,2,0
Italy_55,1,9.90353755128617,2,1,0,1,1,2,0
United Kingdom_20,0,0.0,0,1,1,1,0,1,0
Romania_67,1,7.601402334583733,1,1,0,1,1,2,0
Italy_206,1,10.819798284210286,2,1,0,1,1,2,0
Italy_65,1,14.914123179965662,4,1,0,1,1,2,0
Hungary_8,1,7.8636512654486515,1,1,0,1,1,2,0
Romania_22,1,7.601402334583733,1,0,0,0,0,1,0
Italy_38,1,10.308985993422082,2,1,1,1,1,2,0
Spain_84,0,0.0,0,0,1,0,1,0,0
Italy_162,1,15.84775251982444,4,1,0,1,1,2,0
Romania_142,1,8.001689978099135,1,1,1,1,1,2,0
Spain_14,0,0.0,0,0,0,0,1,0,0
Finland_23,0,0.0,0,1,1,1,1,1,0
Spain_408,1,1.791759469228055,1,1,0,1,1,2,0
Norway_16,1,8.044305406990638,1,1,0,1,1,2,0
Ireland_27,1,20.9055873945737,4,0,0,0,1,1,0
Spain_323,1,7.601402334583733,1,1,0,1,1,2,0
Hungary_2,1,7.313886831633462,1,0,0,0,1,1,0
Romania_19,1,7.601402334583733,1,1,0,1,1,2,0
Spain_573,0,0.0,0,1,1,1,1,1,0
Italy_184,1,9.210440366976517,1,1,0,1,1,2,0
Poland_48,1,5.882988070771898,1,1,0,1,1,2,0
Italy_169,1,10.596659732783579,2,0,0,0,0,1,0
Spain_520,1,11.407576060361786,2,1,0,1,0,2,0
Spain_52,0,0.0,0,0,0,0,1,0,0
Greece_72,0,0.0,0,1,1,1,1,1,0
Sweden_34,0,0.0,0,1,1,1,0,1,0
Italy_45,1,15.320003201846868,4,1,0,1,1,2,0
Norway_36,0,0.0,0,1,1,1,0,1,0
Italy_95,1,10.165890277802454,2,1,0,1,1,2,0
Norway_58,0,0.0,0,0,0,0,1,0,0
Spain_49,1,10.085850775128717,2,1,0,1,1,2,0
Iceland_94,0,,-1,1,1,1,1,1,1
Romania_3,1,8.006700845440367,1,1,0,1,1,2,0
Romania_49,1,8.016093450874687,1,1,0,1,1,2,0
Italy_28,1,11.289794413577894,2,1,0,1,1,2,0
Spain_482,1,10.308985993422082,2,1,0,0,1,2,0
Ireland_10,0,0.0,0,1,1,1,1,1,0
Spain_362,1,11.225256725762893,2,1,0,1,1,2,0
Romania_44,1,7.5896392672633715,1,0,0,0,0,1,0
Hungary_14,0,0.0,0,1,1,0,1,1,0
Finland_18,0,0.0,0,1,1,1,1,1,0
United Kingdom_52,1,11.382258537274573,2,1,0,1,1,2,0
Spain_68,1,3.2188758248682006,1,1,0,1,1,2,0
Romania_150,1,8.517393171418904,1,1,0,1,1,2,0
Greece_12,0,,-1,0,0,0,1,0,1
Netherlands_32,0,0.0,0,1,1,1,1,1,0
Spain_13,0,0.0,0,0,0,0,1,0,0
Spain_577,1,11.51293546492023,2,1,0,1,1,2,0
Spain_101,1,11.156264806643742,2,1,0,1,1,2,0
Ireland_4,0,,-1,0,0,0,1,0,1
United Kingdom_56,1,11.507420339535736,2,1,0,0,1,2,0
Spain_301,1,11.790564777297387,3,1,0,1,1,2,0
Finland_26,0,0.0,0,0,0,0,1,0,0
Romania_14,1,8.276445594153667,1,1,0,1,1,2,0
Spain_472,0,0.0,0,1,1,1,1,1,0
Romania_41,1,8.289388795219834,1,1,0,1,0,2,0
Romania_76,1,7.596151190116595,1,1,0,1,1,2,0
Slovakia_1,0,0.0,0,1,1,0,1,1,0
Netherlands_8,1,8.922791623969637,1,1,0,1,0,2,0
Lithuania_12,1,14.684825818118206,4,1,0,1,1,2,0
Sweden_7,1,12.759960632315702,3,1,0,1,0,2,0
Spain_103,1,10.085850775128717,2,1,0,1,1,2,0
Spain_313,0,0.0,0,1,1,0,1,1,0
Spain_192,1,12.206077645517674,3,1,0,1,1,2,0
Sweden_46,0,,-1,0,0,0,1,0,1
Spain_608,0,,-1,0,0,0,0,0,1
France_12,0,0.0,0,0,1,1,0,0,0
Italy_46,0,0.0,0,1,1,1,1,1,0
Hungary_13,1,3.367295829986474,1,1,1,1,1,2,0
Iceland_18,0,,-1,0,0,0,0,0,1
Iceland_104,0,0.0,0,0,0,0,1,0,0
Italy_140,1,11.289794413577894,2,1,0,1,1,2,0
Spain_239,1,9.392745258631441,2,1,0,1,1,2,0
Spain_401,1,8.962007209588313,1,1,0,1,1,2,0
France_32,1,12.899222326086994,3,1,0,1,0,2,0
Poland_16,1,8.210939733379021,1,1,0,1,0,2,0
Iceland_76,0,0.0,0,0,0,0,1,0,0
Spain_197,1,10.491301994830229,2,1,1,1,1,2,0
Spain_126,1,11.51293546492023,2,1,0,1,1,2,0
Hungary_37,1,11.264476926102367,2,0,0,0,1,1,0
Iceland_54,1,11.267037714175425,2,1,0,1,1,2,0
Spain_338,1,11.225256725762893,2,1,0,1,1,2,0
Slovenia_28,0,0.0,0,0,0,0,1,0,0
Slovenia_61,1,8.741296282225147,1,1,0,1,1,2,0
Greece_54,1,3.58351893845611,1,1,1,1,1,2,0
Italy_132,0,0.0,0,1,1,1,0,1,0
Romania_110,1,9.45333360830287,2,1,0,1,1,2,0
Netherlands_39,1,10.308985993422082,2,1,0,1,1,2,0
Poland_11,0,,-1,0,0,0,0,0,1
Romania_84,1,1.087847893220922,1,1,0,0,1,2,0
Finland_9,1,6.411818267709897,1,1,0,1,1,2,0
Poland_5,1,10.054361440970256,2,1,0,0,1,2,0
France_42,1,13.592368256649284,3,1,0,1,1,2,0
Romania_6,1,8.006700845440367,1,1,0,1,1,2,0
Romania_100,1,7.601402334583733,1,1,0,0,1,2,0
Italy_260,1,9.210440366976517,1,0,0,0,0,1,0
Iceland_88,0,0.0,0,0,0,0,1,0,0
Spain_152,1,13.997832948091215,4,1,0,1,1,2,0
Spain_78,1,13.304686600863562,3,1,0,1,1,2,0
Ireland_44,1,20.088387566397234,4,1,0,1,1,2,0
France_48,1,17.50439003707821,4,1,0,1,1,2,0
United Kingdom_58,0,,-1,0,0,0,0,0,1
Spain_102,0,0.0,0,0,1,0,1,0,0
Finland_6,0,0.0,0,1,1,1,1,1,0
Malta_10,0,,-1,0,0,0,1,0,1
Romania_17,1,11.156264806643742,2,1,0,1,0,2,0
Norway_70,0,0.0,0,1,1,1,1,1,0
Greece_80,1,10.308985993422082,2,1,1,1,1,2,0
Hungary_56,1,12.206077645517674,3,1,0,1,1,2,0
Spain_143,1,5.707110264748875,1,1,0,1,1,2,0
Spain_159,1,10.645448706505872,2,1,0,1,0,2,0
Spain_165,1,12.206077645517674,3,1,0,1,1,2,0
Hungary_17,1,4.875197323201151,1,1,1,1,1,2,0
Italy_312,0,0.0,0,0,0,0,1,0,0
Greece_13,1,8.517393171418904,1,1,0,1,1,2,0
Germany_19,0,0.0,0,0,1,0,1,0,0
Italy_97,1,8.517393171418904,1,1,0,1,1,2,0
Greece_101,0,0.0,0,0,0,0,1,0,0
Poland_45,1,9.798182590890704,2,1,0,1,0,2,0
Italy_93,0,0.0,0,0,0,0,1,0,0
Spain_540,0,0.0,0,1,1,1,1,1,0
Romania_123,1,1.3862943611198906,1,1,0,1,1,2,0
France_41,1,16.811242881518265,4,0,0,0,0,1,0
Poland_37,1,8.657129031713755,1,1,0,1,1,2,0
Poland_21,1,11.794576386540097,3,1,0,1,1,2,0
Poland_60,1,9.350189267092581,2,1,0,1,1,2,0
Norway_28,0,0.0,0,1,1,1,1,1,0
Poland_62,1,10.760474040511141,2,1,0,1,1,2,0
Spain_31,0,0.0,0,0,0,0,1,0,0
Italy_111,1,9.210440366976517,1,1,0,0,1,2,0
Greece_111,1,8.006700845440367,1,1,0,1,1,2,0
Spain_392,1,10.491301994830229,2,1,0,1,1,2,0
Italy_193,0,0.0,0,1,1,1,1,1,0
Portugal_13,0,0.0,0,1,1,0,1,1,0
Spain_430,0,0.0,0,1,1,1,1,1,0
Sweden_27,0,0.0,0,0,0,0,1,0,0
Spain_45,1,8.006700845440367,1,1,0,0,1,2,0
Italy_138,1,8.517393171418904,1,1,0,1,1,2,0
Spain_206,1,8.517393171418904,1,1,0,1,1,2,0
Greece_75,1,7.601402334583733,1,0,0,0,0,1,0
Italy_313,1,9.952325334619427,2,0,0,0,0,1,0
Spain_346,1,6.398594934535208,1,1,0,0,1,2,0
Greece_18,1,9.210440366976517,1,1,1,1,1,2,0
Romania_74,1,8.006700845440367,1,1,0,1,1,2,0
France_28,1,13.122365377402328,3,0,0,0,1,1,0
Italy_159,1,9.90353755128617,2,1,0,1,1,2,0
Spain_309,0,0.0,0,1,1,1,1,1,0
Spain_441,1,11.156264806643742,2,1,0,1,1,2,0
Spain_335,1,7.496097345175956,1,1,0,1,1,2,0
Spain_394,0,0.0,0,1,1,1,1,1,0
Iceland_57,0,0.0,0,1,1,1,1,1,0
Italy_309,1,8.006700845440367,1,1,0,0,1,2,0
